air_conditioning-amenity,area,balcony-or-terrace-amenity,building_type,cctv-security-amenity,central-heating-amenity,elevators-in-building-amenity,emergency_stairs-amenity,fitness_center-amenity,floor,garage,lawn-or-garden-amenity,generator-amenity,government_gas-amenity,interior,land_size,num_balcony,num_bath_rooms,num_bed_rooms,parking-spaces-amenity,pets_allow-amenity,price,property_url,reception-amenity,security-amenity,servant_room-amenity,purpose,swimming-pool-amenity,tv_cable-amenity,unit,wifi-amenity,year_built,building_nature,city,address,property_description,property_overview
,1380.0,,Apartment,yes,,yes,yes,,5th,1.0,,yes,,Un-Furnished,3.5 Katha,4.0,3,3,yes,,9800000.0,https://iqibd.com/properties/306,yes,yes,,Sale,,yes,Single Unit,yes,2019.0,Residential,,Aftabnagar,,
,1470.0,,Apartment,,,yes,yes,,9th,1.0,,yes,,Un-Furnished,5 Katha,3.0,3,3,yes,,9500000.0,https://iqibd.com/properties/295,yes,yes,,Sale,,yes,9A & 9B,,2023.0,Residential,,Mirpur,,
,1500.0,,Apartment,yes,,yes,yes,,4th,1.0,,yes,yes,Un-Furnished,3 Katha,4.0,4,3,yes,,10500000.0,https://iqibd.com/properties/298,yes,yes,,Sale,,yes,4A,yes,2023.0,Residential,,Mohammadpur,,
yes,5100.0,yes,Apartment,yes,yes,yes,yes,yes,6th,4.0,yes,yes,yes,Un-Furnished,11.5 Katha,4.0,6,5,yes,yes,139150000.0,https://iqibd.com/properties/300,yes,yes,,Sale,yes,yes,C6,yes,2023.0,Residential,,Baridhara,,
,710.0,,Apartment,,,,yes,,5th,,,yes,yes,Un-Furnished,12 Katha,2.0,2,2,,,4500000.0,https://iqibd.com/properties/297,yes,yes,,Sale,,,,,2010.0,Residential,,Mohammadpur,,
,1400.0,,Apartment,yes,,yes,yes,,8th,1.0,,yes,,Un-Furnished,3 Katha,3.0,3,3,yes,,8500000.0,https://iqibd.com/properties/296,yes,yes,,Sale,,yes,8A,yes,2022.0,Residential,,Mohammadpur,,
,2080.0,,Apartment,,,yes,yes,,5th,1.0,,yes,,Un-Furnished,3.5 Katha,4.0,4,4,yes,,18000000.0,https://iqibd.com/properties/301,yes,yes,,Sale,,yes,,yes,2023.0,Residential,,Aftabnagar,,
,1900.0,,Apartment,,,yes,yes,,4th,1.0,,yes,yes,Un-Furnished,8 Katha,2.0,5,4,yes,,14000000.0,https://iqibd.com/properties/302,,yes,,Sale,,yes,"A4,B4",yes,2010.0,Residential, Dhaka,Malibagh,,
,1390.0,,Apartment,yes,,yes,yes,,4th,1.0,,yes,,Un-Furnished,16 Katha,2.0,3,3,yes,,9500000.0,https://iqibd.com/properties/299,yes,yes,,Sale,,yes,4C,yes,2023.0,Residential,,Mohammadpur,,
,1095.0,,Apartment,,,yes,yes,,3rd,1.0,,yes,,Un-Furnished,5.33 Katha,3.0,3,3,yes,,9000000.0,https://iqibd.com/properties/303,yes,yes,,Sale,,yes,A3,yes,2023.0,Residential,,Mogbazar,,
,1250.0,,Apartment,,,yes,yes,,1st,1.0,,yes,,Un-Furnished,4 Katha,2.0,3,3,yes,,10500000.0,https://iqibd.com/properties/304,yes,yes,,Sale,,,B1,,2024.0,Residential,,Mogbazar,,
,1847.0,,Apartment,yes,,yes,yes,,9th,1.0,,yes,,Un-Furnished,22 Katha,4.0,4,3,yes,,14500000.0,https://iqibd.com/properties/305,yes,yes,,Sale,,yes,G9,yes,2017.0,Residential,,Mogbazar,,
,1300.0,,Apartment,,,yes,yes,,6th,1.0,,yes,,Un-Furnished,4.36 Katha,3.0,3,3,yes,,11200000.0,https://iqibd.com/properties/283,yes,yes,,Sale,,yes,B6,yes,2018.0,Residential,,Banasree,,
,1275.0,,Apartment,yes,,yes,yes,,4th,1.0,,yes,,Un-Furnished,8.46 Katha,3.0,3,3,,,10600000.0,https://iqibd.com/properties/284,yes,yes,,Sale,,,4B,,2023.0,Residential,,Banasree,,
,1600.0,,Apartment,yes,,yes,yes,,9th,1.0,,yes,,Un-Furnished,8.46 Katha,4.0,3,3,,,13200000.0,https://iqibd.com/properties/285,yes,yes,,Sale,,,9A,,2023.0,Residential,,Banasree,,
,1395.0,,Apartment,,,,yes,,6th,1.0,,yes,,Un-Furnished,8.46 Katha,2.0,3,3,,,11600000.0,https://iqibd.com/properties/286,yes,yes,,Sale,,,6c,,2023.0,Residential,,Banasree,,
yes,4790.0,,Apartment,yes,yes,yes,yes,,6th,2.0,,yes,yes,Un-Furnished,14 Katha,3.0,4,4,yes,,73000000.0,https://iqibd.com/properties/287,yes,yes,,Sale,,yes,6A,yes,2009.0,Residential,,Gulshan,,
,1470.0,,Apartment,,,yes,yes,,6th,1.0,,yes,,Un-Furnished,5 Katha,3.0,3,3,,,10000000.0,https://iqibd.com/properties/288,yes,yes,,Sale,,,,,2023.0,Residential,,Mirpur,,
,720.0,,Apartment,,,yes,yes,,5th,,,yes,yes,Un-Furnished,12 Katha,2.0,2,2,,,4500000.0,https://iqibd.com/properties/289,yes,yes,,Sale,,,,,2010.0,Residential,,Mohammadpur,,
,2300.0,,Apartment,,,yes,yes,,3rd,1.0,,yes,,Un-Furnished,,,4,4,yes,,23000000.0,https://iqibd.com/properties/290,yes,yes,,Sale,,yes,,yes,2022.0,Residential,,Mohammadpur,,
,1972.0,,Apartment,yes,,yes,yes,,2nd,1.0,,yes,,Un-Furnished,11 Katha,3.0,3,3,yes,,9900000.0,https://iqibd.com/properties/291,yes,yes,,Sale,,yes,2C,yes,2023.0,Residential, Dhaka,Dhanmondi,,
,1290.0,,Apartment,yes,,yes,yes,,2nd,1.0,,yes,,Un-Furnished,"5,5 Katha",2.0,3,3,,,15500000.0,https://iqibd.com/properties/292,yes,yes,,Sale,,yes,2B,yes,2023.0,Residential, Dhaka,Dhanmondi,,
,975.0,,Apartment,,,yes,yes,,2nd,,,yes,,Un-Furnished,"5,75 Katha",2.0,2,2,yes,,9200000.0,https://iqibd.com/properties/293,yes,yes,,Sale,,yes,2C,yes,2020.0,Residential, Dhaka,Dhanmondi,,
,2110.0,,Apartment,,,yes,yes,,8th & 9th,1.0,,yes,,Un-Furnished,3.63 Katha,3.0,4,4,yes,,21000000.0,https://iqibd.com/properties/282,yes,yes,,Sale,,yes,Single,yes,2024.0,Residential,,Banasree,,
,1650.0,,Apartment,yes,,yes,yes,,9th,1.0,,yes,,Un-Furnished,5 Katha,2.0,3,3,yes,,11000000.0,https://iqibd.com/properties/294,yes,yes,,Sale,,,9A,yes,2023.0,Residential,,Mirpur,,
,1071.0,,Apartment,,,yes,,,4th,,,yes,,Un-Furnished,16 katha,,2,3,,,5500000.0,https://iqibd.com/properties/270,,yes,,Sale,,,,yes,2018.0,Residential,,Badda,,
,832.0,,Apartment,,,yes,yes,,5th,,,yes,,Un-Furnished,5.5 katha,2.0,2,2,,,3800000.0,https://iqibd.com/properties/272,yes,yes,,Sale,,yes,c5,yes,2018.0,Residential,,Badda,,
,1296.0,,Apartment,,,yes,yes,,7th,,,yes,,Un-Furnished,5.5 katha,2.0,3,3,,,6000000.0,https://iqibd.com/properties/273,,yes,,Sale,,yes,,yes,2018.0,Residential,,Badda,,
yes,1300.0,,Apartment,,,yes,yes,,6th & 7th,1.0,,yes,,Un-Furnished,,2.0,3,3,yes,,12500000.0,https://iqibd.com/properties/274,yes,yes,,Sale,,yes,,yes,2023.0,Residential, Dhaka,Khilgaon,,
,1550.0,,Apartment,yes,,yes,yes,,6th,1.0,,yes,,Un-Furnished,30 Sotangsho,2.0,3,3,yes,,8500000.0,https://iqibd.com/properties/275,yes,yes,,Sale,,,5C,yes,2016.0,Residential,,Uttara,,
,5400.0,,Commercial property,,,yes,yes,,"1st,2nd,3rd,4th,5th,6th,7th,8th",,,yes,,Un-Furnished,10 Katha,,0,0,,,86400000.0,https://iqibd.com/properties/276,,yes,,Sale,,,Single,yes,2025.0,Commercial,,Shagun Bagicha,,
,1830.0,yes,Apartment,,,yes,yes,,4th,1.0,,yes,yes,semi-Furnished,7.5 Katha,2.0,3,3,yes,,25000000.0,https://iqibd.com/properties/278,yes,,,Sale,,yes,4B,yes,2018.0,Residential,,Uttara,,
,1820.0,,Apartment,yes,,yes,yes,,6th,1.0,,yes,,Un-Furnished,4.76 Katha,3.0,3,3,yes,,23500000.0,https://iqibd.com/properties/277,yes,yes,,Sale,,yes,A6,yes,2023.0,Residential,,Mogbazar,,
,2201.0,,Apartment,,,,yes,,2nd & 5th,1.0,,yes,,Un-Furnished,36 Katha,3.0,4,4,yes,,13000000.0,https://iqibd.com/properties/279,yes,yes,,Sale,,yes,D-2 & E-5,yes,2022.0,Residential, Dhaka,Khilgaon,,
,1490.0,,Apartment,,,,yes,,"4th,6th,8th & 10th",1.0,,yes,,Un-Furnished,12 Katha,3.0,4,3,yes,,9600000.0,https://iqibd.com/properties/280,yes,yes,,Sale,,,"A-4,B-4,A-10,B-10,C-8,C-6",,2023.0,Residential,,Rampura,,
,1200.0,,Apartment,,,yes,yes,,7th,1.0,,yes,,Un-Furnished,5.5 Katha,2.0,2,3,yes,,7500000.0,https://iqibd.com/properties/281,yes,yes,,Sale,,,7B,yes,2018.0,Residential,,Mirpur,,
,1113.0,,Apartment,,,yes,,,7th,,,yes,,Un-Furnished,16 katha,,2,3,,,5600000.0,https://iqibd.com/properties/269,,yes,,Sale,,,,yes,2018.0,Residential,,Badda,,
,1405.0,,Apartment,,,yes,yes,,1st,1.0,,yes,yes,Un-Furnished,40 Katha,4.0,3,3,yes,,9000000.0,https://iqibd.com/properties/258,yes,yes,,Sale,,yes,J1,yes,2020.0,Residential,,Rampura,,
,1369.0,,Apartment,yes,,yes,yes,,7th,1.0,,yes,,Un-Furnished,,3.0,3,3,yes,,8700000.0,https://iqibd.com/properties/260,yes,yes,,Sale,,,C7,yes,2023.0,Residential,,Badda,,
,1600.0,,Apartment,,,yes,yes,,7th,1.0,,yes,,Un-Furnished,5 Katha,3.0,3,3,yes,,11500000.0,https://iqibd.com/properties/259,yes,yes,,Sale,,yes,,yes,2022.0,Residential,,Aftabnagar,,
,1387.0,,Apartment,yes,,yes,yes,,6th,1.0,,yes,,Un-Furnished,,3.0,3,3,yes,,8800000.0,https://iqibd.com/properties/261,yes,yes,,Sale,,yes,E6,yes,2023.0,Residential,,Badda,,
,1380.0,,Apartment,,,yes,yes,,"3rd,7th & 9th",1.0,,yes,,Un-Furnished,6 Katha,2.0,3,3,yes,,8500000.0,https://iqibd.com/properties/262,yes,yes,,Sale,,yes,"3A,3B,7A,7B,9A,9B",yes,2023.0,Residential,,Mirpur,,
,1280.0,,Apartment,yes,,yes,yes,,1st,1.0,,yes,yes,Un-Furnished,4 Katha,2.0,3,3,yes,,9500000.0,https://iqibd.com/properties/264,yes,yes,,Sale,,yes,A1,yes,2012.0,Residential,,Bashundhara,,
,2000.0,,Apartment,yes,yes,yes,yes,,1st & 9th,1.0,,,,Un-Furnished,4.44 Katha,2.0,3,3,yes,,18000000.0,https://iqibd.com/properties/263,yes,yes,,Sale,,yes,Single,yes,2023.0,Residential,,Bashundhara,,
,1365.0,,Apartment,yes,,yes,yes,,2nd,1.0,,yes,yes,Un-Furnished,5 Katha,3.0,3,3,yes,,10000000.0,https://iqibd.com/properties/265,,yes,,Sale,,yes,,yes,2022.0,Residential,,Mirpur,,
,1550.0,,Apartment,yes,,yes,yes,,5th,1.0,,yes,,Un-Furnished,5 Katha,3.0,4,3,yes,,19000000.0,https://iqibd.com/properties/266,yes,yes,,Sale,,yes,5B,yes,2018.0,Residential, Dhaka,Malibagh,,
,1387.0,,Apartment,,,yes,yes,,6th,1.0,,yes,,Un-Furnished,14.5 Katha,3.0,3,3,yes,,9200000.0,https://iqibd.com/properties/268,yes,yes,,Sale,,yes,E6,yes,2023.0,Residential,,Badda,,
,1369.0,,Apartment,,,yes,yes,,7th,1.0,,yes,,Un-Furnished,14.5 Katha,3.0,3,3,yes,,9200000.0,https://iqibd.com/properties/267,yes,yes,,Sale,,yes,C7,yes,2023.0,Residential,,Badda,,
,1300.0,,Apartment,yes,,yes,yes,,9th,,,yes,,Un-Furnished,5 Katha,2.0,3,3,,,11000000.0,https://iqibd.com/properties/257,yes,yes,,Sale,,yes,A-9,yes,2021.0,Residential,,Aftabnagar,,
,1812.0,,Apartment,,,yes,yes,,5th & 6th,1.0,,yes,,Un-Furnished,4 Katha,3.0,3,3,yes,,16000000.0,https://iqibd.com/properties/247,yes,yes,,Sale,,yes,Single,yes,2023.0,Residential,,Bashundhara,,
,1990.0,,Apartment,,yes,,yes,,2nd,1.0,yes,yes,,Un-Furnished,4 Katha,3.0,4,4,yes,,18000000.0,https://iqibd.com/properties/246,yes,yes,,Sale,,yes,Single,yes,2022.0,Residential,,Bashundhara,,
,2200.0,,Apartment,yes,,yes,yes,,"1st,3rd,5th & 6th",1.0,,yes,,Un-Furnished,5 Katha,3.0,4,3,yes,,18000000.0,https://iqibd.com/properties/249,yes,yes,,Sale,,yes,Single,yes,2022.0,Residential,,Bashundhara,,
,2190.0,yes,Apartment,yes,,yes,yes,,9th,1.0,,yes,,Un-Furnished,10 Katha,7.0,4,3,yes,,21000000.0,https://iqibd.com/properties/250,yes,yes,,Sale,,yes,9B,yes,2019.0,Residential,,Bashundhara,,
,2150.0,,Apartment,,,yes,yes,,"2nd,4th,6th,8th & 9th",1.0,,yes,,Un-Furnished,5 Katha,4.0,4,4,yes,,18000000.0,https://iqibd.com/properties/248,yes,yes,,Sale,,yes,Single,yes,2023.0,Residential,,Bashundhara,,
,1445.0,,Apartment,yes,,,yes,,3rd,1.0,,yes,yes,Un-Furnished,4 Katha,2.0,3,3,,,10000000.0,https://iqibd.com/properties/251,yes,yes,,Sale,,yes,,yes,2016.0,Residential,,Mirpur,,
,2650.0,,Apartment,,,yes,yes,,2nd,2.0,,yes,,Un-Furnished,5 Katha,4.0,5,5,yes,,18800000.0,https://iqibd.com/properties/252,yes,yes,,Sale,,yes,Single,yes,2020.0,Residential,,Uttara,,
,1250.0,,Apartment,yes,,yes,yes,,5th,,,yes,,Un-Furnished,3.85 Katha,3.0,3,3,,,8500000.0,https://iqibd.com/properties/253,yes,yes,,Sale,,yes,5A,yes,2022.0,Residential,,Mirpur,,
,1450.0,,Apartment,yes,,yes,yes,,3rd,1.0,,yes,,Un-Furnished,2.5 Katha,2.0,3,3,yes,,9800000.0,https://iqibd.com/properties/255,yes,yes,,Sale,,yes,Single,yes,2023.0,Residential,,Aftabnagar,,
,1737.0,,Apartment,yes,,yes,yes,,1st,1.0,,,,Un-Furnished,12 Katha,4.0,4,3,yes,,13000000.0,https://iqibd.com/properties/254,yes,yes,,Sale,,,B-1,yes,2020.0,Residential,,Mirpur,,
,1250.0,,Apartment,yes,,yes,yes,,7th,,,yes,,Un-Furnished,8 Katha,3.0,3,3,,,9200000.0,https://iqibd.com/properties/256,yes,yes,,Sale,,yes,8B,yes,2023.0,Residential,,Aftabnagar,,
,1750.0,,Apartment,yes,,yes,yes,,2nd & 6th,1.0,,yes,,Un-Furnished,3 Katha,3.0,3,3,yes,,17500000.0,https://iqibd.com/properties/245,yes,yes,,Sale,,yes,Single,yes,2022.0,Residential,,Bashundhara,,
,1020.0,yes,Apartment,yes,,yes,yes,,5tt & 8th,1.0,,yes,,Un-Furnished,7.5 Katha,2.0,3,3,yes,,6000000.0,https://iqibd.com/properties/235,yes,yes,,Sale,,,A5 & C8,yes,2022.0,Residential, Dhaka,Khilgaon,,
,1245.0,yes,Apartment,yes,,yes,yes,,1st & 8th,1.0,,yes,,Un-Furnished,5 Katha,2.0,3,3,yes,,12500000.0,https://iqibd.com/properties/234,yes,yes,,Sale,,yes,"A1, A8, B8",yes,2022.0,Residential, Dhaka,Khilgaon,,
,1314.0,,Apartment,,,yes,yes,,5th,1.0,,yes,,Un-Furnished,10 Katha,3.0,3,3,yes,,5500000.0,https://iqibd.com/properties/236,yes,yes,,Sale,,yes,E1,yes,2023.0,Residential,,Mirpur,,
,3726.0,,Apartment,,,yes,yes,,6th & 7th,1.0,,yes,,Un-Furnished,,5.0,5,5,yes,,38500000.0,https://iqibd.com/properties/237,yes,yes,,Sale,,yes,Single,yes,2022.0,Residential,,Uttara,,
,1550.0,,Apartment,,,yes,yes,,2nd,1.0,,yes,,Un-Furnished,3.5 Katha,2.0,3,3,yes,,14000000.0,https://iqibd.com/properties/238,yes,yes,,Sale,,yes,Single,yes,2023.0,Residential,,Uttara,,
,1625.0,,Apartment,yes,,yes,yes,,1st,1.0,,yes,,Un-Furnished,3 Katha,3.0,3,4,yes,,14000000.0,https://iqibd.com/properties/239,yes,yes,,Sale,,yes,Single,yes,2023.0,Residential,,Banasree,,
,1469.0,,Apartment,,,yes,yes,,8th,1.0,,yes,,Un-Furnished,,,3,3,yes,,9200000.0,https://iqibd.com/properties/240,yes,yes,,Sale,,yes,A8,yes,2016.0,Residential,,Badda,,
,2600.0,,Apartment,yes,,yes,yes,,5th,1.0,,yes,yes,Un-Furnished,3.5 Katha,3.0,5,4,yes,,14500000.0,https://iqibd.com/properties/241,yes,yes,,Sale,,yes,Single,yes,,Residential,,Banasree,,
,900.0,,Apartment,yes,,yes,,,1st,,,yes,,Un-Furnished,,,2,3,,,6000000.0,https://iqibd.com/properties/242,yes,yes,,Sale,,yes,,yes,,Residential,,Badda,,
,1302.0,,Apartment,yes,,yes,yes,,4th,1.0,,yes,yes,Un-Furnished,12 Katha,,2,3,yes,,7600000.0,https://iqibd.com/properties/243,yes,yes,,Sale,,yes,,yes,2019.0,Residential,,Badda,,
,1350.0,,Apartment,yes,,yes,yes,,5th,1.0,,yes,,Un-Furnished,,,3,3,yes,,9800000.0,https://iqibd.com/properties/244,yes,yes,,Sale,,yes,,yes,,Residential,,Aftabnagar,,
,1500.0,,Apartment,yes,,yes,yes,,1st,1.0,,yes,,Un-Furnished,7 Katha,2.0,3,3,yes,,11500000.0,https://iqibd.com/properties/232,yes,yes,,Sale,,,A1,yes,2022.0,Residential,,Mohammadpur,,
,2250.0,,Apartment,yes,,yes,yes,,1st,1.0,,yes,,Un-Furnished,5 Katha,4.0,3,3,yes,,19000000.0,https://iqibd.com/properties/221,yes,yes,,Sale,,yes,Single,yes,2021.0,Residential,,Bashundhara,,
,1650.0,,Apartment,yes,,yes,yes,,"2nd,6th,7th",1.0,,yes,,Un-Furnished,4 Katha,3.0,3,3,yes,,13000000.0,https://iqibd.com/properties/223,yes,yes,,Sale,,yes,Single,yes,2023.0,Residential,,Bashundhara,,
,1455.0,,Apartment,yes,,yes,yes,,5th,1.0,,yes,yes,Un-Furnished,7.5 Katha,3.0,3,3,yes,,10000000.0,https://iqibd.com/properties/222,yes,yes,,Sale,,yes,5B,yes,2013.0,Residential,,Bashundhara,,
,900.0,,Apartment,yes,,yes,,,1st,,,yes,,Un-Furnished,10 Katha,2.0,2,2,,,6900000.0,https://iqibd.com/properties/224,,yes,,Sale,,,D1,yes,2021.0,Residential,,Mohammadpur,,
,925.0,,Apartment,yes,,yes,yes,,5th,1.0,,yes,,Un-Furnished,5 Katha,2.0,2,2,yes,,4500000.0,https://iqibd.com/properties/225,yes,yes,,Sale,,yes,5B,yes,2010.0,Residential,,Mohammadpur,,
,1360.0,,Apartment,yes,,yes,yes,,6th,1.0,,yes,,Un-Furnished,5 Katha,3.0,3,3,yes,,8500000.0,https://iqibd.com/properties/226,yes,yes,,Sale,,yes,A7,yes,2020.0,Residential,,Mohammadpur,,
,1400.0,,Apartment,yes,,yes,yes,,2nd,1.0,,yes,,Un-Furnished,4.6 Katha,2.0,3,3,yes,,8600000.0,https://iqibd.com/properties/227,yes,yes,,Sale,,yes,2B,yes,2023.0,Residential,,Mohammadpur,,
,2400.0,,Apartment,,,yes,yes,,7th,1.0,,yes,yes,Un-Furnished,5 Katha,4.0,3,3,yes,,18500000.0,https://iqibd.com/properties/229,yes,yes,,Sale,,,Single,yes,2011.0,Residential,,Uttara,,
,1800.0,,Apartment,,,yes,yes,,"2nd,4th,6th.8th",1.0,,yes,,Un-Furnished,11 Katha,,3,3,yes,,16800000.0,https://iqibd.com/properties/230,yes,yes,,Sale,,,,yes,2023.0,Residential,,Bashundhara,,
,1775.0,,Apartment,yes,,yes,yes,,"2nd,4th,6th.8th",1.0,,yes,,Un-Furnished,11 Katha,,3,4,yes,,16200000.0,https://iqibd.com/properties/231,yes,yes,,Sale,,yes,,yes,2023.0,Residential,,Bashundhara,,
,2700.0,,Apartment,yes,,yes,yes,,1st,2.0,,yes,yes,Un-Furnished,5 Katha,2.0,4,4,yes,,22000000.0,https://iqibd.com/properties/220,yes,yes,,Sale,,yes,Single,yes,2018.0,Residential,,Bashundhara,,
,1860.0,,Apartment,yes,,yes,yes,,1st,1.0,,yes,yes,Un-Furnished,3.5 Katha,3.0,4,4,yes,,18000000.0,https://iqibd.com/properties/228,yes,yes,,Sale,,yes,A1,yes,2022.0,Residential,,Uttara,,
,1850.0,,Apartment,yes,,yes,yes,,9th,1.0,,yes,,Un-Furnished,3.25 Katha,3.0,4,2,yes,,25000000.0,https://iqibd.com/properties/209,yes,yes,,Sale,,yes,A6,yes,2022.0,Residential,,Lalmatia,,
,2982.0,,Apartment,yes,,yes,yes,,9th,1.0,,yes,,Un-Furnished,6 Katha,3.0,5,4,yes,,40000000.0,https://iqibd.com/properties/208,yes,yes,,Sale,,yes,A6,yes,2022.0,Residential,,Gulshan,,
,1160.0,,Apartment,yes,,yes,yes,,3rd,1.0,,yes,,Un-Furnished,3.65 Katha,2.0,3,3,yes,,6500000.0,https://iqibd.com/properties/210,yes,yes,,Sale,,yes,2B,yes,2022.0,Residential,,Mirpur,,
,1900.0,,Apartment,yes,,yes,yes,,4th,1.0,,yes,,Un-Furnished,3 Katha,2.0,4,4,yes,,15500000.0,https://iqibd.com/properties/211,yes,yes,,Sale,,yes,Single,yes,2014.0,Residential,,Banasree,,
,1700.0,,Apartment,yes,,yes,yes,,4th,1.0,,yes,,Un-Furnished,,3.0,4,4,yes,,13000000.0,https://iqibd.com/properties/212,yes,yes,,Sale,,yes,Single,yes,2022.0,Residential,,Badda,,
yes,7300.0,yes,Apartment,yes,,yes,yes,yes,3rd & 4th,1.0,yes,yes,,Un-Furnished,19.5 Katha,4.0,5,4,yes,,145000000.0,https://iqibd.com/properties/213,yes,yes,,Sale,yes,yes,3B & 4B,yes,2019.0,Residential,,Gulshan,,
,2900.0,yes,Apartment,yes,,yes,yes,,3rd,2.0,yes,yes,,Un-Furnished,14.95 Katha,3.0,4,4,yes,,50000000.0,https://iqibd.com/properties/214,yes,,,Sale,yes,yes,3B,yes,2022.0,Residential,,Gulshan,,
,1515.0,,Apartment,yes,,yes,yes,,2nd,1.0,,yes,yes,Un-Furnished,5 Katha,3.0,3,3,yes,,15000000.0,https://iqibd.com/properties/215,yes,yes,,Sale,,,2A & 2B,yes,2013.0,Residential,,Uttara,,
,2600.0,,Apartment,yes,,yes,yes,,7th,1.0,,yes,,Un-Furnished,5 Katha,4.0,5,4,yes,,22000000.0,https://iqibd.com/properties/218,yes,yes,,Sale,,,Single,yes,2022.0,Residential,,Uttara,,
,1300.0,,Apartment,yes,,yes,yes,,1st,1.0,,yes,,Un-Furnished,5 Katha,3.0,3,3,yes,,12000000.0,https://iqibd.com/properties/217,yes,yes,,Sale,,yes,A1,yes,2022.0,Residential,,Uttara,,
,1200.0,,Apartment,yes,,yes,yes,,4th,1.0,,yes,,Un-Furnished,5 Katha,3.0,3,3,yes,,14000000.0,https://iqibd.com/properties/219,yes,yes,,Sale,,yes,4A,yes,2022.0,Residential,,Uttara,,
,1091.0,,Apartment,yes,,yes,yes,,9th,1.0,,yes,,Un-Furnished,,2.0,3,3,,,6800000.0,https://iqibd.com/properties/207,yes,yes,,Sale,,yes,B2,yes,2012.0,Residential,,Badda,,
,1450.0,,Apartment,yes,,yes,yes,,7th,,,yes,,Un-Furnished,14.50 Katha,2.0,3,3,yes,,8200000.0,https://iqibd.com/properties/196,yes,yes,,Sale,,yes,C7,yes,2022.0,Residential,,Mirpur,,
,1200.0,,Apartment,yes,,yes,yes,,8th,,,yes,,Un-Furnished,14.50 Katha,2.0,3,3,,,6600000.0,https://iqibd.com/properties/197,yes,yes,,Sale,,yes,F8,yes,2022.0,Residential,,Mirpur,,
,1524.0,,Apartment,yes,,yes,yes,,3rd,1.0,,yes,,Un-Furnished,3.3 Katha,3.0,3,3,,,9200000.0,https://iqibd.com/properties/200,yes,yes,,Sale,,yes,Single,yes,2023.0,Residential,,Bashundhara,,
,1560.0,,Apartment,yes,,yes,yes,,1st,1.0,,yes,,Un-Furnished,3 Katha,3.0,3,3,yes,,11000000.0,https://iqibd.com/properties/199,yes,yes,,Sale,,yes,Single,yes,2012.0,Residential,,Bashundhara,,
,1524.0,,Apartment,yes,,yes,yes,,"1st,7th",1.0,,yes,,Un-Furnished,3.3 Katha,3.0,3,3,yes,,8800000.0,https://iqibd.com/properties/198,yes,yes,,Sale,,yes,Single,yes,2023.0,Residential,,Bashundhara,,
,2900.0,,Apartment,yes,,yes,yes,yes,8th,2.0,,yes,,Un-Furnished,,2.0,3,3,yes,,39000000.0,https://iqibd.com/properties/201,yes,yes,,Sale,yes,yes,,yes,2019.0,Residential, Dhaka,Dhanmondi,,
,1864.0,,Apartment,yes,,yes,yes,,2nd,2.0,,yes,,Un-Furnished,12.5 katha,2.0,4,3,yes,,21000000.0,https://iqibd.com/properties/202,yes,yes,,Sale,,yes,2C,yes,2012.0,Residential,,Mohammadpur,,
yes,2421.0,,Apartment,yes,,yes,yes,,3rd,1.0,yes,yes,,Un-Furnished,10 Katha,2.0,3,3,yes,,40000000.0,https://iqibd.com/properties/204,yes,,,Sale,,yes,B2,yes,2012.0,Residential,,Gulshan,,
,2087.0,,Apartment,yes,,yes,yes,,4th,2.0,,yes,,Un-Furnished,,3.0,4,3,yes,,29000000.0,https://iqibd.com/properties/203,yes,yes,,Sale,,yes,,yes,2006.0,Residential, Dhaka,Dhanmondi,,
,1500.0,,Apartment,yes,,yes,yes,,1sr & 3rd,1.0,,yes,,Un-Furnished,2.57 Katha,3.0,3,3,yes,,9000000.0,https://iqibd.com/properties/205,yes,yes,,Sale,,yes,Single,yes,2022.0,Residential,,Mirpur,,
,1600.0,,Apartment,yes,,yes,yes,,2nd,1.0,,yes,,Un-Furnished,,3.0,3,3,yes,,11000000.0,https://iqibd.com/properties/206,yes,yes,,Sale,,yes,Single,yes,2018.0,Residential,,Banasree,,
,1450.0,,Apartment,yes,,yes,yes,,"3rd,5th",1.0,,yes,,Un-Furnished,14.50 Katha,2.0,3,3,yes,,8600000.0,https://iqibd.com/properties/195,yes,yes,,Sale,,yes,"C3,C5",yes,2022.0,Residential,,Mirpur,,
,2260.0,,Apartment,yes,,yes,yes,,2nd,1.0,,yes,,Un-Furnished,6 Katha,3.0,4,4,yes,,21000000.0,https://iqibd.com/properties/183,yes,yes,,Sale,,yes,Single,yes,2022.0,Residential,,Uttara,,
,1540.0,,Apartment,yes,,yes,yes,,5th,1.0,,yes,,Un-Furnished,5 Katha,3.0,3,3,yes,,15000000.0,https://iqibd.com/properties/184,yes,yes,,Sale,,yes,Single,yes,2006.0,Residential,,Lalmatia,,
,2240.0,,Apartment,yes,,yes,yes,,6th,1.0,,yes,,Un-Furnished,5 Katha,3.0,4,4,yes,,24000000.0,https://iqibd.com/properties/185,yes,yes,,Sale,,yes,Single,yes,2020.0,Residential,,Bashundhara,,
,1110.0,,Apartment,yes,,yes,yes,,5th,,,yes,,Un-Furnished,5.5 Katha,,3,3,yes,,6800000.0,https://iqibd.com/properties/186,yes,yes,,Sale,,yes,5A,yes,,Residential,,Badda,,
,1095.0,,Apartment,yes,,yes,,,5th,,,yes,,Un-Furnished,5.5 Katha,,3,3,,,6700000.0,https://iqibd.com/properties/187,yes,yes,,Sale,,yes,5B,yes,,Residential,,Badda,,
,1765.0,,Apartment,yes,,yes,yes,yes,4th,1.0,yes,yes,,Un-Furnished,10 Katha,2.0,3,3,yes,,11800000.0,https://iqibd.com/properties/188,yes,yes,,Sale,,yes,4C,yes,2021.0,Residential,,Badda,,
,2150.0,,Apartment,yes,,yes,yes,,3,1.0,,yes,,Un-Furnished,8 Katha,3.0,3,4,yes,,26000000.0,https://iqibd.com/properties/192,yes,yes,,Sale,,yes,A-3,yes,2021.0,Residential, Dhaka,Dhanmondi,,
,1300.0,,Apartment,yes,,yes,yes,,8th,1.0,,yes,,Un-Furnished,4 Katha,1.0,2,3,yes,,8500000.0,https://iqibd.com/properties/189,yes,yes,,Sale,,yes,A-9,yes,2022.0,Residential,,Aftabnagar,,
,1992.0,,Apartment,,,yes,yes,,"5th,6th,7th,9th",1.0,,yes,,Un-Furnished,8 Katha,3.0,4,4,yes,,16500000.0,https://iqibd.com/properties/190,,yes,,Sale,,yes,"B-5,B-6,B-7,B-8,B-9",yes,2023.0,Residential,,Aftabnagar,,
,1400.0,,Apartment,yes,,yes,yes,,"1st,8th",,,yes,,Un-Furnished,14.50 Katha,2.0,2,3,yes,,7700000.0,https://iqibd.com/properties/194,yes,yes,,Sale,,yes,"D1,D8",yes,2022.0,Residential,,Mirpur,,
,2250.0,,Apartment,yes,,yes,yes,,2nd,1.0,,yes,,Un-Furnished,5 Katha,4.0,3,3,yes,,23000000.0,https://iqibd.com/properties/182,yes,yes,,Sale,,yes,Single,yes,2017.0,Residential,,Bashundhara,,
,1400.0,,Apartment,yes,,yes,yes,,"3rd,5th,7th",1.0,,yes,,Un-Furnished,14.50 Katha,2.0,2,3,yes,,8300000.0,https://iqibd.com/properties/193,yes,yes,,Sale,,yes,"D3,D5,D7",yes,2022.0,Residential,,Mirpur,,
,1350.0,,Apartment,yes,,yes,yes,,"1st,6th",1.0,,yes,,Un-Furnished,3 Katha,3.0,3,3,yes,,9800000.0,https://iqibd.com/properties/170,yes,yes,,Sale,,yes,Single,yes,2023.0,Residential,,Aftabnagar,,
,810.0,,Apartment,yes,,yes,yes,,"4th,5th,6th",,,yes,,Un-Furnished,3 Katha,2.0,2,2,,,5800000.0,https://iqibd.com/properties/171,yes,yes,,Sale,,yes,"4A,5A,6A",yes,2023.0,Residential,,Badda,,
,830.0,,Apartment,yes,,yes,yes,,"4th,5th,6th",,,yes,,Un-Furnished,3 Katha,2.0,2,2,yes,,5800000.0,https://iqibd.com/properties/172,yes,yes,,Sale,,yes,"4B,5B,6B",yes,2023.0,Residential,,Badda,,
,2410.0,,Apartment,yes,,yes,yes,,"3rd,4th",1.0,yes,yes,,Un-Furnished,5 Katha,3.0,3,3,yes,,22000000.0,https://iqibd.com/properties/173,yes,yes,,Sale,,yes,Single Unit,yes,2022.0,Residential,,Bashundhara,,
,2071.0,,Apartment,yes,,yes,yes,yes,5th,1.0,,yes,,Un-Furnished,10 Katha,3.0,4,4,yes,,18000000.0,https://iqibd.com/properties/174,yes,yes,,Sale,,yes,5B,yes,2012.0,Residential,,Bashundhara,,
,1365.0,,Apartment,yes,,yes,yes,,1st,1.0,,yes,,Un-Furnished,3 Katha,3.0,3,3,yes,,12000000.0,https://iqibd.com/properties/177,yes,yes,,Sale,,yes,Single Unit,yes,2019.0,Residential,,Uttara,,
,900.0,,Apartment,yes,,yes,yes,,6th,,,yes,,Un-Furnished,4 Katha,1.0,2,2,,,6500000.0,https://iqibd.com/properties/175,yes,yes,,Sale,,yes,A6,yes,2018.0,Residential,,Bashundhara,,
,2360.0,,Apartment,yes,,yes,yes,,1st,1.0,,yes,,Un-Furnished,8 Katha,4.0,4,4,yes,,17000000.0,https://iqibd.com/properties/178,yes,,,Sale,,yes,A1,yes,2012.0,Residential,,Bashundhara,,
,1100.0,,Apartment,yes,,yes,,,"3rd,5th,6th",,,yes,,Un-Furnished,3 Katha,2.0,2,2,,,6500000.0,https://iqibd.com/properties/179,yes,yes,,Sale,,yes,"3B,5B,6B",yes,2022.0,Residential,,Uttara,,
,1530.0,,Apartment,yes,,yes,yes,,1st & 7th,1.0,,yes,,Un-Furnished,7.5 Katha,3.0,3,3,yes,,13000000.0,https://iqibd.com/properties/flat-for-sale-at-uttara,yes,yes,,Sale,,yes,"A1,A7",yes,2012.0,Residential,,Uttara,,
,2071.0,,Commercial property,yes,,yes,yes,yes,2nd,,,yes,,Furnished,Bangladesh sqft,,0,0,yes,,75000000.0,https://iqibd.com/properties/181,yes,,,Sale,,,02,yes,2012.0,Commercial,,Gulshan,,
,1300.0,,Apartment,yes,,yes,yes,,"3rd,5th,7th",1.0,,yes,,Un-Furnished,5 Katha,3.0,3,3,,,9500000.0,https://iqibd.com/properties/169,yes,yes,,Sale,,yes,"3B,5A,5B,7A,7B",yes,2023.0,Residential,,Mirpur,,
,1710.0,,Apartment,yes,,yes,yes,,8th,1.0,,yes,,Un-Furnished,10 Katha,2.0,4,3,yes,,24000000.0,https://iqibd.com/properties/158,yes,yes,,Sale,,yes,A8,yes,2014.0,Residential, Dhaka,Dhanmondi,,
,1520.0,,Apartment,yes,,yes,yes,,4th,1.0,,yes,,Un-Furnished,12.5 Katha,3.0,3,4,yes,,7600000.0,https://iqibd.com/properties/159,yes,yes,,Sale,,yes,A4,yes,2022.0,Residential,,Mohammadpur,,
,1500.0,,Apartment,yes,,yes,yes,,4th,1.0,,yes,,Un-Furnished,12.5 Katha,3.0,3,3,yes,,7500000.0,https://iqibd.com/properties/160,yes,yes,,Sale,,yes,A3,yes,2022.0,Residential,,Mohammadpur,,
,1378.0,,Apartment,yes,,yes,yes,,5th,1.0,,yes,,Un-Furnished,5 Katha,3.0,3,3,yes,,10800000.0,https://iqibd.com/properties/161,yes,yes,,Sale,,yes,A5,yes,2022.0,Residential,,Mohammadpur,,
,1558.0,,Apartment,yes,,yes,yes,,12th,1.0,,yes,,Un-Furnished,12.90 Katha,3.0,3,3,yes,,14000000.0,https://iqibd.com/properties/162,yes,yes,,Sale,,yes,B12,yes,2022.0,Residential, Dhaka,Shiddeshwari,,
,2400.0,,Apartment,,,yes,yes,,12th,1.0,,yes,,Un-Furnished,12 Katha,4.0,4,4,yes,,23000000.0,https://iqibd.com/properties/163,yes,yes,,Sale,,yes,B-12,yes,2018.0,Residential, Dhaka,Dhanmondi,,
,820.0,,Apartment,yes,,yes,yes,,"2nd,4th,6th",,,yes,,Un-Furnished,3 Katha,2.0,2,2,,,6000000.0,https://iqibd.com/properties/166,yes,yes,,Sale,,yes,"2B,4B,6B",yes,2022.0,Residential,,Badda,,
,1250.0,,Apartment,yes,,yes,yes,,"2nd,3rd,7th,8th",,,yes,,Un-Furnished,8 Katha,2.0,3,3,,,8800000.0,https://iqibd.com/properties/165,yes,yes,,Sale,,yes,"2B,3B,7B,8B",yes,2019.0,Residential,,Aftabnagar,,
,1350.0,,Apartment,yes,,yes,yes,,"2nd,3rd,7th,8th",,,yes,,Un-Furnished,8 Katha,2.0,3,3,yes,,9400000.0,https://iqibd.com/properties/164,yes,yes,,Sale,,yes,"2A,3A,7A,8A",yes,2019.0,Residential,,Aftabnagar,,
,800.0,,Apartment,yes,,yes,yes,,"2nd,4th,6th",,,yes,,Un-Furnished,3 Katha,2.0,2,2,,,6000000.0,https://iqibd.com/properties/167,yes,yes,,Sale,,yes,"2A,4A,6A",yes,2022.0,Residential,,Badda,,
yes,2821.0,,Apartment,yes,yes,yes,yes,yes,7th,2.0,yes,yes,,Un-Furnished,16.8 Katha,5.0,5,4,yes,,45000000.0,https://iqibd.com/properties/157,yes,yes,,Sale,,yes,Single,yes,2021.0,Residential, Dhaka,Dhanmondi,,
,1350.0,,Apartment,yes,,yes,yes,,"5th,7th",1.0,,yes,,Un-Furnished,3 Katha,3.0,3,3,yes,,9500000.0,https://iqibd.com/properties/168,yes,yes,,Sale,,yes,"5A,5B,7A",yes,2023.0,Residential,,Mirpur,,
,1042.0,,Apartment,,,yes,,,5th,1.0,,yes,,Un-Furnished,,3.0,3,3,yes,,7500000.0,https://iqibd.com/properties/146,yes,yes,,Sale,,yes,A5,yes,2017.0,Residential, Dhaka,Dhanmondi,,
,1012.0,yes,Apartment,yes,,yes,,,5th,1.0,,yes,,Un-Furnished,,2.0,2,3,,,7300000.0,https://iqibd.com/properties/147,yes,yes,,Sale,,yes,B5,yes,2017.0,Residential, Dhaka,Dhanmondi,,
,1350.0,,Apartment,yes,,yes,yes,,1st,1.0,,yes,,Un-Furnished,7.25 Katha,2.0,3,3,yes,,14850000.0,https://iqibd.com/properties/150,yes,yes,,Sale,,yes,C1,yes,2022.0,Residential, Dhaka,Dhanmondi,,
,1350.0,,Apartment,yes,,yes,yes,,1st,1.0,,yes,,Un-Furnished,7.25 Katha,2.0,3,3,yes,,14850000.0,https://iqibd.com/properties/149,yes,yes,,Sale,,yes,B1,yes,2022.0,Residential, Dhaka,Dhanmondi,,
,1450.0,,Apartment,yes,,yes,,,1st,1.0,,yes,,Un-Furnished,7.25 Katha,2.0,3,3,yes,,15950000.0,https://iqibd.com/properties/148,yes,yes,,Sale,,yes,A1,yes,2022.0,Residential, Dhaka,Dhanmondi,,
,2550.0,yes,Apartment,yes,,yes,yes,,9th,1.0,,yes,,Un-Furnished,,2.0,4,4,yes,,44000000.0,https://iqibd.com/properties/151,yes,yes,,Sale,,yes,A9,yes,2022.0,Residential, Dhaka,Dhanmondi,,
,2550.0,,Apartment,yes,,yes,yes,,5th,1.0,,yes,,Un-Furnished,3.5 Katha,3.0,3,3,yes,,17100000.0,https://iqibd.com/properties/152,yes,yes,,Sale,,yes,Single,yes,2022.0,Residential,,Mohammadpur,,
,1750.0,,Apartment,yes,,yes,yes,,2nd,1.0,,yes,,Un-Furnished,10 Katha,4.0,3,3,yes,,11000000.0,https://iqibd.com/properties/155,yes,yes,,Sale,,yes,2E,yes,2022.0,Residential, Dhaka,Dhanmondi,,
,2600.0,,Apartment,yes,,yes,yes,,1st,1.0,,yes,,Un-Furnished,5 Katha,4.0,4,4,yes,,41600000.0,https://iqibd.com/properties/153,yes,yes,,Sale,,yes,Single,yes,2022.0,Residential, Dhaka,Dhanmondi,,
,2600.0,,Apartment,yes,,yes,yes,,7th,1.0,,yes,,Un-Furnished,5 Katha,4.0,4,4,yes,,46800000.0,https://iqibd.com/properties/154,yes,yes,,Sale,,yes,Single,yes,2022.0,Residential, Dhaka,Dhanmondi,,
,800.0,,Apartment,yes,,yes,,,3rd,,,yes,,Un-Furnished,,2.0,2,2,,,6000000.0,https://iqibd.com/properties/145,yes,yes,,Sale,,yes,3D,yes,2016.0,Residential, Dhaka,Dhanmondi,,
,1935.0,,Apartment,yes,,yes,yes,,5th,1.0,,yes,,Un-Furnished,,5.0,4,4,yes,,11000000.0,https://iqibd.com/properties/156,yes,yes,,Sale,,yes,A5 & C5,yes,2022.0,Residential, Dhaka,Dhanmondi,,
yes,2410.0,yes,Apartment,yes,,yes,,,2nd,1.0,,yes,,Un-Furnished,5 Katha,3.0,3,3,yes,,20000000.0,https://iqibd.com/properties/134,yes,yes,,Sale,,yes,Single,yes,2022.0,Residential,,Bashundhara,,
yes,2410.0,yes,Apartment,yes,,yes,,,5th,1.0,,yes,,Un-Furnished,5 Katha,3.0,3,3,yes,,20000000.0,https://iqibd.com/properties/135,yes,yes,,Sale,,yes,Single,yes,2022.0,Residential,,Bashundhara,,
,980.0,,Apartment,yes,,yes,,,5th,,,yes,,Un-Furnished,10 Katha,1.0,2,2,,,5500000.0,https://iqibd.com/properties/136,yes,yes,,Sale,,,Single,yes,2010.0,Residential,,Mirpur,,
,1250.0,yes,Apartment,yes,,yes,,,9,,,yes,,Un-Furnished,6.75 Katha,2.0,3,3,,,7700000.0,https://iqibd.com/properties/137,yes,yes,,Sale,,,9C,yes,2022.0,Residential,,Mirpur,,
,1200.0,,Apartment,yes,,yes,,,8,,,yes,,Un-Furnished,6.75 Katha,2.0,3,3,,,5200000.0,https://iqibd.com/properties/140,yes,yes,,Sale,,,8B,yes,2022.0,Residential,,Mirpur,,
,1200.0,,Apartment,yes,,yes,,,8,,,yes,,Un-Furnished,6.75 Katha,2.0,3,3,,,7000000.0,https://iqibd.com/properties/139,yes,yes,,Sale,,,8B,yes,2022.0,Residential,,Mirpur,,
,1250.0,,Apartment,,,yes,yes,,7,,,yes,,Un-Furnished,6.75 Katha,2.0,3,3,,,7500000.0,https://iqibd.com/properties/138,yes,yes,,Sale,,,7D,yes,2022.0,Residential,,Mirpur,,
,950.0,,Apartment,,,yes,,,3rd,,,yes,,Un-Furnished,2.5 Katha,2.0,2,3,,,5500000.0,https://iqibd.com/properties/142,yes,yes,,Sale,,,3B,yes,2023.0,Residential,,Mirpur,,
,1200.0,yes,Apartment,,,yes,,,9th,,,yes,,Un-Furnished,5 Katha,2.0,3,3,,,7000000.0,https://iqibd.com/properties/143,yes,yes,,Sale,,,9A,yes,2023.0,Residential,,Mirpur,,
,975.0,,Apartment,,,yes,,,4th,,,yes,,Un-Furnished,2.5 Katha,1.0,2,3,,,4500000.0,https://iqibd.com/properties/141,yes,yes,,Sale,,,4B,yes,2018.0,Residential,,Mirpur,,
,1200.0,,Apartment,,,yes,yes,,3rd,,,yes,,Un-Furnished,6 Katha,2.0,3,3,,,7000000.0,https://iqibd.com/properties/144,yes,yes,,Sale,,,3A,yes,2023.0,Residential,,Mirpur,,
yes,1340.0,yes,Apartment,yes,,yes,,,9th,,,yes,,Furnished,6 Katha,2.0,3,3,yes,,9000000.0,https://iqibd.com/properties/133,yes,yes,,Sale,,yes,9A,yes,2010.0,Residential,,Mirpur,,
yes,1380.0,,Apartment,yes,,yes,,,7th,1.0,,yes,,Semi-Furnished,,3.0,3,3,yes,,9500000.0,https://iqibd.com/properties/122,yes,yes,,Sale,,yes,7A,yes,2021.0,Residential,,Aftabnagar,,
,1220.0,,Apartment,yes,,yes,,,7th,1.0,,yes,,Semi-Furnished,,2.0,3,3,yes,,7800000.0,https://iqibd.com/properties/123,yes,yes,,Sale,,yes,7A & 7C,yes,2021.0,Residential,,Banasree,,
yes,1420.0,,Apartment,yes,,yes,,,7th,1.0,,yes,,Semi-Furnished,,2.0,3,3,yes,,9000000.0,https://iqibd.com/properties/124,yes,yes,,Sale,,yes,7B & 7D,yes,2021.0,Residential,,Banasree,,
yes,2200.0,,Apartment,yes,,yes,yes,yes,6th,1.0,,yes,,Furnished,5 Katha,4.0,4,4,yes,yes,22500000.0,https://iqibd.com/properties/125,yes,,,Sale,yes,yes,Single,yes,2021.0,Residential,,Bashundhara,,
yes,1530.0,,Apartment,yes,,yes,yes,yes,"1st, 5th, 7th",1.0,,yes,,Semi-Furnished,7.5 Katha,3.0,3,3,yes,,13500000.0,https://iqibd.com/properties/126,yes,yes,,Sale,yes,yes,"A1, A5, A7",yes,2012.0,Residential,,Uttara,,
,682.0,,Apartment,yes,,yes,,,"2nd, 3rd, 5th",,,,,Un-Furnished,,1.0,2,2,,,3500000.0,https://iqibd.com/properties/127,,yes,,Sale,,,"2B, 3A, 3B, 5A",,2022.0,Residential,,Badda,,
,2400.0,,Apartment,yes,,yes,,,2nd,1.0,,yes,,Semi-Furnished,,3.0,4,4,yes,,18000000.0,https://iqibd.com/properties/128,yes,yes,,Sale,,yes,Single,yes,2022.0,Residential,,Aftabnagar,,
,1300.0,,Apartment,yes,,yes,,,3rd,,,yes,,Un-Furnished,10 Katha,2.0,3,3,,,8000000.0,https://iqibd.com/properties/129,yes,yes,,Sale,,yes,3C,yes,2023.0,Residential,,Mirpur,,
yes,1000.0,,Apartment,yes,,yes,,,9th,,,yes,,Semi-Furnished,,2.0,2,3,,,5700000.0,https://iqibd.com/properties/130,,yes,,Sale,,yes,10A,,2023.0,Residential,,Mirpur,,
yes,2410.0,yes,Apartment,yes,,yes,,,3rd,1.0,,yes,,Un-Furnished,5 Katha,3.0,3,3,yes,,20000000.0,https://iqibd.com/properties/132,yes,yes,,Sale,,yes,Single,yes,2022.0,Residential,,Bashundhara,,
,1605.0,,Apartment,yes,,yes,,,"3rd, 7th",,,yes,,On-Going,4 Katha,2.0,3,3,,,10000000.0,https://iqibd.com/properties/131,yes,yes,,Sale,,yes,"3A, 3B, 7A,7B",,2023.0,Residential,,Gabtoli,,
,1100.0,,Apartment,yes,,yes,,,9th,1.0,,yes,,Furnished,,2.0,3,3,yes,,6800000.0,https://iqibd.com/properties/121,yes,yes,,Sale,,yes,9C,yes,2020.0,Residential,,Mirpur,,
,2000.0,,Apartment,yes,,yes,,,1st-6th,1.0,,yes,,Un-Furnished,5 Katha,3.0,3,3,yes,,13500000.0,https://iqibd.com/properties/110,yes,yes,,Sale,,yes,Single,yes,2022.0,Residential,,Aftabnagar,,
,1100.0,,Apartment,yes,,yes,,,6th,1.0,,yes,,Semi-Furnished,,,2,3,yes,,7000000.0,https://iqibd.com/properties/112,yes,yes,,Sale,,yes,6B,yes,2019.0,Residential,,Mirpur,,
yes,1341.0,,Apartment,yes,,yes,,,2nd,1.0,,yes,,Semi-Furnished,,3.0,3,3,yes,,7200000.0,https://iqibd.com/properties/113,yes,yes,,Sale,yes,yes,2A,yes,2015.0,Residential,,Mirpur,,
,1266.0,,Apartment,yes,,yes,,,3rd,1.0,,yes,,Un-Furnished,5.5 Katha,,2,3,yes,,7200000.0,https://iqibd.com/properties/114,yes,yes,,Sale,,yes,3B,,2022.0,Residential,,Mirpur,,
,1155.0,,Apartment,yes,,yes,,,7th,,,yes,,Semi-Furnished,,2.0,2,3,,,5700000.0,https://iqibd.com/properties/111,,yes,,Sale,,yes,7B,yes,2019.0,Residential,,Mirpur,,
yes,2350.0,yes,Apartment,yes,,yes,yes,yes,9th,1.0,,yes,,Furnished,,3.0,4,3,yes,,26000000.0,https://iqibd.com/properties/116,yes,,Yes,Sale,yes,yes,9A,yes,2014.0,Residential,,Shanti Nagar,,
yes,1850.0,,Apartment,yes,,yes,yes,,6th,1.0,,yes,,Furnished,4 Katha,2.0,4,4,yes,,22000000.0,https://iqibd.com/properties/115,yes,yes,,Sale,,yes,Single,yes,2016.0,Residential,,Lalmatia,,
,1850.0,,Apartment,yes,,yes,,,6th,1.0,,yes,,Semi-Furnished,,3.0,4,4,yes,,12000000.0,https://iqibd.com/properties/117,yes,yes,,Sale,,yes,Single,yes,2014.0,Residential,,Banasree,,
,1900.0,,Apartment,yes,,yes,,,5th,1.0,,yes,,Un-Furnished,,3.0,3,4,yes,,10000000.0,https://iqibd.com/properties/118,yes,yes,,Sale,,,5A,yes,2022.0,Residential,,Mirpur,,
,1100.0,,Apartment,yes,,yes,,,3rd,,,yes,,Un-Furnished,,2.0,3,3,yes,,7000000.0,https://iqibd.com/properties/119,yes,yes,,Sale,,yes,3B,yes,2023.0,Residential,,Mirpur,,
,1150.0,,Apartment,yes,,yes,,,3rd,,,yes,,Un-Furnished,,2.0,3,3,yes,,7500000.0,https://iqibd.com/properties/120,yes,yes,,Sale,,yes,3A,yes,2023.0,Residential,,Mirpur,,
,1472.0,,Apartment,yes,,yes,,,"2nd, 4th",1.0,,yes,,Furnished,,2.0,3,3,yes,,11500000.0,https://iqibd.com/properties/108,yes,yes,,Sale,,yes,"2B,4A,4B",yes,2021.0,Residential,,Bashundhara,,
,850.0,,Apartment,yes,,,,,5th,,,yes,,Semi-Furnished,,2.0,2,2,,,3500000.0,https://iqibd.com/properties/97,,yes,,Sale,,yes,5B,yes,2010.0,Residential,,Mirpur,,
,1000.0,,Apartment,yes,,,,,2nd,,,yes,,Semi-Furnished,,2.0,2,3,,,5200000.0,https://iqibd.com/properties/98,,yes,,Sale,,yes,B2,yes,2017.0,Residential,,Mirpur,,
yes,3300.0,,Apartment,yes,,yes,yes,yes,3rd,,,yes,,Furnished,10 katha,3.0,4,3,yes,,60000000.0,https://iqibd.com/properties/99,yes,yes,,Sale,,yes,A3,yes,2018.0,Residential,,Gulshan,,
,1342.0,,Apartment,yes,,yes,,,8th,1.0,,yes,,Un-Furnished,,2.0,3,3,yes,,8000000.0,https://iqibd.com/properties/100,yes,yes,,Sale,,yes,8A,yes,2022.0,Residential,,Badda,,
,1231.0,,Apartment,yes,,yes,,,5th,1.0,,yes,,Un-Furnished,,2.0,2,3,yes,,7500000.0,https://iqibd.com/properties/101,yes,yes,,Sale,,yes,5B,yes,2022.0,Residential,,Badda,,
yes,2997.0,,Apartment,yes,,yes,yes,yes,7th,,,yes,,Semi-Furnished,17 Katha,,2,2,yes,,64500000.0,https://iqibd.com/properties/102,yes,yes,,Sale,,yes,7C,yes,2018.0,Residential,,Gulshan,,
,1600.0,,Apartment,yes,,yes,,,3rd,1.0,,yes,,Semi-Furnished,3 Katha,3.0,3,3,yes,,11500000.0,https://iqibd.com/properties/105,yes,yes,,Sale,,yes,Single,,2020.0,Residential,,Aftabnagar,,
,1500.0,,Apartment,yes,,yes,,,"1st,2nd,3rd",1.0,,yes,,Un-Furnished,3 Katha,3.0,3,3,yes,,13500000.0,https://iqibd.com/properties/103,yes,yes,,Sale,,yes,Single,yes,2023.0,Residential,,Uttara,,
yes,3550.0,yes,Apartment,yes,,yes,yes,yes,11th,,,yes,,Un-Furnished,20 Katha,3.0,5,4,yes,,99999999.0,https://iqibd.com/properties/104,yes,yes,,Sale,yes,yes,11A,yes,2022.0,Residential,,Gulshan,,
yes,1063.0,,Apartment,yes,,yes,yes,,3rd,1.0,,yes,,Furnished,,2.0,3,2,yes,,5400000.0,https://iqibd.com/properties/96,yes,yes,,Sale,,yes,3D,yes,2008.0,Residential,,Khilkhet,,
,1600.0,,Apartment,yes,,yes,,,2nd,1.0,,yes,,Un-Furnished,,2.0,3,3,yes,,12500000.0,https://iqibd.com/properties/107,yes,yes,,Sale,,yes,Single,yes,2022.0,Residential,,Bashundhara,,
yes,2200.0,,Apartment,yes,,yes,yes,,2nd & 3rd,1.0,,yes,,Un-Furnished,,2.0,5,4,yes,,19000000.0,https://iqibd.com/properties/84,yes,yes,,Sale,,yes,Single,yes,2022.0,Residential,,Bashundhara,,
yes,875.0,,Apartment,yes,,yes,,,3rd,1.0,,yes,,Un-Furnished,4 Katha,2.0,2,2,,,8000000.0,https://iqibd.com/properties/86,yes,yes,No,Sale,,yes,3B,yes,2022.0,Residential,,Bashundhara,,
yes,1750.0,,Apartment,yes,,yes,,,4th,1.0,,yes,,Un-Furnished,,3.0,4,3,yes,,15500000.0,https://iqibd.com/properties/88,yes,yes,,Sale,,yes,4A,yes,2016.0,Residential,,Baridhara,,
yes,1360.0,,Apartment,yes,,yes,,,6th,1.0,,yes,,Un-Furnished,,,3,3,yes,,8500000.0,https://iqibd.com/properties/87,yes,yes,,Sale,,yes,6A,yes,2020.0,Residential,,Mirpur,,
yes,2350.0,,Apartment,,,yes,,,9th,1.0,,yes,,Furnished,,3.0,4,4,yes,,28000000.0,https://iqibd.com/properties/90,yes,yes,,Sale,,yes,9C,yes,2012.0,Residential,,Shagun Bagicha,,
yes,1688.0,,Apartment,yes,,yes,yes,,,1.0,,yes,,Furnished,,,3,3,yes,,17000000.0,https://iqibd.com/properties/89,yes,yes,,Sale,,yes,,yes,2009.0,Residential,,Shagun Bagicha,,
,1000.0,,Apartment,yes,,yes,yes,,1st,,,yes,,Un-Furnished,,2.0,2,3,yes,,3500000.0,https://iqibd.com/properties/91,yes,yes,,Sale,,yes,Single,yes,2023.0,Residential,,Mirpur,,
,950.0,,Apartment,yes,,yes,yes,,8th,,,yes,,Un-Furnished,,2.0,2,3,,,3500000.0,https://iqibd.com/properties/92,yes,yes,,Sale,,yes,Single,yes,2023.0,Residential,,Mirpur,,
,950.0,,Apartment,yes,,yes,yes,,6th & 7th,,,yes,,Un-Furnished,,2.0,2,3,,,4800000.0,https://iqibd.com/properties/93,yes,yes,,Sale,,yes,Single,yes,2023.0,Residential,,Mirpur,,
,950.0,,Apartment,yes,,yes,yes,,9th,,,yes,,Un-Furnished,,2.0,2,3,,,4500000.0,https://iqibd.com/properties/94,yes,yes,,Sale,,yes,Single,yes,2022.0,Residential,,Mirpur,,
yes,1015.0,,Apartment,yes,,yes,yes,,6th,,,yes,,Furnished,,2.0,3,3,,,5700000.0,https://iqibd.com/properties/95,yes,yes,,Sale,,yes,6C,yes,2018.0,Residential,,Mirpur,,
,1343.0,,Apartment,yes,,yes,,,"7th,9th",1.0,,yes,,Un-Furnished,,2.0,3,3,yes,,11000000.0,https://iqibd.com/properties/72,,yes,No,Sale,,yes,"A9,B7",yes,2022.0,Residential,,Aftabnagar,,
,1490.0,,Apartment,yes,,yes,,,"3rd,4th",1.0,,yes,,Un-Furnished,,2.0,3,3,yes,,9500000.0,https://iqibd.com/properties/73,,yes,No,Sale,,yes,Single,yes,2022.0,Residential,,Aftabnagar,,
yes,2075.0,yes,Apartment,yes,,yes,yes,,5th,1.0,,yes,,Furnished,20 katha,3.0,4,4,,,21000000.0,https://iqibd.com/properties/75,yes,yes,Yes,Sale,yes,yes,B5,yes,2011.0,Residential,,Bashundhara,,
yes,1565.0,,Apartment,yes,,yes,,,6th & 7th,1.0,,yes,,Un-Furnished,4 katha,3.0,3,3,yes,,12000000.0,https://iqibd.com/properties/74,,yes,No,Sale,,yes,Single,yes,2020.0,Residential,,Bashundhara,,
,2410.0,,Apartment,yes,,yes,,,"4th,5th",1.0,,yes,,Un-Furnished,8 katha,3.0,4,3,yes,,20000000.0,https://iqibd.com/properties/76,,yes,,Sale,,yes,Single,yes,2022.0,Residential,,Bashundhara,,
yes,1925.0,,Apartment,yes,,yes,yes,,8th,1.0,,yes,,Furnished,20 katha,2.0,4,4,yes,,22000000.0,https://iqibd.com/properties/77,yes,yes,Yes,Sale,,yes,C8,yes,2021.0,Residential,,Bashundhara,,
,1167.0,,Apartment,yes,,yes,,,5th,,,yes,,Furnished,5 katha,2.0,3,3,,,7800000.0,https://iqibd.com/properties/78,,yes,,Sale,,yes,A6,yes,2010.0,Residential,,Basabo,,
yes,1525.0,,Apartment,yes,,yes,yes,yes,12th,1.0,,yes,,Furnished,20 katha,4.0,3,3,yes,,9500000.0,https://iqibd.com/properties/79,yes,yes,,Sale,,yes,12J,yes,2021.0,Residential,,Rampura,,
yes,1224.0,,Apartment,yes,,yes,,,3rd,,,yes,,Semi-Furnished,,2.0,3,3,yes,,6700000.0,https://iqibd.com/properties/80,yes,,,Sale,,yes,2A,yes,2022.0,Residential,,Badda,,
,935.0,,Apartment,yes,,yes,,,1st,,,yes,,Un-Furnished,,2.0,2,2,,,6000000.0,https://iqibd.com/properties/82,,yes,,Sale,,yes,2C,yes,2016.0,Residential,,Bashundhara,,
,1352.0,,Apartment,yes,,yes,yes,,9th,1.0,,yes,,Un-Furnished,,3.0,3,3,yes,,9700000.0,https://iqibd.com/properties/81,yes,yes,,Sale,,yes,9B,yes,2018.0,Residential,,Bashundhara,,
,935.0,,Apartment,yes,,yes,,,5th,,,yes,,Un-Furnished,,2.0,2,2,,,6000000.0,https://iqibd.com/properties/83,yes,yes,,Sale,,,6C,yes,2016.0,Residential,,Bashundhara,,
,1080.0,,Apartment,yes,,yes,,,1st & 6th,1.0,,yes,,Un-Furnished,5 Katha,2.0,2,2,yes,,7800000.0,https://iqibd.com/properties/65,,yes,,Sale,,yes,2A & 6B,yes,2016.0,Residential,,Bashundhara,,
yes,1750.0,,Apartment,yes,,yes,,,"2nd,3rd,6th,8th",1.0,,yes,,Un-Furnished,10 katha,3.0,3,3,yes,,13475000.0,https://iqibd.com/properties/66,yes,yes,No,Sale,,yes,"2(A,B,C)3(A,B,C)6(A,B,C)8(A,B,C)",yes,2025.0,Residential,,Bashundhara,,
yes,2160.0,,Apartment,yes,,yes,yes,,1st,1.0,,yes,,Un-Furnished,,4.0,4,4,yes,,21680000.0,https://iqibd.com/properties/68,yes,yes,Yes,Sale,,yes,Single,yes,2022.0,Residential,,Bashundhara,,
yes,1750.0,,Apartment,yes,,yes,,,9th,1.0,,yes,,Furnished,12 katha,2.0,3,4,yes,,20000000.0,https://iqibd.com/properties/69,,yes,No,Sale,,yes,D9,yes,2006.0,Residential, Dhaka,Shiddeshwari,,
,1210.0,,Apartment,yes,,yes,,,8th,1.0,,yes,,Un-Furnished,7 katha,3.0,3,3,yes,,7600000.0,https://iqibd.com/properties/70,,yes,,Sale,,yes,C8,,2023.0,Residential,,Aftabnagar,,
,892.0,,Apartment,yes,,yes,,,2nd,,,yes,,Un-Furnished,7 katha,2.0,2,2,yes,,5500000.0,https://iqibd.com/properties/71,,yes,,Sale,,yes,A2,,2023.0,Residential,,Aftabnagar,,
yes,1320.0,,Apartment,yes,,yes,,,"1st, 6th, 8th",1.0,,yes,,Un-Furnished,,2.0,3,3,yes,,8250000.0,https://iqibd.com/properties/58,,yes,,Sale,,yes,"C1, C6, C8",yes,2023.0,Residential,,Rampura,,
yes,800.0,,Apartment,yes,,yes,,,"2nd,4th,6th,7th",1.0,,yes,,Un-Furnished,2.5 katha,3.0,2,2,yes,,6000000.0,https://iqibd.com/properties/57,,yes,No,Sale,,yes,"2B,4A,4B,6B,7A,7B",yes,2022.0,Residential,,Badda,,
yes,1330.0,,Apartment,yes,,yes,,,"1st, 6th, 8th",1.0,,yes,,Un-Furnished,,2.0,3,3,yes,,8300000.0,https://iqibd.com/properties/59,,yes,,Sale,,yes,"B1, B6, B8",yes,2023.0,Residential,,Rampura,,
yes,2250.0,,Apartment,yes,,yes,yes,,4th,,,yes,,Un-Furnished,5.25 Katha,4.0,4,4,yes,,29225000.0,https://iqibd.com/properties/62,yes,yes,Yes,Sale,,yes,4A,yes,2022.0,Residential,,Bangla Motor,,
,1250.0,,Apartment,yes,,yes,yes,,"1st, 8th",1.0,,yes,,Un-Furnished,,2.0,3,3,yes,,7900000.0,https://iqibd.com/properties/60,,yes,,Sale,,yes,"A1, A8",yes,2023.0,Residential,,Rampura,,
yes,1750.0,,Apartment,yes,,yes,,,1st & 2nd,1.0,,yes,,Un-Furnished,3 Katha,3.0,4,4,yes,,14500000.0,https://iqibd.com/properties/61,,yes,No,Sale,,yes,1st & 2nd,yes,2022.0,Residential,,Bashundhara,,
,1830.0,,Apartment,yes,,yes,yes,,6th,1.0,,yes,,Un-Furnished,,3.0,4,3,yes,,15000000.0,https://iqibd.com/properties/45,yes,yes,No,Sale,,,Single,yes,2022.0,Residential,,Bashundhara,,
yes,1350.0,,Apartment,yes,,yes,,,7th,1.0,,yes,,Un-Furnished,5 katha,3.0,3,3,yes,,9500000.0,https://iqibd.com/properties/56,,yes,No,Sale,,yes,7B,yes,2022.0,Residential,,Mirpur,,
,1830.0,,Apartment,yes,,yes,yes,,7th,1.0,,yes,,Un-Furnished,,3.0,4,3,yes,,15000000.0,https://iqibd.com/properties/46,yes,yes,No,Sale,,,Single,yes,2022.0,Residential,,Bashundhara,,
,1830.0,,Apartment,yes,,yes,yes,,8th,1.0,,yes,,Un-Furnished,,3.0,4,3,yes,,15000000.0,https://iqibd.com/properties/47,yes,yes,No,Sale,,,Single,yes,2022.0,Residential,,Bashundhara,,
,1200.0,,Apartment,yes,,yes,,,1st,1.0,,yes,,Un-Furnished,6 katha,,3,3,yes,,7500000.0,https://iqibd.com/properties/48,,yes,,Sale,,,1B,yes,2022.0,Residential,,Aftabnagar,,
,1100.0,,Apartment,yes,,yes,,,3rd,1.0,,yes,,Un-Furnished,,2.0,3,3,yes,,8000000.0,https://iqibd.com/properties/49,,yes,,Sale,,,3C,yes,2022.0,Residential,,Mirpur,,
,1530.0,,Apartment,yes,,yes,,,2nd,1.0,,yes,,Un-Furnished,3 katha,3.0,4,3,yes,,13500000.0,https://iqibd.com/properties/50,,yes,,Sale,,,2A,yes,2023.0,Residential,,Bashundhara,,
yes,1300.0,,Apartment,yes,,yes,,,7th,1.0,,yes,,Un-Furnished,5 katha,3.0,3,3,yes,,9500000.0,https://iqibd.com/properties/52,,yes,No,Sale,,,7A & 7B,yes,2022.0,Residential,,Mirpur,,
yes,1300.0,,Apartment,yes,,yes,,,5th,1.0,,yes,,Un-Furnished,5 katha,3.0,3,3,yes,,9500000.0,https://iqibd.com/properties/51,yes,yes,No,Sale,,,5A & 5B,yes,2022.0,Residential,,Mirpur,,
yes,1300.0,,Apartment,yes,,yes,,,3rd,1.0,,yes,,Un-Furnished,5 katha,3.0,3,3,yes,,9500000.0,https://iqibd.com/properties/53,,yes,No,Sale,,,3B,yes,2022.0,Residential,,Mirpur,,
yes,1350.0,,Apartment,yes,,yes,,,5th,1.0,,yes,,Un-Furnished,5 katha,3.0,3,3,yes,,9500000.0,https://iqibd.com/properties/54,,yes,No,Sale,,,A5,yes,2022.0,Residential,,Mirpur,,
yes,1350.0,,Apartment,yes,,yes,,,5th,1.0,,yes,,Un-Furnished,5 katha,3.0,3,3,yes,,9500000.0,https://iqibd.com/properties/55,,yes,No,Sale,,yes,B5,yes,2022.0,Residential,,Mirpur,,
,1830.0,,Apartment,yes,,yes,yes,,3rd,1.0,,yes,,Un-Furnished,,3.0,4,3,yes,,15000000.0,https://iqibd.com/properties/42,yes,yes,No,Sale,,,Single,yes,2022.0,Residential,,Bashundhara,,
,1830.0,,Apartment,yes,,yes,yes,,5th,1.0,,yes,,Un-Furnished,,3.0,4,3,yes,,15000000.0,https://iqibd.com/properties/44,yes,yes,No,Sale,,,Single,yes,2022.0,Residential,,Bashundhara,,
,1830.0,,Apartment,yes,,yes,yes,,4th,1.0,,yes,,Un-Furnished,,3.0,4,3,yes,,15000000.0,https://iqibd.com/properties/43,yes,yes,No,Sale,,,Single,yes,2022.0,Residential,,Bashundhara,,
,2500.0,,Apartment,yes,,yes,yes,yes,4th,1.0,,yes,,Un-Furnished,15480 sqft,3.0,3,3,yes,,29500000.0,https://iqibd.com/properties/36,yes,yes,Yes,Sale,yes,,D4,,2012.0,Residential,,Baridhara,,
,2339.0,,Apartment,yes,,yes,yes,yes,5th,1.0,,yes,,Un-Furnished,15480 sqft,3.0,3,3,yes,,27729000.0,https://iqibd.com/properties/37,yes,yes,Yes,Sale,yes,,A5,,2012.0,Residential,,Baridhara,,
,2339.0,,Apartment,yes,,yes,yes,yes,6th,1.0,,yes,,Un-Furnished,15480 sqft,3.0,3,3,yes,,27729000.0,https://iqibd.com/properties/38,yes,yes,Yes,Sale,yes,,A6,,2012.0,Residential,,Baridhara,,
,2513.0,,Apartment,yes,,yes,yes,yes,4th,1.0,,,,Un-Furnished,15480 sqft,3.0,3,3,yes,,29643000.0,https://iqibd.com/properties/35,,yes,Yes,Sale,yes,,C4,,2012.0,Residential,,Baridhara,,
,2513.0,yes,Apartment,yes,,yes,yes,yes,5th,1.0,,yes,,Un-Furnished,15480 sqft,3.0,3,3,yes,,29643000.0,https://iqibd.com/properties/39,yes,yes,Yes,Sale,yes,,C5,,2012.0,Residential,,Baridhara,,
,3685.0,,Apartment,yes,,yes,yes,yes,3rd,,,yes,,Un-Furnished,,5.0,5,4,yes,,90000000.0,https://iqibd.com/properties/40,yes,yes,Yes,Sale,yes,,Single,yes,2022.0,Residential,,Baridhara,,
,1750.0,,Apartment,yes,,yes,,,4th,1.0,,yes,,Un-Furnished,,3.0,4,4,yes,,15000000.0,https://iqibd.com/properties/41,yes,yes,No,Sale,,,Single,yes,2022.0,Residential,,Bashundhara,,
