Property_name,Property_Type,Bedrooms,bathrooms,Garages,Sq_Ft,year_built,AD URL,features
Triplex House in Bashundhara,House,5,5,3,6500,2019,https://bestbari.com/flat-sale-dhaka/triplex-house-in-bashundhara/,"Air Conditioning,Garden,Parking,Landscaping,Fire Fighting and Detection System,Rooftop Landscaping,Waiting Room,Children Play Area,Cloth Drying Area,Fire Protection,Prayer Space"
Concord Niharika,Commercial,,,3,1688-4460,,https://bestbari.com/flat-sale-dhaka/concord-niharika/,"Air Conditioning,Garage,Full Load Power Backup,Interior Designed Lobbies,Double Glazed Glass Window,Multi Level Basement Car Parking,Parking,Security Surveillance System,Fire Fighting and Detection System,International Standard Lift,Generator Backup,24/7 CCTV Surveillance,Multipurpose Room for Prayer and Meeting,Waiting Lobby,Fire Protection,Guard Accommodation,Reception,Lobby Lounge,High-speed internet"
NAVANA TERRARIUM,Commercial,,,1,,,https://bestbari.com/flat-sale-dhaka/navana-terrarium/,"Air Conditioning,Garage,Full Load Power Backup,Interior Designed Lobbies,Parking,Security Surveillance System,Generator Backup,24/7 CCTV Surveillance"
CONCORD MK HERITAGE,Commercial,,,2,1130 – 3360 ,,https://bestbari.com/flat-sale-dhaka/concord-mk-heritage/,"Air Conditioning,Garage,Interior Designed Lobbies,Double Glazed Glass Window,Multi Level Basement Car Parking,Parking,Security Surveillance System,Fire Fighting and Detection System,International Standard Lift,Generator Backup,24/7 CCTV Surveillance,Security Room,Guard Accommodation,High-speed internet"
EDISON OPHELIA,Apartment,3,3,1,1860,2024,https://bestbari.com/flat-sale-dhaka/edison-ophelia/,"Air Conditioning,Garage,Interior Designed Lobbies,Common Area,Security Surveillance System,Fire Fighting and Detection System,International Standard Lift,Generator Backup,Waiting Room,Children Play Area,Cloth Drying Area,Community Space,Fire Protection,Guard Post,Prayer Space,Reception"
Signature11 ARC - Type B,Apartment,3,3,2,2336,2024,https://bestbari.com/flat-sale-dhaka/signature11-arc-type-b/,"Garage,Garden,Corner Plot,Interior Designed Lobbies,Common Area,Multi Level Basement Car Parking,Parking,Landscaping,Security Surveillance System,Fire Fighting and Detection System,International Standard Lift,Generator Backup,24/7 CCTV Surveillance,Rooftop Landscaping,Multipurpose Room for Prayer and Meeting,Waiting Room,Waiting Lobby,Gym,BBQ Area,Security Room,Community Space,Driver Waiting,Fingerprint Access Handle Lock,Fire Protection,Fitness Center,Guard Accommodation,Guard Post,Lighting and Water Feature,Reception,Smart Home Feature,Lobby Lounge"
Signature11 ARC - Type A,Apartment,3,3,2,2318,2024,https://bestbari.com/flat-sale-dhaka/signature11-arc-type-a/,"Garage,Garden,Corner Plot,Interior Designed Lobbies,Common Area,Multi Level Basement Car Parking,Parking,Landscaping,Security Surveillance System,Fire Fighting and Detection System,International Standard Lift,Generator Backup,24/7 CCTV Surveillance,Rooftop Landscaping,Waiting Lobby,Gym,BBQ Area,Security Room,Community Space,Driver Waiting,Fingerprint Access Handle Lock,Fire Protection,Fitness Center,Guard Accommodation,Guard Post,Lighting and Water Feature,Prayer Space,Reception,Smart Home Feature,Lobby Lounge"
Rossella,Apartment,3,3,1,1025,2022,https://bestbari.com/flat-sale-dhaka/rossella/,"Full Load Power Backup,Common Area,Parking,Security Surveillance System,Fire Fighting and Detection System,International Standard Lift,Generator Backup,Children Play Area,Cloth Drying Area,Guard Post,Prayer Space"
Ventura Milestone,,N/A,N/A,1,6000 SFT,2022,https://bestbari.com/flat-sale-dhaka/ventura-milestone/,"Air Conditioning,Garage,Interior Designed Lobbies,Parking,Security Surveillance System,Fire Fighting and Detection System,Generator Backup,24/7 CCTV Surveillance,Multipurpose Room for Prayer and Meeting,Security Room,Fire Protection,Guard Accommodation,Reception,Lobby Lounge"
Apartment at Banani,Used Flat,4,5,2,2773,2014,https://bestbari.com/flat-sale-dhaka/apartment-at-banani/,"Garage,Common Area,Parking,Security Surveillance System,Fire Fighting and Detection System,International Standard Lift,Generator Backup,Children Play Area,Cloth Drying Area,Earthquake Resistance Design,Fire Protection,Guard Post,Prayer Space,Reception"
Budget Friendly Flat at Banani,Used Flat,3,3,1,1800,2018,https://bestbari.com/flat-sale-dhaka/budget-friendly-flat-at-banani/,"Full Load Power Backup,Common Area,Parking,Security Surveillance System,Fire Fighting and Detection System,International Standard Lift,Generator Backup,Children Play Area,Cloth Drying Area,Guard Post,Reception"
Chandralok,Apartment,3,3,1,2200,2020,https://bestbari.com/flat-sale-dhaka/chandralok/,"Interior Designed Lobbies,Common Area,Double Glazed Glass Window,Parking,Landscaping,Fire Fighting and Detection System,International Standard Lift,Generator Backup,24/7 CCTV Surveillance,Rooftop Landscaping,Exercise Studio,Security Room,Guard Post,Reception"
Apartment @ Mirpur DOHS,Apartment,3,3,1,2200,2017,https://bestbari.com/flat-sale-dhaka/apartment-mirpur-dohs/,"Parking,International Standard Lift,Generator Backup,Rooftop Landscaping,Security Room,Children Play Area,Cloth Drying Area,Community Space,Fire Protection,Prayer Space,Reception"
The Landing 141,Apartment,4,4,2,3200,2022,https://bestbari.com/flat-sale-dhaka/the-landing-141/,"Full Load Power Backup,Interior Designed Lobbies,Common Area,Multi Level Basement Car Parking,Parking,Landscaping,Security Surveillance System,Fire Fighting and Detection System,International Standard Lift,Generator Backup,24/7 CCTV Surveillance,Gym,Security Room,Fire Protection,Reception,Lobby Lounge"
The Izar,Apartment,3,3,1,2279,2021,https://bestbari.com/flat-sale-dhaka/the-izar/,"Air Conditioning,Full Load Power Backup,Interior Designed Lobbies,Common Area,Multi Level Basement Car Parking,Parking,Landscaping,Security Surveillance System,Fire Fighting and Detection System,International Standard Lift,Stretcher Lift,Generator Backup,24/7 CCTV Surveillance,Exercise Studio,Gym,Automated Watering System,Children Play Area,Fire Protection,Guard Post,Lighting and Water Feature,Reception,Lobby Lounge"
MB Tower,Apartment,3,3,1,1825,2022,https://bestbari.com/flat-sale-dhaka/mb-tower/,"Air Conditioning,Corner Plot,Full Load Power Backup,Interior Designed Lobbies,Common Area,Double Glazed Glass Window,Multi Level Basement Car Parking,Landscaping,Security Surveillance System,Fire Fighting and Detection System,International Standard Lift,Generator Backup,24/7 CCTV Surveillance,Exercise Studio,Automated Watering System,Earthquake Resistance Design,Fire Protection,Fitness Center,Guard Post,Indoor Games,Reception,Smart Home Feature,Lobby Lounge"
Flat at Banani 11,Used Flat,4,4,2,3000,2014,https://bestbari.com/flat-sale-dhaka/flat-at-banani-11/,"Garage,Common Area,Parking,Security Surveillance System,International Standard Lift,Generator Backup,Fire Protection,Guard Post"
Gulzar-e-Rahmat,Apartment,4,4,1,2473,2022,https://bestbari.com/flat-sale-dhaka/gulzar-e-rahmat/,"Common Area,Parking,Security Surveillance System,International Standard Lift,Generator Backup,24/7 CCTV Surveillance,Waiting Room,Children Play Area,Cloth Drying Area,Fire Protection,Reception,Lobby Lounge"
Assure Surface,Apartment,3,3,1,1581,2020,https://bestbari.com/flat-sale-dhaka/assure-surface/,"Garage,Landscaping,International Standard Lift,Generator Backup,Cloth Drying Area,Community Space,Fire Protection,Guard Accommodation,Guard Post,Reception,Lobby Lounge"
Rainforest,Apartment,4,4,1,3462,2021,https://bestbari.com/flat-sale-dhaka/rainforest/,"Common Area,Parking,Landscaping,International Standard Lift,Generator Backup,24/7 CCTV Surveillance,Waiting Room,Fire Protection,Guard Post,Reception,Lobby Lounge"
Mohi Chandrima,Apartment,3,4,1,2229,2021,https://bestbari.com/flat-sale-dhaka/mohi-chandrima/,"Garage,Garden,Common Area,International Standard Lift,Generator Backup,Waiting Room,Cloth Drying Area,Fire Protection,Guard Accommodation,Guard Post,Reception"
Neer,Apartment,3,3,1,2196,2019,https://bestbari.com/flat-sale-dhaka/neer/,"Garage,Garden,Full Load Power Backup,Interior Designed Lobbies,Landscaping,Security Surveillance System,Fire Fighting and Detection System,International Standard Lift,Generator Backup,Rooftop Landscaping,Waiting Room,Security Room,Community Space,Lighting and Water Feature,Reception,Lobby Lounge"
Majestic,Apartment,3,3,1,1994,2022,https://bestbari.com/flat-sale-dhaka/majestic/,"Parking,International Standard Lift,Generator Backup,24/7 CCTV Surveillance,Security Room,Cloth Drying Area,Community Space,Fire Protection,Guard Post,Reception,Lobby Lounge"
Borenno,Apartment,3,3,1,1272,2022,https://bestbari.com/flat-sale-dhaka/borenno/,"Garage,International Standard Lift,Generator Backup,Fire Protection,Reception,Lobby Lounge"
Angon,Apartment,3,3,1,1929,2021,https://bestbari.com/flat-sale-dhaka/angon/,"Garden,Parking,International Standard Lift,Generator Backup,24/7 CCTV Surveillance,Cloth Drying Area,Community Space,Fire Protection,Guard Accommodation,Guard Post,Reception"
Cynthia,Apartment,3,3,1,2313,2022,https://bestbari.com/flat-sale-dhaka/cynthia/,"Garage,Common Area,Landscaping,Swimming Pool,International Standard Lift,Generator Backup,Waiting Room,Security Room,Cloth Drying Area,Fire Protection,Prayer Space,Reception,Lobby Lounge"
Gloriosa,Apartment,3,3,1,1950,2022,https://bestbari.com/flat-sale-dhaka/gloriosa/,"Garage,Common Area,International Standard Lift,Generator Backup,Security Room,Fire Protection,Reception"
ARC,Apartment,3,3,1,2336,2024,https://bestbari.com/flat-sale-dhaka/arc/,"Full Load Power Backup,Parking,International Standard Lift,Generator Backup,24/7 CCTV Surveillance,Security Room,Cloth Drying Area,Fire Protection,Guard Post,Reception,Lobby Lounge"
Pohela Boishakh,Apartment,4,4,1,2397,2022,https://bestbari.com/flat-sale-dhaka/pohela-boishakh/,"Air Conditioning,Full Load Power Backup,Parking,International Standard Lift,Generator Backup,Cloth Drying Area,Community Space,Fire Protection,Guard Post,Reception,Lobby Lounge"
Lora,Apartment,3,3,1,1581,2021,https://bestbari.com/flat-sale-dhaka/lora/,"Garden,Parking,International Standard Lift,Generator Backup,Waiting Room,Children Play Area,Cloth Drying Area,Community Space,Fire Protection,Guard Post,Reception,Lobby Lounge"
Ekanto Apon,Apartment,3,3,1,1999,2021,https://bestbari.com/flat-sale-dhaka/ekanto-apon/,"Common Area,Parking,International Standard Lift,Generator Backup,24/7 CCTV Surveillance,Automated Watering System,Cloth Drying Area,Fire Protection,Fitness Center,Guard Post,Reception,Lobby Lounge"
Simpletree Thikana,Apartment,4,4,1,4000,2021,https://bestbari.com/flat-sale-dhaka/simpletree-thikana/,"Air Conditioning,Parking,International Standard Lift,Generator Backup,24/7 CCTV Surveillance,Cloth Drying Area,Fire Protection,Fitness Center,Guard Post,Lobby Lounge"
Simpletree Anarkali,Apartment,5,5,2,5000,2021,https://bestbari.com/flat-sale-dhaka/simpletree-anarkali/,"Air Conditioning,Full Load Power Backup,Interior Designed Lobbies,Parking,Landscaping,Security Surveillance System,Swimming Pool,International Standard Lift,Generator Backup,Children Play Area,Cloth Drying Area,Fire Protection,Guard Post,Lobby Lounge"
Simpletree Ayesha,Apartment,3,3,1,3000,2021,https://bestbari.com/flat-sale-dhaka/simpletree-ayesha/,"Common Area,Parking,Fire Fighting and Detection System,International Standard Lift,Generator Backup,Automated Watering System,Cloth Drying Area,Community Space,Fire Protection,Guard Accommodation,Guard Post,Reception,Lobby Lounge"
Simpletree Shanur,Apartment,3,4,1,2500,2022,https://bestbari.com/flat-sale-dhaka/simpletree-shanur/,"Interior Designed Lobbies,Common Area,Parking,Fire Fighting and Detection System,International Standard Lift,Generator Backup,24/7 CCTV Surveillance,Automated Watering System,Children Play Area,Cloth Drying Area,Community Space,Fire Protection,Reception,Lobby Lounge"
Garden Square,Apartment,5,5,2,4000,2020,https://bestbari.com/flat-sale-dhaka/garden-square/,"Interior Designed Lobbies,Parking,Landscaping,Security Surveillance System,Fire Fighting and Detection System,International Standard Lift,Generator Backup,24/7 CCTV Surveillance,Waiting Lobby,Security Room,Community Space,Fire Protection,Fitness Center,Guard Accommodation,Guard Post,Prayer Space,Reception,WIFI,Lobby Lounge"
Waterfront,Apartment,3,3,1,3000,2015,https://bestbari.com/flat-sale-dhaka/waterfront/,"Air Conditioning,Full Load Power Backup,Interior Designed Lobbies,Parking,Security Surveillance System,Fire Fighting and Detection System,Swimming Pool,International Standard Lift,Generator Backup,Rooftop Landscaping,Badminton Court,Community Space,Fire Protection,Fitness Center,Guard Accommodation,Guard Post,Indoor Games,Prayer Space,Reception,Smart Home Feature,Lobby Lounge"
Omeras,Apartment,3,3,1,2500,2021,https://bestbari.com/flat-sale-dhaka/omeras/,"Full Load Power Backup,Interior Designed Lobbies,Parking,Landscaping,Fire Fighting and Detection System,Swimming Pool,International Standard Lift,Generator Backup,Multipurpose Room for Prayer and Meeting,Badminton Court,Security Room,Fire Protection,Fitness Center,Guard Post,Indoor Games,Reception,Smart Home Feature,VRF Air Conditioning,Lobby Lounge"
Memory 71,Apartment,3,3,1,1800,2021,https://bestbari.com/flat-sale-dhaka/memory-71/,"Interior Designed Lobbies,Parking,Landscaping,Security Surveillance System,Fire Fighting and Detection System,International Standard Lift,Generator Backup,24/7 CCTV Surveillance,Multipurpose Room for Prayer and Meeting,Exercise Studio,Badminton Court,Security Room,Fire Protection,Guard Accommodation,Guard Post,Reception,Lobby Lounge"
Greenwood,Apartment,3,3,1,2800,2020,https://bestbari.com/flat-sale-dhaka/greenwood/,"Parking,International Standard Lift,Generator Backup,Security Room,Community Space,Fire Protection,Reception,Smart Home Feature,Lobby Lounge"
Oriana,Apartment,4,4,1,2100,2021,https://bestbari.com/flat-sale-dhaka/oriana/,"Interior Designed Lobbies,Parking,Fire Fighting and Detection System,International Standard Lift,Generator Backup,24/7 CCTV Surveillance,Waiting Room,Security Room,Community Space,Fire Protection,Reception,Lobby Lounge"
Flat at Banani,Used Flat,3,4,1,1723,2013,https://bestbari.com/flat-sale-dhaka/flat-at-banani/,"Garage,Common Area,International Standard Lift,Generator Backup,Security Room,Children Play Area,Cloth Drying Area,Fire Protection"
Flat at Gulshan,Used Flat,3,4,1,2100,2007,https://bestbari.com/flat-sale-dhaka/flat-at-gulshan/,"Full Load Power Backup,Parking,Security Surveillance System,International Standard Lift,Generator Backup,Security Room,Fire Protection,Reception,Lobby Lounge"
Flat at Banani,Used Flat,4,4,1,2520,2016,https://bestbari.com/flat-sale-dhaka/flat-at-banani-2/,"Interior Designed Lobbies,Parking,Security Surveillance System,Fire Fighting and Detection System,International Standard Lift,Generator Backup,24/7 CCTV Surveillance,Waiting Lobby,Security Room,Children Play Area,Cloth Drying Area,Fire Protection,Guard Post,Reception"
Apartment at North Gulshan,Apartment,3,4,1,2500,2013,https://bestbari.com/flat-sale-dhaka/apartment-at-north-gulshan/,"Garage,Corner Plot,Full Load Power Backup,Common Area,Parking,Security Surveillance System,Fire Fighting and Detection System,International Standard Lift,Stretcher Lift,Generator Backup,Cloth Drying Area,Community Space"
Flat at Gulshan-2,Apartment,3,4,2,3200,2014,https://bestbari.com/flat-sale-dhaka/flat-at-gulshan-2/,"Garage,Full Load Power Backup,Interior Designed Lobbies,Common Area,Security Surveillance System,Fire Fighting and Detection System,International Standard Lift,Generator Backup,Security Room,Children Play Area,Cloth Drying Area"
Corner Plot Apartment at Gulshan 1,Apartment,4,5,2,3140,2917,https://bestbari.com/flat-sale-dhaka/corner-plot-apartment-at-gulshan-1/,"Corner Plot,Full Load Power Backup,Parking,Security Surveillance System,Fire Fighting and Detection System,International Standard Lift,Generator Backup,Security Room,Cloth Drying Area,Community Space,Fire Protection,Prayer Space,Smart Home Feature"
Apartment at Baridhara,Used Flat,4,4,2,3200,2015,https://bestbari.com/flat-sale-dhaka/apartment-at-baridhara/,"Garage,Interior Designed Lobbies,Common Area,Security Surveillance System,Fire Fighting and Detection System,International Standard Lift,Generator Backup,Security Room,Children Play Area,Cloth Drying Area,Fire Protection,Guard Post,Reception"
Flat at Banani,Apartment,4,4,1,2700,2014,https://bestbari.com/flat-sale-dhaka/flat-at-banani-3/,"Garage,Common Area,Parking,Security Surveillance System,Fire Fighting and Detection System,International Standard Lift,Generator Backup,24/7 CCTV Surveillance,Security Room,Children Play Area,Cloth Drying Area,Prayer Space"
Flat at North Gulshan,Used Flat,4,4,1,4400,2016,https://bestbari.com/flat-sale-dhaka/flat-at-north-gulshan-2/,"Garage,Interior Designed Lobbies,Common Area,Parking,Security Surveillance System,International Standard Lift,Generator Backup,24/7 CCTV Surveillance,Waiting Room,Security Room,Children Play Area,Cloth Drying Area,Fire Protection,Guard Post,Reception"
Flat at Banani,Used Flat,4,4,2,3000,2013,https://bestbari.com/flat-sale-dhaka/flat-at-banani-4/,"Full Load Power Backup,Common Area,Parking,Security Surveillance System,Fire Fighting and Detection System,International Standard Lift,Generator Backup,Waiting Lobby,Children Play Area,Cloth Drying Area,Fire Protection,Guard Post,Reception,Lobby Lounge"
Concord Shongshoptak,Apartment,5,5,1,5475,2022,https://bestbari.com/flat-sale-dhaka/concord-shongshoptak/,"Air Conditioning,Full Load Power Backup,Interior Designed Lobbies,Common Area,Double Glazed Glass Window,Multi Level Basement Car Parking,Security Surveillance System,Fire Fighting and Detection System,Swimming Pool,International Standard Lift,Generator Backup,24/7 CCTV Surveillance,Rooftop Landscaping,Multipurpose Room for Prayer and Meeting,Exercise Studio,Waiting Lobby,Automated Watering System,Security Room,Community Space,Fire Protection,Fitness Center,Infinity Swimming Pool,Lighting and Water Feature,Reception,Smart Home Feature,Lobby Lounge"
Lake view apartment at Gulshan,Used Flat,4,4,1,2600,2008,https://bestbari.com/flat-sale-dhaka/lake-view-apartment-at-gulshan/,"Garage,Full Load Power Backup,Interior Designed Lobbies,Common Area,Parking,Landscaping,Security Surveillance System,Fire Fighting and Detection System,International Standard Lift,Generator Backup,24/7 CCTV Surveillance,Waiting Lobby,Children Play Area,Cloth Drying Area,Guard Post,Reception"
Northern Lights,Apartment,4,4,1,6435,2021,https://bestbari.com/flat-sale-dhaka/northern-lights/,"Air Conditioning,Full Load Power Backup,Interior Designed Lobbies,Common Area,Parking,Landscaping,Security Surveillance System,Fire Fighting and Detection System,Swimming Pool,International Standard Lift,Generator Backup,24/7 CCTV Surveillance,Rooftop Landscaping,Multipurpose Room for Prayer and Meeting,Waiting Lobby,Gym,Automated Watering System,Children Play Area,Fire Protection,Fitness Center,Lighting and Water Feature,Reception,Lobby Lounge"
Chisty's Yacht,Apartment,4,5,1,3544,2021,https://bestbari.com/flat-sale-dhaka/chistys-yacht/,"Air Conditioning,Full Load Power Backup,Interior Designed Lobbies,Double Glazed Glass Window,Multi Level Basement Car Parking,Landscaping,Security Surveillance System,Fire Fighting and Detection System,Swimming Pool,International Standard Lift,Generator Backup,24/7 CCTV Surveillance,Rooftop Landscaping,Multipurpose Room for Prayer and Meeting,Security Room,Fitness Center,Reception,Lobby Lounge"
The Landing 104,Apartment,3,3,1,3500,2022,https://bestbari.com/flat-sale-dhaka/the-landing-104/,"Air Conditioning,Full Load Power Backup,Interior Designed Lobbies,Common Area,Parking,Landscaping,Security Surveillance System,Fire Fighting and Detection System,Swimming Pool,International Standard Lift,Generator Backup,24/7 CCTV Surveillance,Rooftop Landscaping,Waiting Room,Waiting Lobby,Gym,Security Room,Children Play Area,Community Space,Fire Protection,Reception,Lobby Lounge"
Concord Rafat Kamar,Apartment,3,4,1,2475,2022,https://bestbari.com/flat-sale-dhaka/concord-rafat-kamar/,"Air Conditioning,Corner Plot,Full Load Power Backup,Interior Designed Lobbies,Common Area,Parking,Landscaping,Security Surveillance System,Fire Fighting and Detection System,Swimming Pool,International Standard Lift,Stretcher Lift,Generator Backup,24/7 CCTV Surveillance,Rooftop Landscaping,Multipurpose Room for Prayer and Meeting,Waiting Lobby,Fire Protection,Fitness Center,Reception,Smart Home Feature,Lobby Lounge"
Skymark,Apartment,4,4,2,5611,2021,https://bestbari.com/flat-sale-dhaka/skymark/,"Air Conditioning,Full Load Power Backup,Interior Designed Lobbies,Common Area,Double Glazed Glass Window,Multi Level Basement Car Parking,Landscaping,Security Surveillance System,Fire Fighting and Detection System,International Standard Lift,Stretcher Lift,Generator Backup,24/7 CCTV Surveillance,Rooftop Landscaping,Multipurpose Room for Prayer and Meeting,Gym,Security Room,Children Play Area,Community Space,Fire Protection,Fitness Center,Reception,Lobby Lounge"
The Serenity,Apartment,4,4,1,4055,2022,https://bestbari.com/flat-sale-dhaka/the-serenity/,"Full Load Power Backup,Interior Designed Lobbies,Common Area,Parking,Landscaping,Security Surveillance System,Fire Fighting and Detection System,International Standard Lift,Generator Backup,Exercise Studio,Gym,Security Room,Fire Protection,Lighting and Water Feature,Reception,Lobby Lounge"
Sheltech Mozendra,"Apartment, Commercial",3,3,1,1750,,https://bestbari.com/flat-sale-dhaka/sheltech-mozendra/,"Full Load Power Backup,Common Area,Parking,Security Surveillance System,Fire Fighting and Detection System,International Standard Lift,Stretcher Lift,Generator Backup,Multipurpose Room for Prayer and Meeting,Children Play Area,Driver Waiting,Fire Protection,Guard Accommodation,Guard Post,Reception,Lobby Lounge"
Sheltech Zahara Bakul,Apartment,4,4,1,2877,2021,https://bestbari.com/flat-sale-dhaka/sheltech-zahara-bakul/,"Common Area,Parking,International Standard Lift,Generator Backup,Waiting Room,Security Room,Children Play Area,Cloth Drying Area,Fire Protection,Guard Post,Reception,Lobby Lounge"
Sheltech Rebecca,Apartment,3,3,1,1824,2021,https://bestbari.com/flat-sale-dhaka/sheltech-rebecca/,"Full Load Power Backup,Parking,International Standard Lift,Generator Backup,Security Room,Children Play Area,Cloth Drying Area,Community Space,Fire Protection,Guard Post,Reception,Lobby Lounge"
Navana Arch Legacy,Apartment,4,4,1,4780,2022,https://bestbari.com/flat-sale-dhaka/navana-arch-legacy/,"Full Load Power Backup,Interior Designed Lobbies,Common Area,Parking,Landscaping,Security Surveillance System,Fire Fighting and Detection System,Swimming Pool,International Standard Lift,Stretcher Lift,Generator Backup,24/7 CCTV Surveillance,Rooftop Landscaping,Children Play Area,Cloth Drying Area,Community Space,Fire Protection,Reception,Lobby Lounge"
Navana Silverwood,Apartment,4,5,1,3425,2021,https://bestbari.com/flat-sale-dhaka/navana-silverwood/,"Full Load Power Backup,Interior Designed Lobbies,Common Area,Parking,Fire Fighting and Detection System,Swimming Pool,International Standard Lift,Generator Backup,Gym,Security Room,Fire Protection,Reception,Lobby Lounge"
Navana Wedgewood,Apartment,3,4,1,3998,2022,https://bestbari.com/flat-sale-dhaka/navana-wedgewood/,"Air Conditioning,Full Load Power Backup,Interior Designed Lobbies,Common Area,Double Glazed Glass Window,Multi Level Basement Car Parking,Parking,Landscaping,Security Surveillance System,Fire Fighting and Detection System,Swimming Pool,International Standard Lift,Stretcher Lift,Generator Backup,24/7 CCTV Surveillance,Rooftop Landscaping,Waiting Room,Exercise Studio,Waiting Lobby,Gym,Community Space,Fire Protection,Guard Post,Reception,Lobby Lounge"
Navana Kisholoy,Apartment,4,5,2,3669,2021,https://bestbari.com/flat-sale-dhaka/navana-kisholoy/,"Air Conditioning,Full Load Power Backup,Interior Designed Lobbies,Common Area,Parking,Landscaping,Security Surveillance System,Fire Fighting and Detection System,Swimming Pool,International Standard Lift,Generator Backup,24/7 CCTV Surveillance,Rooftop Landscaping,Multipurpose Room for Prayer and Meeting,Security Room,Community Space,Fire Protection,Guard Post,Reception,Lobby Lounge"
Navana Shatadal Leaf,Apartment,4,5,2,3721,2022,https://bestbari.com/flat-sale-dhaka/navana-shatadal-leaf/,"Common Area,Parking,Landscaping,Security Surveillance System,Fire Fighting and Detection System,Swimming Pool,International Standard Lift,Generator Backup,24/7 CCTV Surveillance,Waiting Room,Gym,Security Room,Community Space,Fire Protection,Reception,Lobby Lounge"
Navana Chanelle De Zohra,Apartment,4,4,2,3418,2021,https://bestbari.com/flat-sale-dhaka/navana-chanelle-de-zohra/,"Air Conditioning,Full Load Power Backup,Multi Level Basement Car Parking,Parking,Landscaping,Security Surveillance System,Fire Fighting and Detection System,Swimming Pool,International Standard Lift,Generator Backup,24/7 CCTV Surveillance,Multipurpose Room for Prayer and Meeting,Waiting Lobby,Gym,Community Space,Fire Protection,Guard Post,Reception,Smart Home Feature,Lobby Lounge"
Angan,Apartment,4,4,1,3450,2021,https://bestbari.com/flat-sale-dhaka/angan/,"Garden,Full Load Power Backup,Interior Designed Lobbies,Parking,Landscaping,Security Surveillance System,Fire Fighting and Detection System,International Standard Lift,Generator Backup,24/7 CCTV Surveillance,Rooftop Landscaping,Exercise Studio,Automated Watering System,Security Room,Children Play Area,Community Space,Fire Protection,Reception,Lobby Lounge"
Lakehouse,Apartment,4,4,1,3513,2021,https://bestbari.com/flat-sale-dhaka/lakehouse/,"Air Conditioning,Full Load Power Backup,Interior Designed Lobbies,Common Area,Parking,Landscaping,Security Surveillance System,Fire Fighting and Detection System,International Standard Lift,Generator Backup,24/7 CCTV Surveillance,Exercise Studio,Gym,Community Space,Fire Protection,Reception,Lobby Lounge"
Jalalabad House,Apartment,4,4,2,4226,2021,https://bestbari.com/flat-sale-dhaka/jalalabad-house/,"Air Conditioning,Full Load Power Backup,Interior Designed Lobbies,Common Area,Parking,Landscaping,Security Surveillance System,Fire Fighting and Detection System,Swimming Pool,International Standard Lift,Generator Backup,24/7 CCTV Surveillance,Rooftop Landscaping,Waiting Room,Exercise Studio,Automated Watering System,Security Room,Children Play Area,Community Space,Fire Protection,Guard Post,Infinity Swimming Pool,Reception,Lobby Lounge"
Araddho,Apartment,3,3,1,2368,2021,https://bestbari.com/flat-sale-dhaka/araddho/,"Garage,Interior Designed Lobbies,Common Area,Double Glazed Glass Window,Multi Level Basement Car Parking,Parking,Landscaping,Security Surveillance System,Fire Fighting and Detection System,International Standard Lift,Generator Backup,24/7 CCTV Surveillance,Rooftop Landscaping,Waiting Room,Waiting Lobby,Gym,Security Room,Children Play Area,Community Space,Fire Protection,Guard Post,Lighting and Water Feature,Reception,Lobby Lounge"
Akashprodip,"Apartment, Residential",4,4,1,2440,,https://bestbari.com/flat-sale-dhaka/akashprodip/,"Interior Designed Lobbies,Common Area,Multi Level Basement Car Parking,Landscaping,Security Surveillance System,Fire Fighting and Detection System,International Standard Lift,Generator Backup,24/7 CCTV Surveillance,Multipurpose Room for Prayer and Meeting,Waiting Room,Exercise Studio,Automated Watering System,Security Room,Children Play Area,Fire Protection,Guard Post,Reception,Lobby Lounge"
Chitra,Apartment,4,4,1,3702,2020,https://bestbari.com/flat-sale-dhaka/chitra/,"Air Conditioning,Full Load Power Backup,Interior Designed Lobbies,Common Area,Multi Level Basement Car Parking,Landscaping,Security Surveillance System,Fire Fighting and Detection System,Swimming Pool,International Standard Lift,Generator Backup,24/7 CCTV Surveillance,Rooftop Landscaping,Waiting Room,Gym,Automated Watering System,Children Play Area,Fire Protection,Guard Post,Lighting and Water Feature,Reception,Lobby Lounge"
Digonto,Apartment,3,3,1,2900,2021,https://bestbari.com/flat-sale-dhaka/digonto/,"Air Conditioning,Full Load Power Backup,Interior Designed Lobbies,Common Area,Double Glazed Glass Window,Parking,Landscaping,Security Surveillance System,Fire Fighting and Detection System,Swimming Pool,International Standard Lift,Stretcher Lift,Generator Backup,24/7 CCTV Surveillance,Rooftop Landscaping,Multipurpose Room for Prayer and Meeting,Waiting Room,Exercise Studio,Waiting Lobby,Gym,Automated Watering System,Security Room,Children Play Area,Community Space,Fire Protection,Fitness Center,Guard Accommodation,Guard Post,Indoor Games,Infinity Swimming Pool,Lighting and Water Feature,Reception,Walking Track and Gym,Lobby Lounge"
Park View Old Apartment,Apartment,3,4,1,2500,2015,https://bestbari.com/flat-sale-dhaka/park-view-old-apartment/,"Parking,International Standard Lift,Children Play Area,Cloth Drying Area,Fire Protection,Guard Post"
Apartment In Baridhara,Apartment,4,4,1,3085,2018,https://bestbari.com/flat-sale-dhaka/apartment-in-baridhara/,"Air Conditioning,Garage,Full Load Power Backup,Interior Designed Lobbies,Common Area,Security Surveillance System,Fire Fighting and Detection System,International Standard Lift,Generator Backup,Children Play Area,Cloth Drying Area,Fire Protection,Guard Post,Reception,Lobby Lounge"
Luxurious Apartment,Apartment,4,4,1,3400,2018,https://bestbari.com/flat-sale-dhaka/luxurious-apartment/,"Garage,Interior Designed Lobbies,International Standard Lift,Generator Backup,Security Room,Children Play Area,Cloth Drying Area,Fire Protection,Guard Post,Reception,Lobby Lounge"
Apartment At Gulshan,Apartment,4,4,2,3400,2017,https://bestbari.com/flat-sale-dhaka/apartment-at-gulshan/,"Garage,Common Area,International Standard Lift,Generator Backup,Security Room,Reception,Lobby Lounge"
Luxurious Apartment,Apartment,4,4,2,4000,,https://bestbari.com/flat-sale-dhaka/luxurious-apartment-2/,"Air Conditioning,Full Load Power Backup,Interior Designed Lobbies,Common Area,Double Glazed Glass Window,Parking,Landscaping,Security Surveillance System,Fire Fighting and Detection System,Swimming Pool,International Standard Lift,Generator Backup,24/7 CCTV Surveillance,Exercise Studio,Gym,Security Room,Children Play Area,Fire Protection,Reception,Smart Home Feature,Lobby Lounge"
Apartment in Banani,Apartment,4,3,1,2300,2018,https://bestbari.com/flat-sale-dhaka/apartment-in-banani/,"Full Load Power Backup,Parking,International Standard Lift,Generator Backup,Fire Protection,Reception,Lobby Lounge"
Luxurious Lake View Apartment,Apartment,4,4,2,3450,2019,https://bestbari.com/flat-sale-dhaka/luxurious-lake-view-apartment/,"Air Conditioning,Garden,Interior Designed Lobbies,Parking,Landscaping,Security Surveillance System,Fire Fighting and Detection System,Swimming Pool,International Standard Lift,Generator Backup,24/7 CCTV Surveillance,Rooftop Landscaping,Multipurpose Room for Prayer and Meeting,Gym,Security Room,Children Play Area,Cloth Drying Area,Community Space,Fire Protection,Reception,Lobby Lounge"
Apartment In Bashundhara,Apartment,3,3,1,1400,2019,https://bestbari.com/flat-sale-dhaka/apartment-in-bashundhara/,"Parking,International Standard Lift,Generator Backup,Security Room,Children Play Area,Cloth Drying Area,Fire Protection,Reception"
Apartment @ Gulshan-2,Apartment,3,3,1,2665,2005,https://bestbari.com/flat-sale-dhaka/apartment-gulshan-2/,"Parking,International Standard Lift,Generator Backup,Children Play Area,Cloth Drying Area,Guard Post"
Apartment @ Poribag,Apartment,3,3,1,2200,1995,https://bestbari.com/flat-sale-dhaka/apartment-poribag/,"Garage,International Standard Lift,Generator Backup,Children Play Area,Cloth Drying Area,Community Space,Fire Protection,Guard Post"
Apartment @ Baridhara,Apartment,4,4,2,3685,2020,https://bestbari.com/flat-sale-dhaka/apartment-baridhara/,"Air Conditioning,Full Load Power Backup,Interior Designed Lobbies,Parking,Landscaping,Security Surveillance System,Fire Fighting and Detection System,International Standard Lift,Stretcher Lift,Generator Backup,Rooftop Landscaping,Multipurpose Room for Prayer and Meeting,Gym,Children Play Area,Fire Protection,Fitness Center,Guard Post,Reception,Lobby Lounge"
Apartment @ Gulshan,Apartment,4,3,2,2950,2021,https://bestbari.com/flat-sale-dhaka/apartment-gulshan/,"Parking,International Standard Lift,Generator Backup,Rooftop Landscaping,Children Play Area,Cloth Drying Area,Community Space,Fire Protection,Reception,Lobby Lounge"
Apartment @ Mohammadpur.,Apartment,4,4,2,4100,2021,https://bestbari.com/flat-sale-dhaka/apartment-mohammadpur/,"Garage,Common Area,International Standard Lift,Generator Backup,Fire Protection,Guard Post,Reception"
Apartment @ Gulshan,Apartment,4,3,1,2818,2018,https://bestbari.com/flat-sale-dhaka/apartment-gulshan-3/,"Full Load Power Backup,Interior Designed Lobbies,Common Area,Parking,Generator Backup,Gym,Children Play Area,Cloth Drying Area,Guard Post,Reception,Lobby Lounge"
Apartment @ Badda,Apartment,3,2,,1050,2021,https://bestbari.com/flat-sale-dhaka/apartment-badda/,"Common Area,International Standard Lift,Generator Backup,Reception"
Apartment @ Sobujbag,Apartment,3,3,1,1400,2021,https://bestbari.com/flat-sale-dhaka/apartment-sobujbag/,"Full Load Power Backup,Common Area,Parking,International Standard Lift,Generator Backup,Children Play Area,Cloth Drying Area,Fire Protection,Guard Post,Reception"
Apartment In Gulshan,Used Flat,3,3,1,2150,2020,https://bestbari.com/flat-sale-dhaka/apartment-in-gulshan/,"Garage,Corner Plot,Full Load Power Backup,Common Area,Parking,Fire Fighting and Detection System,Swimming Pool,International Standard Lift,Stretcher Lift,Generator Backup,Gym,Community Space,Fire Protection,Reception,Lobby Lounge"
Flat @ Shaymoli,Apartment,3,3,,1200,2021,https://bestbari.com/flat-sale-dhaka/flat-shaymoli/,"Full Load Power Backup,Common Area,International Standard Lift,Generator Backup,Children Play Area,Cloth Drying Area"
Ready Flat at Gulshan,Used Flat,4,5,2,3400,2016,https://bestbari.com/flat-sale-dhaka/ready-flat-at-gulshan/,"Air Conditioning,Full Load Power Backup,Interior Designed Lobbies,Common Area,Parking,Landscaping,Security Surveillance System,Fire Fighting and Detection System,Swimming Pool,International Standard Lift,Generator Backup,24/7 CCTV Surveillance,Gym,BBQ Area,Guard Post"
Well Maintained Flat in Banani,Used Flat,3,3,2,2750,2017,https://bestbari.com/flat-sale-dhaka/well-maintained-flat-in-banani/,"Air Conditioning,Common Area,Parking,Landscaping,Security Surveillance System,Fire Fighting and Detection System,International Standard Lift,Generator Backup,Waiting Room,Children Play Area,Cloth Drying Area,Community Space,Guard Post,Reception"
Flat at North Gulshan,Used Flat,3,4,1,2560,2010,https://bestbari.com/flat-sale-dhaka/flat-at-north-gulshan/,"Garage,Common Area,Parking,Security Surveillance System,Fire Fighting and Detection System,International Standard Lift,Generator Backup,24/7 CCTV Surveillance,BBQ Area,Security Room,Fire Protection,Guard Post"
Luxurious Apartment Near Gulshan Club,Used Flat,4,5,2,4200,2018,https://bestbari.com/flat-sale-dhaka/luxurious-apartment-near-gulshan-club/,"Air Conditioning,Garage,Full Load Power Backup,Interior Designed Lobbies,Double Glazed Glass Window,Parking,Security Surveillance System,Fire Fighting and Detection System,International Standard Lift,Generator Backup,24/7 CCTV Surveillance,Gym,BBQ Area,Fire Protection,Guard Post,Lobby Lounge"
Luxury Apartment at Gulshan,Used Flat,4,5,2,4000,2019,https://bestbari.com/flat-sale-dhaka/luxury-apartment-at-gulshan/,"Air Conditioning,Garage,Full Load Power Backup,Interior Designed Lobbies,Common Area,Double Glazed Glass Window,Multi Level Basement Car Parking,Landscaping,Security Surveillance System,Fire Fighting and Detection System,Swimming Pool,International Standard Lift,Generator Backup,24/7 CCTV Surveillance,Gym,BBQ Area,Security Room,Children Play Area,Cloth Drying Area,Fire Protection,Guard Post,Prayer Space,Reception"
Nice Flat at Gulshan,Used Flat,4,4,2,3030,2009,https://bestbari.com/flat-sale-dhaka/nice-flat-at-gulshan/,"Garage,Full Load Power Backup,Interior Designed Lobbies,Common Area,Parking,Security Surveillance System,Fire Fighting and Detection System,International Standard Lift,Generator Backup,24/7 CCTV Surveillance,Children Play Area,Cloth Drying Area,Community Space,Fire Protection,Guard Post,Prayer Space,Reception"
Flat at Gulshan,Apartment,4,4,2,3200,2021,https://bestbari.com/flat-sale-dhaka/flat-at-gulshan-3/,"Air Conditioning,Garage,Full Load Power Backup,Interior Designed Lobbies,Parking,Security Surveillance System,Fire Fighting and Detection System,International Standard Lift,Generator Backup,24/7 CCTV Surveillance,Security Room,Children Play Area,Cloth Drying Area,Guard Post,Reception"
Momento,Used Flat,3,5,1,3100,,https://bestbari.com/flat-sale-dhaka/momento/,"Air Conditioning,Garage,Full Load Power Backup,Interior Designed Lobbies,Common Area,Parking,Landscaping,Security Surveillance System,Fire Fighting and Detection System,International Standard Lift,Generator Backup,Waiting Room,Security Room,Children Play Area,Cloth Drying Area,Fire Protection,Guard Post,Prayer Space"
Luxury Flat at Gulshan,Used Flat,3,5,1,2612,2020,https://bestbari.com/flat-sale-dhaka/luxury-flat-at-gulshan/,"Garage,Full Load Power Backup,Interior Designed Lobbies,Parking,Security Surveillance System,Fire Fighting and Detection System,International Standard Lift,Generator Backup,Waiting Room,Security Room,Children Play Area,Cloth Drying Area,Community Space,Fire Protection,Fitness Center,Guard Post,Prayer Space,Reception"
Flat at Boshundhara,Used Flat,4,4,2,2268,2018,https://bestbari.com/flat-sale-dhaka/flat-at-boshundhara/,"Garage,Full Load Power Backup,Interior Designed Lobbies,Common Area,Security Surveillance System,Fire Fighting and Detection System,International Standard Lift,Generator Backup,Waiting Room,Waiting Lobby,Fire Protection,Guard Accommodation,Guard Post,Reception,Lobby Lounge"
Flat at Baridhara,Used Flat,2,2,1,1000,,https://bestbari.com/flat-sale-dhaka/flat-at-baridhara/,"Garage,Full Load Power Backup,Interior Designed Lobbies,Common Area,Parking,Fire Fighting and Detection System,International Standard Lift,Generator Backup,Fire Protection,Guard Post"
Apartment near Gulshan club,Used Flat,4,5,2,5200,2016,https://bestbari.com/flat-sale-dhaka/apartment-near-gulshan-club/,"Air Conditioning,Corner Plot,Full Load Power Backup,Interior Designed Lobbies,Common Area,Double Glazed Glass Window,Multi Level Basement Car Parking,Parking,Security Surveillance System,Fire Fighting and Detection System,International Standard Lift,Generator Backup,24/7 CCTV Surveillance,Exercise Studio,Gym,Security Room,Fire Protection,Guard Post,Indoor Games,Reception,Smart Home Feature"
Flat at Uttara,Apartment,3,3,1,1172,,https://bestbari.com/flat-sale-dhaka/flat-at-uttara/,"Garage,Full Load Power Backup,Parking,International Standard Lift,Generator Backup,Cloth Drying Area,Fire Protection,Prayer Space"
Flat at Dhanmondi,Used Flat,3,4,1,1600,2020,https://bestbari.com/flat-sale-dhaka/flat-at-dhanmondi/,"Garage,Common Area,Security Surveillance System,Fire Fighting and Detection System,International Standard Lift,Generator Backup,Driver Waiting,Fire Protection,Guard Post,Reception"
Ready Flat Sale In Gulshan,Apartment,3,3,1,2696,2020,https://bestbari.com/flat-sale-dhaka/ready-flat-sale-in-gulshan/,"Garage,Full Load Power Backup,Interior Designed Lobbies,Security Surveillance System,Fire Fighting and Detection System,International Standard Lift,Generator Backup,Rooftop Landscaping,Waiting Room,Gym,Children Play Area,Cloth Drying Area,Community Space,Fire Protection,Guard Post,Prayer Space,Reception,Lobby Lounge"
Flat at Mirpur,Apartment,3,4,1,1872,,https://bestbari.com/flat-sale-dhaka/flat-at-mirpur/,"Garage,Interior Designed Lobbies,Common Area,Security Surveillance System,Fire Fighting and Detection System,International Standard Lift,Generator Backup,Badminton Court,Children Play Area,Cloth Drying Area,Community Space,Fire Protection,Guard Post,Playground,Reception"
Flat at Uttara,Apartment,4,5,1,3000,,https://bestbari.com/flat-sale-dhaka/flat-at-uttara-2/,"Garage,Garden,Interior Designed Lobbies,Security Surveillance System,Fire Fighting and Detection System,International Standard Lift,Generator Backup,Children Play Area,Cloth Drying Area,Community Space,Fire Protection,Guard Post,Reception,Lobby Lounge"
Flat at Uttara,Used Flat,5,4,1,2410,2018,https://bestbari.com/flat-sale-dhaka/flat-at-uttara-3/,"Garage,Corner Plot,Full Load Power Backup,Interior Designed Lobbies,Security Surveillance System,Fire Fighting and Detection System,International Standard Lift,Generator Backup,Children Play Area,Cloth Drying Area,Community Space,Fire Protection,Guard Post,Prayer Space,Reception"
Flat at Banani,Apartment,3,4,1,2200,,https://bestbari.com/flat-sale-dhaka/flat-at-banani-5/,"Garage,Interior Designed Lobbies,Common Area,Security Surveillance System,Fire Fighting and Detection System,International Standard Lift,Generator Backup,Children Play Area,Cloth Drying Area,Community Space,Fire Protection,Guard Post,Reception"
Apartment at Gulshan,Used Flat,3,4,1,2850,,https://bestbari.com/flat-sale-dhaka/apartment-at-gulshan-2/,"Garage,Interior Designed Lobbies,Common Area,Security Surveillance System,Fire Fighting and Detection System,International Standard Lift,Generator Backup,Waiting Room,Children Play Area,Cloth Drying Area,Community Space,Fire Protection,Guard Post,Prayer Space,Reception,Lobby Lounge"
EDISON KAZI CAMELLIA,Apartment,3,3,1,1350,,https://bestbari.com/flat-sale-dhaka/edison-kazi-camellia/,"Air Conditioning,Garage,Full Load Power Backup,Interior Designed Lobbies,Parking,Security Surveillance System,Fire Fighting and Detection System,International Standard Lift,Generator Backup,Children Play Area,Cloth Drying Area,Community Space,Guard Post,Reception,Lobby Lounge"
EDISON ROSALIND,Apartment,4,4,1,2275,2024,https://bestbari.com/flat-sale-dhaka/edison-rosalind/,"Air Conditioning,Garage,Interior Designed Lobbies,Parking,Security Surveillance System,Fire Fighting and Detection System,International Standard Lift,Generator Backup,Waiting Lobby,Security Room,Children Play Area,Cloth Drying Area,Community Space,Fire Protection,Guard Post,Reception,Lobby Lounge"
EDISON ANGELO,Apartment,4,5,2,4610,2025,https://bestbari.com/flat-sale-dhaka/edison-angelo/,"Air Conditioning,Garage,Interior Designed Lobbies,Common Area,Security Surveillance System,Fire Fighting and Detection System,Swimming Pool,International Standard Lift,Generator Backup,Security Room,Children Play Area,Cloth Drying Area,Fire Protection,Guard Post,Reception,Lobby Lounge"
EDISON OTHELLO,Apartment,3,3,1,2260,2024,https://bestbari.com/flat-sale-dhaka/edison-othello/,"Air Conditioning,Garage,Interior Designed Lobbies,Common Area,Security Surveillance System,Fire Fighting and Detection System,International Standard Lift,Stretcher Lift,Generator Backup,Rooftop Landscaping,Security Room,Children Play Area,Cloth Drying Area,Fire Protection,Guard Post,Prayer Space,Lobby Lounge"
EDISON TITANIA,Apartment,4,4,2,3090,2025,https://bestbari.com/flat-sale-dhaka/edison-titania/,"Air Conditioning,Garage,Interior Designed Lobbies,Common Area,Security Surveillance System,Fire Fighting and Detection System,Swimming Pool,International Standard Lift,Generator Backup,Rooftop Landscaping,Fire Protection,Fitness Center,Guard Post,Reception,Lobby Lounge"
EDISON SOUTH SERENADE,Apartment,3,3,1,2090,2022,https://bestbari.com/flat-sale-dhaka/edison-south-serenade/,"Garage,Full Load Power Backup,Interior Designed Lobbies,Common Area,Parking,Security Surveillance System,Fire Fighting and Detection System,International Standard Lift,Generator Backup,Security Room,Children Play Area,Cloth Drying Area,Community Space,Driver Waiting,Fire Protection,Prayer Space,Reception,Lobby Lounge"
EDISON CASTALIA,Apartment,3,3,1,1268,2022,https://bestbari.com/flat-sale-dhaka/edison-castalia/,"Air Conditioning,Garage,Full Load Power Backup,Interior Designed Lobbies,Common Area,Parking,Security Surveillance System,Fire Fighting and Detection System,International Standard Lift,Generator Backup,Waiting Room,Security Room,Children Play Area,Cloth Drying Area,Prayer Space,Reception"
EDISON APRICUS,Apartment,4,4,1,3020,2025,https://bestbari.com/flat-sale-dhaka/edison-apricus/,"Air Conditioning,Garage,Full Load Power Backup,Interior Designed Lobbies,Parking,Security Surveillance System,Fire Fighting and Detection System,Swimming Pool,International Standard Lift,Generator Backup,Waiting Room,Security Room,Children Play Area,Cloth Drying Area,Community Space,Fire Protection,Fitness Center,Guard Post,Reception"
EDISON AMOUR,Apartment,3,3,1,2900,2025,https://bestbari.com/flat-sale-dhaka/edison-amour/,"Air Conditioning,Garden,Full Load Power Backup,Interior Designed Lobbies,Common Area,Double Glazed Glass Window,Multi Level Basement Car Parking,Parking,Landscaping,Security Surveillance System,Fire Fighting and Detection System,Swimming Pool,International Standard Lift,Generator Backup,24/7 CCTV Surveillance,Rooftop Landscaping,Gym,Security Room,Children Play Area,Cloth Drying Area,Guard Post,Reception,Lobby Lounge"
EDISON LAVENDER,Apartment,3,3,1,2450,2022,https://bestbari.com/flat-sale-dhaka/edison-lavender/,"Air Conditioning,Garage,Full Load Power Backup,Interior Designed Lobbies,Common Area,Parking,Landscaping,Security Surveillance System,Fire Fighting and Detection System,International Standard Lift,Generator Backup,Security Room,Community Space,Fire Protection,Guard Post,Reception"
MIR M.R. MEMENTO,Apartment,4,4,1,2185,,https://bestbari.com/flat-sale-dhaka/mir-m-r-memento/,"Garage,Full Load Power Backup,Interior Designed Lobbies,Common Area,Security Surveillance System,Fire Fighting and Detection System,International Standard Lift,Generator Backup,Waiting Room,Driver Waiting,Guard Post,Prayer Space,Reception"
MIR NOOR SQUARE,Apartment,4,4,1,3606,2021,https://bestbari.com/flat-sale-dhaka/mir-noor-square/,"Garage,Full Load Power Backup,Interior Designed Lobbies,Common Area,Multi Level Basement Car Parking,Parking,Security Surveillance System,Fire Fighting and Detection System,International Standard Lift,Stretcher Lift,Generator Backup,Waiting Room,Waiting Lobby,Security Room,Community Space,Fire Protection,Prayer Space,Reception,Lobby Lounge"
EDISON IRIDA,Apartment,3,3,1,1426,2023,https://bestbari.com/flat-sale-dhaka/edison-irida/,"Air Conditioning,Garage,Full Load Power Backup,Interior Designed Lobbies,Common Area,Multi Level Basement Car Parking,Parking,Landscaping,Security Surveillance System,Fire Fighting and Detection System,International Standard Lift,Generator Backup,Waiting Room,Exercise Studio,Waiting Lobby,Fire Protection,Reception"
Assure Point Bashundhara,Residential,4,3,1,1828,,https://bestbari.com/flat-sale-dhaka/assure-point-bashundhara/,"Garage,Garden,Parking,Generator Backup,Security Room,Cloth Drying Area,Community Space"
MIR PREMIERE,Apartment,3,3,1,1884,2021,https://bestbari.com/flat-sale-dhaka/mir-premiere/,"Garage,Full Load Power Backup,Interior Designed Lobbies,Common Area,Security Surveillance System,Fire Fighting and Detection System,International Standard Lift,Stretcher Lift,Generator Backup,Waiting Room,Waiting Lobby,Children Play Area,Cloth Drying Area,Community Space,Driver Waiting,Guard Post,Reception,Lobby Lounge"
Used Apartment Sale At North Gulshan-2,Apartment,4,4,1,3400 SQFT,,https://bestbari.com/flat-sale-dhaka/used-apartment-sale-at-north-gulshan-2/,"Garage,Parking,Security Room,Guard Accommodation"
Brand New Apartment At Bashundhara,Apartment,3,3,1,1580,2023,https://bestbari.com/flat-sale-dhaka/brand-new-apartment-at-bashundhara/,"Garage,Parking,Generator Backup,Security Room,Guard Accommodation"
Ventura Carmelo,Apartment,,,1,,,https://bestbari.com/flat-sale-dhaka/ventura-carmelo/,"Garage,Full Load Power Backup,Parking,Security Surveillance System,Fire Fighting and Detection System,Generator Backup,24/7 CCTV Surveillance,Rooftop Landscaping,BBQ Area,Community Space,Fire Protection,Guard Accommodation"
Ventura Eden Roc,Apartment,4,4,1,3000,2019,https://bestbari.com/flat-sale-dhaka/ventura-eden-roc/,"Garage,Parking,Security Surveillance System,Fire Fighting and Detection System,Generator Backup,24/7 CCTV Surveillance,BBQ Area,Security Room,Community Space,Fire Protection,Guard Accommodation,Lobby Lounge"
Ventura Verona,Apartment,,,1,,,https://bestbari.com/flat-sale-dhaka/ventura-verona/,"Garage,Parking,Landscaping,Security Surveillance System,Fire Fighting and Detection System,Generator Backup,24/7 CCTV Surveillance,Rooftop Landscaping,Multipurpose Room for Prayer and Meeting,BBQ Area,Security Room,Community Space,Guard Accommodation,Infinity Swimming Pool,Lighting and Water Feature,Rainwater Harvesting"
Ventura Iconia,Apartment,,,1,1700-3500,,https://bestbari.com/flat-sale-dhaka/ventura-iconia/,"Garage,Garden,Interior Designed Lobbies,Parking,Landscaping,Security Surveillance System,Generator Backup,24/7 CCTV Surveillance,BBQ Area,Security Room,Fire Protection,Guard Accommodation"
Ventura Rebecca,Apartment,,,1,,,https://bestbari.com/flat-sale-dhaka/ventura-rebecca/,"Garage,Garden,Interior Designed Lobbies,Parking,Landscaping,Security Surveillance System,Fire Fighting and Detection System,Generator Backup,24/7 CCTV Surveillance,Rooftop Landscaping,BBQ Area,Security Room,Community Space"
Ventura Avenue,"Apartment, Used Flat",,,1,1800-3500,2010,https://bestbari.com/flat-sale-dhaka/ventura-avenue/,"Garage,Interior Designed Lobbies,Parking,Landscaping,Security Surveillance System,Fire Fighting and Detection System,International Standard Lift,24/7 CCTV Surveillance,Rooftop Landscaping,Security Room,Community Space,Fire Protection,Guard Accommodation,Guard Post,Lobby Lounge"
Ventura Rosabella,Apartment,,,1,1700-3500,,https://bestbari.com/flat-sale-dhaka/ventura-rosabella/,"Garage,Parking,Security Surveillance System,Fire Fighting and Detection System,Generator Backup,24/7 CCTV Surveillance,Guard Accommodation"
Ventura Mirabelle,"Apartment, Used Flat",,,1,1500-4000,2008,https://bestbari.com/flat-sale-dhaka/ventura-mirabelle/,"Garage,Parking,Security Surveillance System,Fire Fighting and Detection System,Generator Backup,24/7 CCTV Surveillance,Rooftop Landscaping,Guard Accommodation"
Ventura Cassandra,"Apartment, Used Flat",,,1,1600-3500,2012,https://bestbari.com/flat-sale-dhaka/ventura-cassandra/,"Garage,Garden,Parking,Landscaping,Security Surveillance System,Fire Fighting and Detection System,Generator Backup,24/7 CCTV Surveillance,Rooftop Landscaping,Multipurpose Room for Prayer and Meeting,Gym,Security Room,Community Space,Fire Protection"
Regent Hasina,Apartment,4,5,1,2180,,https://bestbari.com/flat-sale-dhaka/regent-hasina/,"Garage,Common Area,Parking,Security Surveillance System,Generator Backup,24/7 CCTV Surveillance,Guard Accommodation,Reception,Lobby Lounge"
Brand New Apartment at Banani - B,Apartment,3,5,1,2820,,https://bestbari.com/flat-sale-dhaka/brand-new-apartment-at-banani-b/,"Garage,Parking,Security Surveillance System,24/7 CCTV Surveillance,Security Room,Community Space,Guard Accommodation,Reception"
Land at Uttara Sector 12,Land,,,,3 Katha,,https://bestbari.com/flat-sale-dhaka/land-at-uttara-12/,Garage
Brand New Apartment at Banani - A,Apartment,3,5,1,2820,,https://bestbari.com/flat-sale-dhaka/brand-new-apartment-at-banani-a/,"Garage,Common Area,Parking,Security Surveillance System,24/7 CCTV Surveillance,Guard Accommodation,Reception"
Brand New Apartment at Banani - C,Apartment,3,5,1,2820,,https://bestbari.com/flat-sale-dhaka/brand-new-apartment-at-banani-c/,"Garage,Common Area,Parking,Security Surveillance System,24/7 CCTV Surveillance,Community Space,Guard Accommodation,Reception"
Assure Springdale,Apartment,3,3,1,1835,,https://bestbari.com/flat-sale-dhaka/assure-springdale/,"Garage,Parking,Security Surveillance System,Fire Fighting and Detection System,Generator Backup,24/7 CCTV Surveillance,Security Room,Children Play Area,Cloth Drying Area,Community Space,Fire Protection,Guard Accommodation"
Luxurious South-Facing Flat for sale at Mohammadpur,Apartment,4,4,,2030,,https://bestbari.com/flat-sale-dhaka/luxurious-south-facing-flat-for-sale-at-mohammadpur/,"Garage,Parking,Generator Backup,Security Room,Guard Accommodation"
Assure Paradise,Residential,4,4,1,2057,,https://bestbari.com/flat-sale-dhaka/assure-paradise/,"Garage,Garden,Generator Backup,Waiting Room,Security Room,Community Space,Guard Accommodation"
Assure Broadway,"Apartment, Residential",4,3,1,2015,,https://bestbari.com/flat-sale-dhaka/assure-broadway/,"Garage,Generator Backup,Security Room,Guard Post,Reception"
Assure Puspita,Residential,3,3,1,1892,,https://bestbari.com/flat-sale-dhaka/assure-puspita/,"Garage,Garden,Parking,Generator Backup,Children Play Area,Cloth Drying Area,Community Space,Driver Waiting,Guard Accommodation,Guard Post"
MIR TARUN NIKUNJA,Apartment,3,3,1,2600,2021,https://bestbari.com/flat-sale-dhaka/mir-tarun-nikunja/,"Air Conditioning,Garage,Full Load Power Backup,Interior Designed Lobbies,Common Area,Security Surveillance System,Fire Fighting and Detection System,International Standard Lift,Generator Backup,Waiting Room,Exercise Studio,Waiting Lobby,Fire Protection,Guard Post,Reception"
MIR BHUIYAN MANOR,Apartment,3,3,1,1873,2020,https://bestbari.com/flat-sale-dhaka/mir-bhuiyan-manor/,"Garage,Full Load Power Backup,Interior Designed Lobbies,Common Area,Security Surveillance System,Fire Fighting and Detection System,International Standard Lift,Stretcher Lift,Generator Backup,Driver Waiting,Guard Post,Reception"
MIR ARAB,Apartment,3,3,1,1805,2022,https://bestbari.com/flat-sale-dhaka/mir-arab/,"Garage,Full Load Power Backup,Interior Designed Lobbies,Common Area,Parking,Landscaping,Security Surveillance System,Fire Fighting and Detection System,International Standard Lift,Stretcher Lift,Generator Backup,Waiting Room,Security Room,Children Play Area,Cloth Drying Area,Community Space,Prayer Space,Reception"
MIR FIORI SIRAJ,Apartment,3,3,1,1430,2021,https://bestbari.com/flat-sale-dhaka/mir-fiori-siraj/,"Garage,Full Load Power Backup,Interior Designed Lobbies,Common Area,Security Surveillance System,Fire Fighting and Detection System,International Standard Lift,Generator Backup,Waiting Room,Exercise Studio,Waiting Lobby,Security Room,Children Play Area,Cloth Drying Area,Fire Protection,Guard Post,Reception"
Ventura Water Woods,Apartment,3,3,1,2100 SFT,2019,https://bestbari.com/flat-sale-dhaka/ventura-water-woods/,"Garage,Garden,Parking,Security Surveillance System,24/7 CCTV Surveillance,Security Room,Guard Accommodation,Lobby Lounge"
Ventura Cassiopeia,,4,4,1,3700 SFT,2019,https://bestbari.com/flat-sale-dhaka/ventura-cassiopeia/,"Garage,Interior Designed Lobbies,Parking,Security Surveillance System,Fire Fighting and Detection System,24/7 CCTV Surveillance,Multipurpose Room for Prayer and Meeting,Waiting Lobby,Security Room,Children Play Area,Community Space,Fire Protection,Guard Accommodation,Lighting and Water Feature,Playground,Reception,Lobby Lounge"
Ventura North Star,,4,4,1,3350 SFT,2021,https://bestbari.com/flat-sale-dhaka/ventura-north-star/,"Garage,Garden,Interior Designed Lobbies,Parking,Security Surveillance System,Fire Fighting and Detection System,Swimming Pool,24/7 CCTV Surveillance,Gym,BBQ Area,Security Room,Community Space,Fire Protection,Fitness Center,Guard Accommodation,Infinity Swimming Pool,Lighting and Water Feature,Reception,Lobby Lounge"
Ventura Buena Vista,,3,3,1,1950 SFT,2020,https://bestbari.com/flat-sale-dhaka/ventura-buena-vista/,"Garage,Garden,Parking,Landscaping,Security Surveillance System,24/7 CCTV Surveillance,Rooftop Landscaping,Security Room,Children Play Area,Fire Protection,Guard Accommodation,Reception,Lobby Lounge"
Ventura Riverstone,,3,3,1,2350,2020,https://bestbari.com/flat-sale-dhaka/ventura-riverstone/,"Garage,Garden,Corner Plot,Common Area,Parking,Security Surveillance System,24/7 CCTV Surveillance,Community Space,Fire Protection,Guard Accommodation,Reception,Lobby Lounge"
Ventura Artista,,4,4,1,3500 SFT,2019,https://bestbari.com/flat-sale-dhaka/ventura-artista/,"Garage,Corner Plot,Interior Designed Lobbies,Parking,Security Surveillance System,Fire Fighting and Detection System,Generator Backup,24/7 CCTV Surveillance,Multipurpose Room for Prayer and Meeting,Security Room,Community Space,Fire Protection,Guard Accommodation,Reception,Lobby Lounge"
Ventura Sky Valley,,3,3,1,2270 SFT,2021,https://bestbari.com/flat-sale-dhaka/ventura-sky-valley/,"Garage,Garden,Corner Plot,Interior Designed Lobbies,Common Area,Parking,Security Surveillance System,Fire Fighting and Detection System,Swimming Pool,24/7 CCTV Surveillance,Multipurpose Room for Prayer and Meeting,Waiting Lobby,Gym,BBQ Area,Security Room,Community Space,Fire Protection,Guard Accommodation,Reception,Lobby Lounge"
B17,,,,1,,Ongoing,https://bestbari.com/flat-sale-dhaka/b17/,"Garage,Parking,Security Surveillance System,Fire Fighting and Detection System,24/7 CCTV Surveillance,Waiting Lobby,Security Room,Reception,Lobby Lounge"
Ventura Agnibeena,,N/A,N/A,2,2100 SFT,2020,https://bestbari.com/flat-sale-dhaka/ventura-agnibeena/,"Garage,Interior Designed Lobbies,Multi Level Basement Car Parking,Parking,Security Surveillance System,Fire Fighting and Detection System,Generator Backup,24/7 CCTV Surveillance,Multipurpose Room for Prayer and Meeting,Guard Accommodation,Reception,Lobby Lounge"
Ventura Mall,,N/A,N/A,3,"300 to 900 Shops, 3020 Business floors (SFT)",2021,https://bestbari.com/flat-sale-dhaka/ventura-mall/,"Air Conditioning,Garage,Interior Designed Lobbies,Multi Level Basement Car Parking,Parking,Security Surveillance System,Fire Fighting and Detection System,Generator Backup,24/7 CCTV Surveillance,Security Room,Fire Protection"
EDISON CORDELIA,,N/A,N/A,1,2210 &amp; 2575 SQFT,2026,https://bestbari.com/flat-sale-dhaka/edison-cordelia/,"Garage,Parking,Security Surveillance System,Generator Backup,24/7 CCTV Surveillance,Guard Accommodation,Reception,Lobby Lounge"
Assurance Lierre,Apartment,4,4,1,2800,,https://bestbari.com/flat-sale-dhaka/assurance-lierre/,"Garage,Parking,International Standard Lift,Generator Backup,24/7 CCTV Surveillance,Security Room,Guard Accommodation,Reception,Lobby Lounge"
EDISON DESDEMONA,,N/A,N/A,1,"2755 sqft – 3450 sqft (Appx), Penthouse: 5705 sqft – 6350 sqft (Appx)",2017,https://bestbari.com/flat-sale-dhaka/edison-desdemona/,"Garage,Common Area,Parking,Security Surveillance System,Fire Fighting and Detection System,Generator Backup,24/7 CCTV Surveillance,Security Room,Fire Protection,Guard Accommodation,Reception,Lobby Lounge"
Brand New Ready Apartment at Uttara #5,Apartment,3,3,1,1700,,https://bestbari.com/flat-sale-dhaka/brand-new-ready-apartment-at-uttara-5/,"Garage,Parking,Security Surveillance System,Fire Fighting and Detection System,Generator Backup,24/7 CCTV Surveillance,Security Room,Guard Accommodation"
Brand New Apartment at Bou Bazar,,3,3,1,1480sft,Ongoing,https://bestbari.com/flat-sale-dhaka/brand-new-apartment-at-bou-bazar/,"Garage,Generator Backup,Reception,Lobby Lounge"
Sky Heights,,2,2,1, 12 Katha,,https://bestbari.com/flat-sale-dhaka/sky-heights/,"Garage,24/7 CCTV Surveillance,Security Room,Guard Accommodation"
Marc Chondroprobha,Apartment,4,4,1,2350,,https://bestbari.com/flat-sale-dhaka/marc-chondroprobha/,"Garage,Parking,Security Surveillance System,Fire Fighting and Detection System,International Standard Lift,Generator Backup,24/7 CCTV Surveillance,Community Space,Guard Accommodation,Reception,Lobby Lounge"
Shanta Chandralok - type A,,3,3,1,"2,200 - 2,350 sft (approx)",,https://bestbari.com/flat-sale-dhaka/shanta-chandralok-type-a/,"Garage,Common Area,Multi Level Basement Car Parking,Parking,Landscaping,Security Surveillance System,International Standard Lift,24/7 CCTV Surveillance,Multipurpose Room for Prayer and Meeting,Waiting Lobby,Gym,BBQ Area,Security Room,Community Space,Fitness Center,Guard Accommodation,Lighting and Water Feature,Reception,Lobby Lounge"
Z SQUARE,Commercial,,,1,3700,2019,https://bestbari.com/flat-sale-dhaka/z-square/,"Air Conditioning,Garage,Full Load Power Backup,Interior Designed Lobbies,Double Glazed Glass Window,Parking,Security Surveillance System,Fire Fighting and Detection System,International Standard Lift,Generator Backup,24/7 CCTV Surveillance,Multipurpose Room for Prayer and Meeting,Security Room,Fire Protection,Guard Accommodation,VRF Air Conditioning,Lobby Lounge,High-speed internet"
NAVANA OSMAN LINK,Commercial,,,1,,,https://bestbari.com/flat-sale-dhaka/navana-osman-link/,"Garage,Parking,Security Surveillance System,Fire Fighting and Detection System,Generator Backup,24/7 CCTV Surveillance,Security Room,Fire Protection,Guard Accommodation"
A & F SQUARE,Commercial,,,1,,,https://bestbari.com/flat-sale-dhaka/a-f-square/,"Garage,Parking,Security Surveillance System,Fire Fighting and Detection System,Generator Backup,24/7 CCTV Surveillance,Guard Accommodation,Rainwater Harvesting,Reception"
Shanta Chandralok - type B,,3,3,1,2350sft,,https://bestbari.com/flat-sale-dhaka/shanta-chandralok-type-b/,"Garage,Common Area,Multi Level Basement Car Parking,Parking,Landscaping,Security Surveillance System,Fire Fighting and Detection System,International Standard Lift,Generator Backup,24/7 CCTV Surveillance,Rooftop Landscaping,Multipurpose Room for Prayer and Meeting,Exercise Studio,Gym,BBQ Area,Security Room,Community Space,Fire Protection,Guard Accommodation,Lighting and Water Feature,Reception,Lobby Lounge"
NAVANA MASHIRA,Commercial,,,,,,https://bestbari.com/flat-sale-dhaka/navana-mashira/,"Garage,Multi Level Basement Car Parking,Parking,Security Surveillance System,Fire Fighting and Detection System,Generator Backup,24/7 CCTV Surveillance,Guard Accommodation"
NAVANA PRISTINE PAVILION,Commercial,,,1,,,https://bestbari.com/flat-sale-dhaka/navana-pristine-pavilion/,"Garage,Security Surveillance System,Fire Fighting and Detection System,Generator Backup,24/7 CCTV Surveillance,Reception,High-speed internet"
NAVANA NASRIN CASABELLA,Commercial,,,1,,,https://bestbari.com/flat-sale-dhaka/navana-nasrin-casabella/,"Air Conditioning,Garage,Double Glazed Glass Window,Multi Level Basement Car Parking,Security Surveillance System,Fire Fighting and Detection System,International Standard Lift,Generator Backup,24/7 CCTV Surveillance,Reception,VRF Air Conditioning,High-speed internet"
NAVANA RAHIM ARDENT,Commercial,,,1,,,https://bestbari.com/flat-sale-dhaka/navana-rahim-ardent/,"Air Conditioning,Garage,Parking,Security Surveillance System,Fire Fighting and Detection System,Generator Backup,24/7 CCTV Surveillance,Fire Protection,Guard Accommodation"
NAVANA ROWSHAN SYED PLAZA,Commercial,,,1,,,https://bestbari.com/flat-sale-dhaka/navana-rowshan-syed-plaza/,"Air Conditioning,Garage,Multi Level Basement Car Parking,Parking,Security Surveillance System,Fire Fighting and Detection System,Generator Backup,24/7 CCTV Surveillance,Fire Protection,Guard Accommodation"
NAVANA OBAID ETERINA,Commercial,,,1,,,https://bestbari.com/flat-sale-dhaka/navana-obaid-eterina/,"Air Conditioning,Garage,Parking,Security Surveillance System,Fire Fighting and Detection System,International Standard Lift,Generator Backup,24/7 CCTV Surveillance,Fire Protection,Guard Accommodation"
RK SQUARE,Commercial,,,,4000,,https://bestbari.com/flat-sale-dhaka/rk-square/,"Air Conditioning,Garage,Double Glazed Glass Window,Multi Level Basement Car Parking,Parking,Security Surveillance System,International Standard Lift,Generator Backup,24/7 CCTV Surveillance,Fire Protection,Guard Accommodation,Reception,VRF Air Conditioning,High-speed internet"
House @ Banani,House,8,8,3,5 KX4F,2020,https://bestbari.com/flat-sale-dhaka/house-banani/,"Parking,Landscaping,Waiting Lobby,BBQ Area,Security Room,Children Play Area,Cloth Drying Area,Indoor Games,Prayer Space,Reception"
Duplex at Gulshan,Used Flat,4,5,1,3240,2000,https://bestbari.com/flat-sale-dhaka/duplex-at-gulshan/,"Common Area,Parking,Security Surveillance System,Generator Backup,24/7 CCTV Surveillance,Waiting Lobby,Security Room,Children Play Area,Cloth Drying Area,Fire Protection,Reception"
Duplex at Gulshan,House,5,6,2,8500,2017,https://bestbari.com/flat-sale-dhaka/duplex-at-gulshan-2/,"Air Conditioning,Full Load Power Backup,Interior Designed Lobbies,Double Glazed Glass Window,Multi Level Basement Car Parking,Parking,Landscaping,Security Surveillance System,Fire Fighting and Detection System,Swimming Pool,International Standard Lift,Generator Backup,Rooftop Landscaping,Waiting Room,Exercise Studio,Gym,BBQ Area,Security Room,Children Play Area,Cloth Drying Area,Guard Accommodation,Guard Post,Reception,Smart Home Feature,WIFI,Lobby Lounge"
Ventura Ornella,Apartment,,,1,2200-4000,,https://bestbari.com/flat-sale-dhaka/ventura-ornella/,"Garage,Garden,Interior Designed Lobbies,Parking,Landscaping,Security Surveillance System,Fire Fighting and Detection System,Swimming Pool,Generator Backup,24/7 CCTV Surveillance,Rooftop Landscaping,BBQ Area,Community Space,Fitness Center,Guard Accommodation,Lighting and Water Feature,Lobby Lounge"
Ventura Valencia,"Apartment, Used Flat",,,1,1600-3500,,https://bestbari.com/flat-sale-dhaka/ventura-valencia/,"Air Conditioning,Garage,Interior Designed Lobbies,Multi Level Basement Car Parking,Parking,Landscaping,Security Surveillance System,Fire Fighting and Detection System,Generator Backup,24/7 CCTV Surveillance,Rooftop Landscaping,BBQ Area,Security Room,Community Space,Fire Protection,Fitness Center,Guard Accommodation,Lighting and Water Feature,Lobby Lounge"
Ventura Devante,Apartment,,,1,2500-4000,2013,https://bestbari.com/flat-sale-dhaka/ventura-devante/,"Garage,Garden,Parking,Landscaping,Security Surveillance System,Fire Fighting and Detection System,Generator Backup,24/7 CCTV Surveillance,Rooftop Landscaping,Community Space,Fitness Center,Guard Accommodation,Lobby Lounge"
Ventura Norina,"Apartment, Used Flat",,,1,2500-4000,2012,https://bestbari.com/flat-sale-dhaka/ventura-norina/,"Garage,Garden,Parking,Landscaping,Security Surveillance System,Fire Fighting and Detection System,Generator Backup,24/7 CCTV Surveillance,Rooftop Landscaping,Security Room,Community Space,Lobby Lounge"
Ventura Perla,Apartment,,,1,2500-4000,2013,https://bestbari.com/flat-sale-dhaka/ventura-perla/,"Garage,Garden,Interior Designed Lobbies,Parking,Landscaping,Security Surveillance System,Fire Fighting and Detection System,24/7 CCTV Surveillance,Rooftop Landscaping,Waiting Room,Children Play Area,Community Space,Guard Accommodation"
Ventura Reina,Apartment,,,1,,2014,https://bestbari.com/flat-sale-dhaka/ventura-reina/,"Garage,Parking,Security Surveillance System,Fire Fighting and Detection System,Generator Backup,24/7 CCTV Surveillance,Guard Accommodation,Guard Post"
Ventura Oriana,Apartment,,,1,,2015,https://bestbari.com/flat-sale-dhaka/ventura-oriana/,"Garage,Parking,Security Surveillance System,Fire Fighting and Detection System,Generator Backup,24/7 CCTV Surveillance,Security Room,Guard Accommodation"
Ventura Encarna,Apartment,,,,,2016,https://bestbari.com/flat-sale-dhaka/ventura-encarna/,"Air Conditioning,Garage,Parking,Generator Backup,24/7 CCTV Surveillance,Security Room,Fire Protection,Guard Accommodation"
Ventura Venus,Apartment,,,1,,2017,https://bestbari.com/flat-sale-dhaka/ventura-venus/,"Air Conditioning,Garage,Parking,Security Surveillance System,Fire Fighting and Detection System,Generator Backup,24/7 CCTV Surveillance,Fire Protection,Guard Accommodation"
Ventura Himanee,Apartment,,,1,,2017,https://bestbari.com/flat-sale-dhaka/ventura-himanee/,"Garage,Parking,Security Surveillance System,Fire Fighting and Detection System,Generator Backup,24/7 CCTV Surveillance,Security Room,Guard Accommodation"
Suvastu Shaptarshi,Apartment,4,4,2,2900,,https://bestbari.com/flat-sale-dhaka/suvastu-shaptarshi/,"Garage,Parking,Security Surveillance System,Generator Backup,24/7 CCTV Surveillance"
Ventura Riviera,Apartment,,,1,,2017,https://bestbari.com/flat-sale-dhaka/ventura-riviera/,"Garage,Multi Level Basement Car Parking,Parking,Security Surveillance System,24/7 CCTV Surveillance,Fire Protection,Guard Accommodation"
Concord Sohel Square,Commercial,10,4,1,3840,2021,https://bestbari.com/flat-sale-dhaka/concord-sohel-square/,"Air Conditioning,Full Load Power Backup,Interior Designed Lobbies,Common Area,Double Glazed Glass Window,Multi Level Basement Car Parking,Fire Fighting and Detection System,International Standard Lift,Generator Backup,24/7 CCTV Surveillance,Fire Protection,Guard Post,Reception,Lobby Lounge"
Navana Oval,Commercial,C,4,1,2900,2020,https://bestbari.com/flat-sale-dhaka/navana-oval/,"Garage,Full Load Power Backup,Interior Designed Lobbies,Multi Level Basement Car Parking,Security Surveillance System,Fire Fighting and Detection System,International Standard Lift,Generator Backup,Waiting Lobby,Prayer Space,Reception"
Concord Chowdhury Villa,"Apartment, Commercial",4,4,1,2400,2021,https://bestbari.com/flat-sale-dhaka/concord-chowdhury-villa/,"Air Conditioning,Corner Plot,Full Load Power Backup,Interior Designed Lobbies,Common Area,Double Glazed Glass Window,Multi Level Basement Car Parking,Security Surveillance System,Fire Fighting and Detection System,International Standard Lift,Generator Backup,24/7 CCTV Surveillance,Multipurpose Room for Prayer and Meeting,Gym,Security Room,Community Space,Fire Protection,Guard Post,Reception,Lobby Lounge"
Sheltech Northern Star,Commercial,3,3,1,2454,2022,https://bestbari.com/flat-sale-dhaka/sheltech-northern-star/,"Air Conditioning,Full Load Power Backup,Double Glazed Glass Window,Parking,Security Surveillance System,Fire Fighting and Detection System,International Standard Lift,Stretcher Lift,Generator Backup,24/7 CCTV Surveillance,Waiting Lobby,Fire Protection,Guard Post,Reception,Lobby Lounge"
RD SQUARE,Commercial,,,,"1,47,952",,https://bestbari.com/flat-sale-dhaka/rd-square/,"Parking,Landscaping,Security Surveillance System,24/7 CCTV Surveillance,Security Room,Fire Protection,Guard Accommodation,Guard Post,Rainwater Harvesting,Reception,VRF Air Conditioning"
AK SQUARE,Commercial,,,1,,,https://bestbari.com/flat-sale-dhaka/ak-square/,"Air Conditioning,Garage,Parking,Security Surveillance System,Fire Fighting and Detection System,International Standard Lift,24/7 CCTV Surveillance,Waiting Lobby,Security Room,Guard Accommodation,Rainwater Harvesting,Reception"
RL SQUARE,Commercial,,,1,,,https://bestbari.com/flat-sale-dhaka/rl-square/,"Garage,Parking,Security Surveillance System,Fire Fighting and Detection System,International Standard Lift,Generator Backup,24/7 CCTV Surveillance,Security Room,Fire Protection,Fitness Center,Rainwater Harvesting,Reception"
EMINENCE,Commercial,,,1,,,https://bestbari.com/flat-sale-dhaka/eminence/,"Garage,Corner Plot,Full Load Power Backup,Double Glazed Glass Window,Parking,Security Surveillance System,Fire Fighting and Detection System,International Standard Lift,Generator Backup,24/7 CCTV Surveillance,Security Room,Guard Accommodation,Rainwater Harvesting,Reception,VRF Air Conditioning"
Navana GH Heights,Commercial,,,1,,,https://bestbari.com/flat-sale-dhaka/navana-gh-heights/,"Air Conditioning,Garage,Full Load Power Backup,Interior Designed Lobbies,Parking,Security Surveillance System,International Standard Lift,Generator Backup,24/7 CCTV Surveillance,Waiting Lobby,Security Room,Fire Protection,Fitness Center,Guard Accommodation,Guard Post"
Assure Zohora Square,Commercial,,,1,,,https://bestbari.com/flat-sale-dhaka/assure-zohora-square/,"Air Conditioning,Garage,Full Load Power Backup,Interior Designed Lobbies,Double Glazed Glass Window,Parking,Security Surveillance System,Fire Fighting and Detection System,24/7 CCTV Surveillance,Security Room,Guard Accommodation,WIFI"
Navana Tower,Commercial,,,1,,2002,https://bestbari.com/flat-sale-dhaka/navana-tower/,"Air Conditioning,Garage,Full Load Power Backup,Interior Designed Lobbies,Parking,Security Surveillance System,Fire Fighting and Detection System,International Standard Lift,Generator Backup,24/7 CCTV Surveillance,Multipurpose Room for Prayer and Meeting,Fire Protection,Fitness Center,Guard Accommodation,Guard Post"
NAVANA FS COSMO,Commercial,,,1,,,https://bestbari.com/flat-sale-dhaka/navana-fs-cosmo/,"Air Conditioning,Garage,Full Load Power Backup,Interior Designed Lobbies,Double Glazed Glass Window,Multi Level Basement Car Parking,Parking,Security Surveillance System,Fire Fighting and Detection System,International Standard Lift,Generator Backup,24/7 CCTV Surveillance,Fire Protection,Guard Accommodation,Reception"
NAVANA F H SOLARIS,Commercial,,,1,,,https://bestbari.com/flat-sale-dhaka/navana-f-h-solaris/,"Air Conditioning,Garage,Full Load Power Backup,Parking,Security Surveillance System,International Standard Lift,Generator Backup,24/7 CCTV Surveillance,Security Room,Guard Accommodation"
PINNACLE,Commercial,,,5,,,https://bestbari.com/flat-sale-dhaka/pinnacle/,"Air Conditioning,Garage,Full Load Power Backup,Interior Designed Lobbies,Double Glazed Glass Window,Multi Level Basement Car Parking,Parking,Landscaping,Security Surveillance System,Fire Fighting and Detection System,International Standard Lift,Generator Backup,24/7 CCTV Surveillance,Rooftop Landscaping,Multipurpose Room for Prayer and Meeting,Gym,Security Room,Driver Waiting,Fire Protection,Fitness Center,Guard Accommodation,Guard Post,Prayer Space,Rainwater Harvesting,Reception,WIFI,Lobby Lounge,High-speed internet"
VIRTUE,Commercial,,,1,,,https://bestbari.com/flat-sale-dhaka/virtue/,"Air Conditioning,Garage,Full Load Power Backup,Interior Designed Lobbies,Double Glazed Glass Window,Parking,Security Surveillance System,Fire Fighting and Detection System,International Standard Lift,Generator Backup,24/7 CCTV Surveillance,Multipurpose Room for Prayer and Meeting,Waiting Room,Waiting Lobby,Gym,Security Room,Driver Waiting,Fire Protection,Guard Accommodation,Lobby Lounge,High-speed internet"
Navana Oval,Commercial,,,1,,,https://bestbari.com/flat-sale-dhaka/navanaoval-number-2/,"Air Conditioning,Garage,Full Load Power Backup,Security Surveillance System,Fire Fighting and Detection System,24/7 CCTV Surveillance,Security Room,Fire Protection,Guard Accommodation,Reception"
Symphony,Apartment,5,4,2,6938,2021,https://bestbari.com/flat-sale-dhaka/symphony/,"Full Load Power Backup,Parking,Landscaping,Fire Fighting and Detection System,Swimming Pool,International Standard Lift,Waiting Lobby,Community Space,Fire Protection,Rainwater Harvesting"
Lake Placid,Apartment,3,3,1,1700,2021,https://bestbari.com/flat-sale-dhaka/lake-placid/,"Garage,Landscaping,Swimming Pool,International Standard Lift,Generator Backup,Waiting Lobby,Fire Protection,Fitness Center,Rainwater Harvesting,Reception,VRF Air Conditioning"
Sunny Side,Apartment,4,3,1,1570,2021,https://bestbari.com/flat-sale-dhaka/sunny-side/,"Common Area,Parking,International Standard Lift,Generator Backup,Fire Protection,Guard Post"
Sambilan,Apartment,3,3,1,2375,2021,https://bestbari.com/flat-sale-dhaka/sambilan/,"Garage,Full Load Power Backup,Common Area,Security Surveillance System,Swimming Pool,International Standard Lift,Generator Backup,Security Room,Reception"
FS Vega,Apartment,4,4,2,4594,2019,https://bestbari.com/flat-sale-dhaka/fs-vega/,"Air Conditioning,Garage,Full Load Power Backup,Double Glazed Glass Window,Landscaping,Swimming Pool,International Standard Lift,Fire Protection,Fitness Center,Guard Post,Reception,VRF Air Conditioning"
Paramount Square,Apartment,4,3,1,2280,2022,https://bestbari.com/flat-sale-dhaka/paramount-square/,"Parking,International Standard Lift,Generator Backup,Waiting Lobby,Security Room,Fire Protection,Reception"
Sanchayeeta,Apartment,3,3,1,1900,2022,https://bestbari.com/flat-sale-dhaka/sanchayeeta/,"Garage,Common Area,Security Surveillance System,International Standard Lift,Generator Backup,Community Space,Fire Protection,Fitness Center,Playground,Reception"
Ascension,Apartment,4,3,1,3080,2021,https://bestbari.com/flat-sale-dhaka/ascension/,"Garage,Common Area,Landscaping,Generator Backup,Waiting Lobby,Fire Protection"
South Park,Apartment,3,3,1,1724,2020,https://bestbari.com/flat-sale-dhaka/south-park/,"Garage,Common Area,Landscaping,International Standard Lift,Generator Backup,24/7 CCTV Surveillance,Security Room,Guard Post,Reception"
Angelica Noor,Apartment,3,3,1,1546,2021,https://bestbari.com/flat-sale-dhaka/angelica-noor/,"Air Conditioning,Garage,International Standard Lift,Generator Backup,Cloth Drying Area,Fire Protection,Reception"
Assure Marina,Apartment,3,3,1,1721,2021,https://bestbari.com/flat-sale-dhaka/assure-marina/,"Garage,Common Area,Security Surveillance System,International Standard Lift,Generator Backup,Waiting Room,Security Room,Fire Protection,Guard Post"
Monte Valino,Apartment,4,4,2,3642,2021,https://bestbari.com/flat-sale-dhaka/monte-valino/,"Air Conditioning,Garage,Common Area,Landscaping,Swimming Pool,International Standard Lift,Generator Backup,Gym,Fire Protection,Lobby Lounge"
SKYMARK,Commercial,,,4,"5,811 -10,392",,https://bestbari.com/flat-sale-dhaka/skymark-2/,"Air Conditioning,Garage,Full Load Power Backup,Interior Designed Lobbies,Double Glazed Glass Window,Multi Level Basement Car Parking,Parking,Security Surveillance System,Fire Fighting and Detection System,Generator Backup,24/7 CCTV Surveillance,Security Room,Driver Waiting,Fire Protection,Guard Accommodation,Reception,VRF Air Conditioning,High-speed internet"
SHANTA WESTERN TOWER,Commercial,,,3,,,https://bestbari.com/flat-sale-dhaka/shanta-western-tower/,"Air Conditioning,Garage,Full Load Power Backup,Interior Designed Lobbies,Double Glazed Glass Window,Multi Level Basement Car Parking,Parking,Security Surveillance System,Generator Backup,24/7 CCTV Surveillance,Fire Protection,Guard Accommodation,Reception,Lobby Lounge,High-speed internet"
THE GLASS HOUSE,Commercial,,,3,"5,323 - 8,427 ",,https://bestbari.com/flat-sale-dhaka/the-glass-house/,"Air Conditioning,Garage,Full Load Power Backup,Interior Designed Lobbies,Double Glazed Glass Window,Multi Level Basement Car Parking,Parking,Security Surveillance System,Fire Fighting and Detection System,Generator Backup,24/7 CCTV Surveillance,Security Room,Driver Waiting,Fire Protection,Guard Accommodation,Reception,Lobby Lounge,High-speed internet"
CONCORD LILY HEIGHTS,Commercial,,,3,2747-7556,,https://bestbari.com/flat-sale-dhaka/concord-lily-heights/,"Air Conditioning,Garage,Full Load Power Backup,Interior Designed Lobbies,Double Glazed Glass Window,Multi Level Basement Car Parking,Parking,Security Surveillance System,Fire Fighting and Detection System,Generator Backup,24/7 CCTV Surveillance,Security Room,Guard Accommodation"
