air_conditioning,area,balcony,building_type,cctv,central_heating,elevator,emergency_stairs,fitness_center,floor,garage,garden,generator,government_gas,interior,land_size,location,num_balcony,num_bath_rooms,num_bed_rooms,parking,pets_allow,price,property_link,reception,security,servant_room,status,swimming_pool,tv_cable,unit,wifi,year_built
,1380 sqft,,Apartment,Y,,Y,Y,,5th,1,,Y,,Un-Furnished,3.5 Katha,"Aftabnagar,",4,3,3,Y,," ৳9,800,000 ",https://iqibd.com/properties/306,Y,Y,,For Sale,,Y,Single Unit,Y,2019
,1470 sqft,,Apartment,,,Y,Y,,9th,1,,Y,,Un-Furnished,5 Katha,"Mirpur,",3,3,3,Y,," ৳9,500,000 ",https://iqibd.com/properties/295,Y,Y,,For Sale,,Y,9A & 9B,,2023
,1500 sqft,,Apartment,Y,,Y,Y,,4th,1,,Y,Y,Un-Furnished,3 Katha,"Mohammadpur,",4,4,3,Y,," ৳10,500,000 ",https://iqibd.com/properties/298,Y,Y,,For Sale,,Y,4A,Y,2023
Y,5100 sqft,Y,Apartment,Y,Y,Y,Y,Y,6th,4,Y,Y,Y,Un-Furnished,11.5 Katha,"Baridhara,",4,6,5,Y,Y," ৳139,150,000 ",https://iqibd.com/properties/300,Y,Y,,For Sale,Y,Y,C6,Y,2023
,710 sqft,,Apartment,,,,Y,,5th,,,Y,Y,Un-Furnished,12 Katha,"Mohammadpur,",2,2,2,,," ৳4,500,000 ",https://iqibd.com/properties/297,Y,Y,,For Sale,,,,,2010
,1400 sqft,,Apartment,Y,,Y,Y,,8th,1,,Y,,Un-Furnished,3 Katha,"Mohammadpur,",3,3,3,Y,," ৳8,500,000 ",https://iqibd.com/properties/296,Y,Y,,For Sale,,Y,8A,Y,2022
,2080 sqft,,Apartment,,,Y,Y,,5th,1,,Y,,Un-Furnished,3.5 Katha,"Aftabnagar,",4,4,4,Y,," ৳18,000,000 ",https://iqibd.com/properties/301,Y,Y,,For Sale,,Y,,Y,2023
,1900 sqft,,Apartment,,,Y,Y,,4th,1,,Y,Y,Un-Furnished,8 Katha,"Malibagh, Dhaka",2,5,4,Y,," ৳14,000,000 ",https://iqibd.com/properties/302,,Y,,For Sale,,Y,"A4,B4",Y,2010
,1390 sqft,,Apartment,Y,,Y,Y,,4th,1,,Y,,Un-Furnished,16 Katha,"Mohammadpur,",2,3,3,Y,," ৳9,500,000 ",https://iqibd.com/properties/299,Y,Y,,For Sale,,Y,4C,Y,2023
,1095 sqft,,Apartment,,,Y,Y,,3rd,1,,Y,,Un-Furnished,5.33 Katha,"Mogbazar,",3,3,3,Y,," ৳9,000,000 ",https://iqibd.com/properties/303,Y,Y,,For Sale,,Y,A3,Y,2023
,1250 sqft,,Apartment,,,Y,Y,,1st,1,,Y,,Un-Furnished,4 Katha,"Mogbazar,",2,3,3,Y,," ৳10,500,000 ",https://iqibd.com/properties/304,Y,Y,,For Sale,,,B1,,2024
,1847 sqft,,Apartment,Y,,Y,Y,,9th,1,,Y,,Un-Furnished,22 Katha,"Mogbazar,",4,4,3,Y,," ৳14,500,000 ",https://iqibd.com/properties/305,Y,Y,,For Sale,,Y,G9,Y,2017
,1300 sqft,,Apartment,,,Y,Y,,6th,1,,Y,,Un-Furnished,4.36 Katha,"Banasree,",3,3,3,Y,," ৳11,200,000 ",https://iqibd.com/properties/283,Y,Y,,For Sale,,Y,B6,Y,2018
,1275 sqft,,Apartment,Y,,Y,Y,,4th,1,,Y,,Un-Furnished,8.46 Katha,"Banasree,",3,3,3,,," ৳10,600,000 ",https://iqibd.com/properties/284,Y,Y,,For Sale,,,4B,,2023
,1600 sqft,,Apartment,Y,,Y,Y,,9th,1,,Y,,Un-Furnished,8.46 Katha,"Banasree,",4,3,3,,," ৳13,200,000 ",https://iqibd.com/properties/285,Y,Y,,For Sale,,,9A,,2023
,1395 sqft,,Apartment,,,,Y,,6th,1,,Y,,Un-Furnished,8.46 Katha,"Banasree,",2,3,3,,," ৳11,600,000 ",https://iqibd.com/properties/286,Y,Y,,For Sale,,,6c,,2023
Y,4790 sqft,,Apartment,Y,Y,Y,Y,,6th,2,,Y,Y,Un-Furnished,14 Katha,"Gulshan,",3,4,4,Y,," ৳73,000,000 ",https://iqibd.com/properties/287,Y,Y,,For Sale,,Y,6A,Y,2009
,1470 sqft,,Apartment,,,Y,Y,,6th,1,,Y,,Un-Furnished,5 Katha,"Mirpur,",3,3,3,,," ৳10,000,000 ",https://iqibd.com/properties/288,Y,Y,,For Sale,,,,,2023
,720 sqft,,Apartment,,,Y,Y,,5th,,,Y,Y,Un-Furnished,12 Katha,"Mohammadpur,",2,2,2,,," ৳4,500,000 ",https://iqibd.com/properties/289,Y,Y,,For Sale,,,,,2010
,2300 sqft,,Apartment,,,Y,Y,,3rd,1,,Y,,Un-Furnished,,"Mohammadpur,",,4,4,Y,," ৳23,000,000 ",https://iqibd.com/properties/290,Y,Y,,For Sale,,Y,,Y,2022
,1972 sqft,,Apartment,Y,,Y,Y,,2nd,1,,Y,,Un-Furnished,11 Katha,"Dhanmondi, Dhaka",3,3,3,Y,," ৳9,900,000 ",https://iqibd.com/properties/291,Y,Y,,For Sale,,Y,2C,Y,2023
,1290 sqft,,Apartment,Y,,Y,Y,,2nd,1,,Y,,Un-Furnished,"5,5 Katha","Dhanmondi, Dhaka",2,3,3,,," ৳15,500,000 ",https://iqibd.com/properties/292,Y,Y,,For Sale,,Y,2B,Y,2023
,975 sqft,,Apartment,,,Y,Y,,2nd,,,Y,,Un-Furnished,"5,75 Katha","Dhanmondi, Dhaka",2,2,2,Y,," ৳9,200,000 ",https://iqibd.com/properties/293,Y,Y,,For Sale,,Y,2C,Y,2020
,2110 sqft,,Apartment,,,Y,Y,,8th & 9th,1,,Y,,Un-Furnished,3.63 Katha,"Banasree,",3,4,4,Y,," ৳21,000,000 ",https://iqibd.com/properties/282,Y,Y,,For Sale,,Y,Single,Y,2024
,1650 sqft,,Apartment,Y,,Y,Y,,9th,1,,Y,,Un-Furnished,5 Katha,"Mirpur,",2,3,3,Y,," ৳11,000,000 ",https://iqibd.com/properties/294,Y,Y,,For Sale,,,9A,Y,2023
,1071 sqft,,Apartment,,,Y,,,4th,,,Y,,Un-Furnished,16 katha,"Badda,",,2,3,,," ৳5,500,000 ",https://iqibd.com/properties/270,,Y,,For Sale,,,,Y,2018
,832 sqft,,Apartment,,,Y,Y,,5th,,,Y,,Un-Furnished,5.5 katha,"Badda,",2,2,2,,," ৳3,800,000 ",https://iqibd.com/properties/272,Y,Y,,For Sale,,Y,c5,Y,2018
,1296 sqft,,Apartment,,,Y,Y,,7th,,,Y,,Un-Furnished,5.5 katha,"Badda,",2,3,3,,," ৳6,000,000 ",https://iqibd.com/properties/273,,Y,,For Sale,,Y,,Y,2018
Y,1300 sqft,,Apartment,,,Y,Y,,6th & 7th,1,,Y,,Un-Furnished,,"Khilgaon, Dhaka",2,3,3,Y,," ৳12,500,000 ",https://iqibd.com/properties/274,Y,Y,,For Sale,,Y,,Y,2023
,1550 sqft,,Apartment,Y,,Y,Y,,6th,1,,Y,,Un-Furnished,30 Sotangsho,"Uttara,",2,3,3,Y,," ৳8,500,000 ",https://iqibd.com/properties/275,Y,Y,,For Sale,,,5C,Y,2016
,5400 sqft,,Commercial property,,,Y,Y,,"1st,2nd,3rd,4th,5th,6th,7th,8th",,,Y,,Un-Furnished,10 Katha,"Shagun Bagicha,",,,,,," ৳86,400,000 ",https://iqibd.com/properties/276,,Y,,For Sale,,,Single,Y,2025
,1830 sqft,Y,Apartment,,,Y,Y,,4th,1,,Y,Y,semi-Furnished,7.5 Katha,"Uttara,",2,3,3,Y,," ৳25,000,000 ",https://iqibd.com/properties/278,Y,,,For Sale,,Y,4B,Y,2018
,1820 sqft,,Apartment,Y,,Y,Y,,6th,1,,Y,,Un-Furnished,4.76 Katha,"Mogbazar,",3,3,3,Y,," ৳23,500,000 ",https://iqibd.com/properties/277,Y,Y,,For Sale,,Y,A6,Y,2023
,2201 sqft,,Apartment,,,,Y,,2nd & 5th,1,,Y,,Un-Furnished,36 Katha,"Khilgaon, Dhaka",3,4,4,Y,," ৳13,000,000 ",https://iqibd.com/properties/279,Y,Y,,For Sale,,Y,D-2 & E-5,Y,2022
,1490 sqft,,Apartment,,,,Y,,"4th,6th,8th & 10th",1,,Y,,Un-Furnished,12 Katha,"Rampura,",3,4,3,Y,," ৳9,600,000 ",https://iqibd.com/properties/280,Y,Y,,For Sale,,,"A-4,B-4,A-10,B-10,C-8,C-6",,2023
,1200 sqft,,Apartment,,,Y,Y,,7th,1,,Y,,Un-Furnished,5.5 Katha,"Mirpur,",2,2,3,Y,," ৳7,500,000 ",https://iqibd.com/properties/281,Y,Y,,For Sale,,,7B,Y,2018
,1113 sqft,,Apartment,,,Y,,,7th,,,Y,,Un-Furnished,16 katha,"Badda,",,2,3,,," ৳5,600,000 ",https://iqibd.com/properties/269,,Y,,For Sale,,,,Y,2018
,1405 sqft,,Apartment,,,Y,Y,,1st,1,,Y,Y,Un-Furnished,40 Katha,"Rampura,",4,3,3,Y,," ৳9,000,000 ",https://iqibd.com/properties/258,Y,Y,,For Sale,,Y,J1,Y,2020
,1369 sqft,,Apartment,Y,,Y,Y,,7th,1,,Y,,Un-Furnished,,"Badda,",3,3,3,Y,," ৳8,700,000 ",https://iqibd.com/properties/260,Y,Y,,For Sale,,,C7,Y,2023
,1600 sqft,,Apartment,,,Y,Y,,7th,1,,Y,,Un-Furnished,5 Katha,"Aftabnagar,",3,3,3,Y,," ৳11,500,000 ",https://iqibd.com/properties/259,Y,Y,,For Sale,,Y,,Y,2022
,1387 sqft,,Apartment,Y,,Y,Y,,6th,1,,Y,,Un-Furnished,,"Badda,",3,3,3,Y,," ৳8,800,000 ",https://iqibd.com/properties/261,Y,Y,,For Sale,,Y,E6,Y,2023
,1380 sqft,,Apartment,,,Y,Y,,"3rd,7th & 9th",1,,Y,,Un-Furnished,6 Katha,"Mirpur,",2,3,3,Y,," ৳8,500,000 ",https://iqibd.com/properties/262,Y,Y,,For Sale,,Y,"3A,3B,7A,7B,9A,9B",Y,2023
,1280 sqft,,Apartment,Y,,Y,Y,,1st,1,,Y,Y,Un-Furnished,4 Katha,"Bashundhara,",2,3,3,Y,," ৳9,500,000 ",https://iqibd.com/properties/264,Y,Y,,For Sale,,Y,A1,Y,2012
,2000 sqft,,Apartment,Y,Y,Y,Y,,1st & 9th,1,,,,Un-Furnished,4.44 Katha,"Bashundhara,",2,3,3,Y,," ৳18,000,000 ",https://iqibd.com/properties/263,Y,Y,,For Sale,,Y,Single,Y,2023
,1365 sqft,,Apartment,Y,,Y,Y,,2nd,1,,Y,Y,Un-Furnished,5 Katha,"Mirpur,",3,3,3,Y,," ৳10,000,000 ",https://iqibd.com/properties/265,,Y,,For Sale,,Y,,Y,2022
,1550 sqft,,Apartment,Y,,Y,Y,,5th,1,,Y,,Un-Furnished,5 Katha,"Malibagh, Dhaka",3,4,3,Y,," ৳19,000,000 ",https://iqibd.com/properties/266,Y,Y,,For Sale,,Y,5B,Y,2018
,1387 sqft,,Apartment,,,Y,Y,,6th,1,,Y,,Un-Furnished,14.5 Katha,"Badda,",3,3,3,Y,," ৳9,200,000 ",https://iqibd.com/properties/268,Y,Y,,For Sale,,Y,E6,Y,2023
,1369 sqft,,Apartment,,,Y,Y,,7th,1,,Y,,Un-Furnished,14.5 Katha,"Badda,",3,3,3,Y,," ৳9,200,000 ",https://iqibd.com/properties/267,Y,Y,,For Sale,,Y,C7,Y,2023
,1300 sqft,,Apartment,Y,,Y,Y,,9th,,,Y,,Un-Furnished,5 Katha,"Aftabnagar,",2,3,3,,," ৳11,000,000 ",https://iqibd.com/properties/257,Y,Y,,For Sale,,Y,A-9,Y,2021
,1812 sqft,,Apartment,,,Y,Y,,5th & 6th,1,,Y,,Un-Furnished,4 Katha,"Bashundhara,",3,3,3,Y,," ৳16,000,000 ",https://iqibd.com/properties/247,Y,Y,,For Sale,,Y,Single,Y,2023
,1990 sqft,,Apartment,,Y,,Y,,2nd,1,Y,Y,,Un-Furnished,4 Katha,"Bashundhara,",3,4,4,Y,," ৳18,000,000 ",https://iqibd.com/properties/246,Y,Y,,For Sale,,Y,Single,Y,2022
,2200 sqft,,Apartment,Y,,Y,Y,,"1st,3rd,5th & 6th",1,,Y,,Un-Furnished,5 Katha,"Bashundhara,",3,4,3,Y,," ৳18,000,000 ",https://iqibd.com/properties/249,Y,Y,,For Sale,,Y,Single,Y,2022
,2190 sqft,Y,Apartment,Y,,Y,Y,,9th,1,,Y,,Un-Furnished,10 Katha,"Bashundhara,",7,4,3,Y,," ৳21,000,000 ",https://iqibd.com/properties/250,Y,Y,,For Sale,,Y,9B,Y,2019
,2150 sqft,,Apartment,,,Y,Y,,"2nd,4th,6th,8th & 9th",1,,Y,,Un-Furnished,5 Katha,"Bashundhara,",4,4,4,Y,," ৳18,000,000 ",https://iqibd.com/properties/248,Y,Y,,For Sale,,Y,Single,Y,2023
,1445 sqft,,Apartment,Y,,,Y,,3rd,1,,Y,Y,Un-Furnished,4 Katha,"Mirpur,",2,3,3,,," ৳10,000,000 ",https://iqibd.com/properties/251,Y,Y,,For Sale,,Y,,Y,2016
,2650 sqft,,Apartment,,,Y,Y,,2nd,2,,Y,,Un-Furnished,5 Katha,"Uttara,",4,5,5,Y,," ৳18,800,000 ",https://iqibd.com/properties/252,Y,Y,,For Sale,,Y,Single,Y,2020
,1250 sqft,,Apartment,Y,,Y,Y,,5th,,,Y,,Un-Furnished,3.85 Katha,"Mirpur,",3,3,3,,," ৳8,500,000 ",https://iqibd.com/properties/253,Y,Y,,For Sale,,Y,5A,Y,2022
,1450 sqft,,Apartment,Y,,Y,Y,,3rd,1,,Y,,Un-Furnished,2.5 Katha,"Aftabnagar,",2,3,3,Y,," ৳9,800,000 ",https://iqibd.com/properties/255,Y,Y,,For Sale,,Y,Single,Y,2023
,1737 sqft,,Apartment,Y,,Y,Y,,1st,1,,,,Un-Furnished,12 Katha,"Mirpur,",4,4,3,Y,," ৳13,000,000 ",https://iqibd.com/properties/254,Y,Y,,For Sale,,,B-1,Y,2020
,1250 sqft,,Apartment,Y,,Y,Y,,7th,,,Y,,Un-Furnished,8 Katha,"Aftabnagar,",3,3,3,,," ৳9,200,000 ",https://iqibd.com/properties/256,Y,Y,,For Sale,,Y,8B,Y,2023
,1750 sqft,,Apartment,Y,,Y,Y,,2nd & 6th,1,,Y,,Un-Furnished,3 Katha,"Bashundhara,",3,3,3,Y,," ৳17,500,000 ",https://iqibd.com/properties/245,Y,Y,,For Sale,,Y,Single,Y,2022
,1020 sqft,Y,Apartment,Y,,Y,Y,,5tt & 8th,1,,Y,,Un-Furnished,7.5 Katha,"Khilgaon, Dhaka",2,3,3,Y,," ৳6,000,000 ",https://iqibd.com/properties/235,Y,Y,,For Sale,,,A5 & C8,Y,2022
,1245 sqft,Y,Apartment,Y,,Y,Y,,1st & 8th,1,,Y,,Un-Furnished,5 Katha,"Khilgaon, Dhaka",2,3,3,Y,," ৳12,500,000 ",https://iqibd.com/properties/234,Y,Y,,For Sale,,Y,"A1, A8, B8",Y,2022
,1314 sqft,,Apartment,,,Y,Y,,5th,1,,Y,,Un-Furnished,10 Katha,"Mirpur,",3,3,3,Y,," ৳5,500,000 ",https://iqibd.com/properties/236,Y,Y,,For Sale,,Y,E1,Y,2023
,3726 sqft,,Apartment,,,Y,Y,,6th & 7th,1,,Y,,Un-Furnished,,"Uttara,",5,5,5,Y,," ৳38,500,000 ",https://iqibd.com/properties/237,Y,Y,,For Sale,,Y,Single,Y,2022
,1550 sqft,,Apartment,,,Y,Y,,2nd,1,,Y,,Un-Furnished,3.5 Katha,"Uttara,",2,3,3,Y,," ৳14,000,000 ",https://iqibd.com/properties/238,Y,Y,,For Sale,,Y,Single,Y,2023
,1625 sqft,,Apartment,Y,,Y,Y,,1st,1,,Y,,Un-Furnished,3 Katha,"Banasree,",3,3,4,Y,," ৳14,000,000 ",https://iqibd.com/properties/239,Y,Y,,For Sale,,Y,Single,Y,2023
,1469 sqft,,Apartment,,,Y,Y,,8th,1,,Y,,Un-Furnished,,"Badda,",,3,3,Y,," ৳9,200,000 ",https://iqibd.com/properties/240,Y,Y,,For Sale,,Y,A8,Y,2016
,2600 sqft,,Apartment,Y,,Y,Y,,5th,1,,Y,Y,Un-Furnished,3.5 Katha,"Banasree,",3,5,4,Y,," ৳14,500,000 ",https://iqibd.com/properties/241,Y,Y,,For Sale,,Y,Single,Y,
,900 sqft,,Apartment,Y,,Y,,,1st,,,Y,,Un-Furnished,,"Badda,",,2,3,,," ৳6,000,000 ",https://iqibd.com/properties/242,Y,Y,,For Sale,,Y,,Y,
,1302 sqft,,Apartment,Y,,Y,Y,,4th,1,,Y,Y,Un-Furnished,12 Katha,"Badda,",,2,3,Y,," ৳7,600,000 ",https://iqibd.com/properties/243,Y,Y,,For Sale,,Y,,Y,2019
,1350 sqft,,Apartment,Y,,Y,Y,,5th,1,,Y,,Un-Furnished,,"Aftabnagar,",,3,3,Y,," ৳9,800,000 ",https://iqibd.com/properties/244,Y,Y,,For Sale,,Y,,Y,
,1500 sqft,,Apartment,Y,,Y,Y,,1st,1,,Y,,Un-Furnished,7 Katha,"Mohammadpur,",2,3,3,Y,," ৳11,500,000 ",https://iqibd.com/properties/232,Y,Y,,For Sale,,,A1,Y,2022
,2250 sqft,,Apartment,Y,,Y,Y,,1st,1,,Y,,Un-Furnished,5 Katha,"Bashundhara,",4,3,3,Y,," ৳19,000,000 ",https://iqibd.com/properties/221,Y,Y,,For Sale,,Y,Single,Y,2021
,1650 sqft,,Apartment,Y,,Y,Y,,"2nd,6th,7th",1,,Y,,Un-Furnished,4 Katha,"Bashundhara,",3,3,3,Y,," ৳13,000,000 ",https://iqibd.com/properties/223,Y,Y,,For Sale,,Y,Single,Y,2023
,1455 sqft,,Apartment,Y,,Y,Y,,5th,1,,Y,Y,Un-Furnished,7.5 Katha,"Bashundhara,",3,3,3,Y,," ৳10,000,000 ",https://iqibd.com/properties/222,Y,Y,,For Sale,,Y,5B,Y,2013
,900sqft,,Apartment,Y,,Y,,,1st,,,Y,,Un-Furnished,10 Katha,"Mohammadpur,",2,2,2,,," ৳6,900,000 ",https://iqibd.com/properties/224,,Y,,For Sale,,,D1,Y,2021
,925 sqft,,Apartment,Y,,Y,Y,,5th,1,,Y,,Un-Furnished,5 Katha,"Mohammadpur,",2,2,2,Y,," ৳4,500,000 ",https://iqibd.com/properties/225,Y,Y,,For Sale,,Y,5B,Y,2010
,1360 sqft,,Apartment,Y,,Y,Y,,6th,1,,Y,,Un-Furnished,5 Katha,"Mohammadpur,",3,3,3,Y,," ৳8,500,000 ",https://iqibd.com/properties/226,Y,Y,,For Sale,,Y,A7,Y,2020
,1400 sqft,,Apartment,Y,,Y,Y,,2nd,1,,Y,,Un-Furnished,4.6 Katha,"Mohammadpur,",2,3,3,Y,," ৳8,600,000 ",https://iqibd.com/properties/227,Y,Y,,For Sale,,Y,2B,Y,2023
,2400 sqft,,Apartment,,,Y,Y,,7th,1,,Y,Y,Un-Furnished,5 Katha,"Uttara,",4,3,3,Y,," ৳18,500,000 ",https://iqibd.com/properties/229,Y,Y,,For Sale,,,Single,Y,2011
,1800 sqft,,Apartment,,,Y,Y,,"2nd,4th,6th.8th",1,,Y,,Un-Furnished,11 Katha,"Bashundhara,",,3,3,Y,," ৳16,800,000 ",https://iqibd.com/properties/230,Y,Y,,For Sale,,,,Y,2023
,1775 sqft,,Apartment,Y,,Y,Y,,"2nd,4th,6th.8th",1,,Y,,Un-Furnished,11 Katha,"Bashundhara,",,3,4,Y,," ৳16,200,000 ",https://iqibd.com/properties/231,Y,Y,,For Sale,,Y,,Y,2023
,2700 sqft,,Apartment,Y,,Y,Y,,1st,2,,Y,Y,Un-Furnished,5 Katha,"Bashundhara,",2,4,4,Y,," ৳22,000,000 ",https://iqibd.com/properties/220,Y,Y,,For Sale,,Y,Single,Y,2018
,1860 sqft,,Apartment,Y,,Y,Y,,1st,1,,Y,Y,Un-Furnished,3.5 Katha,"Uttara,",3,4,4,Y,," ৳18,000,000 ",https://iqibd.com/properties/228,Y,Y,,For Sale,,Y,A1,Y,2022
,1850 sqft,,Apartment,Y,,Y,Y,,9th,1,,Y,,Un-Furnished,3.25 Katha,"Lalmatia,",3,4,2,Y,," ৳25,000,000 ",https://iqibd.com/properties/209,Y,Y,,For Sale,,Y,A6,Y,2022
,2982 sqft,,Apartment,Y,,Y,Y,,9th,1,,Y,,Un-Furnished,6 Katha,"Gulshan,",3,5,4,Y,," ৳40,000,000 ",https://iqibd.com/properties/208,Y,Y,,For Sale,,Y,A6,Y,2022
,1160 sqft,,Apartment,Y,,Y,Y,,3rd,1,,Y,,Un-Furnished,3.65 Katha,"Mirpur,",2,3,3,Y,," ৳6,500,000 ",https://iqibd.com/properties/210,Y,Y,,For Sale,,Y,2B,Y,2022
,1900 sqft,,Apartment,Y,,Y,Y,,4th,1,,Y,,Un-Furnished,3 Katha,"Banasree,",2,4,4,Y,," ৳15,500,000 ",https://iqibd.com/properties/211,Y,Y,,For Sale,,Y,Single,Y,2014
,1700 sqft,,Apartment,Y,,Y,Y,,4th,1,,Y,,Un-Furnished,,"Badda,",3,4,4,Y,," ৳13,000,000 ",https://iqibd.com/properties/212,Y,Y,,For Sale,,Y,Single,Y,2022
Y,7300 sqft,Y,Apartment,Y,,Y,Y,Y,3rd & 4th,1,Y,Y,,Un-Furnished,19.5 Katha,"Gulshan,",4,5,4,Y,," ৳145,000,000 ",https://iqibd.com/properties/213,Y,Y,,For Sale,Y,Y,3B & 4B,Y,2019
,2900 sqft,Y,Apartment,Y,,Y,Y,,3rd,2,Y,Y,,Un-Furnished,14.95 Katha,"Gulshan,",3,4,4,Y,," ৳50,000,000 ",https://iqibd.com/properties/214,Y,,,For Sale,Y,Y,3B,Y,2022
,1515 sqft,,Apartment,Y,,Y,Y,,2nd,1,,Y,Y,Un-Furnished,5 Katha,"Uttara,",3,3,3,Y,," ৳15,000,000 ",https://iqibd.com/properties/215,Y,Y,,For Sale,,,2A & 2B,Y,2013
,2600 sqft,,Apartment,Y,,Y,Y,,7th,1,,Y,,Un-Furnished,5 Katha,"Uttara,",4,5,4,Y,," ৳22,000,000 ",https://iqibd.com/properties/218,Y,Y,,For Sale,,,Single,Y,2022
,1300 sqft,,Apartment,Y,,Y,Y,,1st,1,,Y,,Un-Furnished,5 Katha,"Uttara,",3,3,3,Y,," ৳12,000,000 ",https://iqibd.com/properties/217,Y,Y,,For Sale,,Y,A1,Y,2022
,1200 sqft,,Apartment,Y,,Y,Y,,4th,1,,Y,,Un-Furnished,5 Katha,"Uttara,",3,3,3,Y,," ৳14,000,000 ",https://iqibd.com/properties/219,Y,Y,,For Sale,,Y,4A,Y,2022
,1091 sqft,,Apartment,Y,,Y,Y,,9th,1,,Y,,Un-Furnished,,"Badda,",2,3,3,,," ৳6,800,000 ",https://iqibd.com/properties/207,Y,Y,,For Sale,,Y,B2,Y,2012
,1450 sqft,,Apartment,Y,,Y,Y,,7th,,,Y,,Un-Furnished,14.50 Katha,"Mirpur,",2,3,3,Y,," ৳8,200,000 ",https://iqibd.com/properties/196,Y,Y,,For Sale,,Y,C7,Y,2022
,1200 sqft,,Apartment,Y,,Y,Y,,8th,,,Y,,Un-Furnished,14.50 Katha,"Mirpur,",2,3,3,,," ৳6,600,000 ",https://iqibd.com/properties/197,Y,Y,,For Sale,,Y,F8,Y,2022
,1524 sqft,,Apartment,Y,,Y,Y,,3rd,1,,Y,,Un-Furnished,3.3 Katha,"Bashundhara,",3,3,3,,," ৳9,200,000 ",https://iqibd.com/properties/200,Y,Y,,For Sale,,Y,Single,Y,2023
,1560 sqft,,Apartment,Y,,Y,Y,,1st,1,,Y,,Un-Furnished,3 Katha,"Bashundhara,",3,3,3,Y,," ৳11,000,000 ",https://iqibd.com/properties/199,Y,Y,,For Sale,,Y,Single,Y,2012
,1524 sqft,,Apartment,Y,,Y,Y,,"1st,7th",1,,Y,,Un-Furnished,3.3 Katha,"Bashundhara,",3,3,3,Y,," ৳8,800,000 ",https://iqibd.com/properties/198,Y,Y,,For Sale,,Y,Single,Y,2023
,2900 sqft,,Apartment,Y,,Y,Y,Y,8th,2,,Y,,Un-Furnished,,"Dhanmondi, Dhaka",2,3,3,Y,," ৳39,000,000 ",https://iqibd.com/properties/201,Y,Y,,For Sale,Y,Y,,Y,2019
,1864 sqft,,Apartment,Y,,Y,Y,,2nd,2,,Y,,Un-Furnished,12.5 katha,"Mohammadpur,",2,4,3,Y,," ৳21,000,000 ",https://iqibd.com/properties/202,Y,Y,,For Sale,,Y,2C,Y,2012
Y,2421 sqft,,Apartment,Y,,Y,Y,,3rd,1,Y,Y,,Un-Furnished,10 Katha,"Gulshan,",2,3,3,Y,," ৳40,000,000 ",https://iqibd.com/properties/204,Y,,,For Sale,,Y,B2,Y,2012
,2087 sqft,,Apartment,Y,,Y,Y,,4th,2,,Y,,Un-Furnished,,"Dhanmondi, Dhaka",3,4,3,Y,," ৳29,000,000 ",https://iqibd.com/properties/203,Y,Y,,For Sale,,Y,,Y,2006
,1500 sqft,,Apartment,Y,,Y,Y,,1sr & 3rd,1,,Y,,Un-Furnished,2.57 Katha,"Mirpur,",3,3,3,Y,," ৳9,000,000 ",https://iqibd.com/properties/205,Y,Y,,For Sale,,Y,Single,Y,2022
,1600 sqft,,Apartment,Y,,Y,Y,,2nd,1,,Y,,Un-Furnished,,"Banasree,",3,3,3,Y,," ৳11,000,000 ",https://iqibd.com/properties/206,Y,Y,,For Sale,,Y,Single,Y,2018
,1450 sqft,,Apartment,Y,,Y,Y,,"3rd,5th",1,,Y,,Un-Furnished,14.50 Katha,"Mirpur,",2,3,3,Y,," ৳8,600,000 ",https://iqibd.com/properties/195,Y,Y,,For Sale,,Y,"C3,C5",Y,2022
,2260 sqft,,Apartment,Y,,Y,Y,,2nd,1,,Y,,Un-Furnished,6 Katha,"Uttara,",3,4,4,Y,," ৳21,000,000 ",https://iqibd.com/properties/183,Y,Y,,For Sale,,Y,Single,Y,2022
,1540 sqft,,Apartment,Y,,Y,Y,,5th,1,,Y,,Un-Furnished,5 Katha,"Lalmatia,",3,3,3,Y,," ৳15,000,000 ",https://iqibd.com/properties/184,Y,Y,,For Sale,,Y,Single,Y,2006
,2240 sqft,,Apartment,Y,,Y,Y,,6th,1,,Y,,Un-Furnished,5 Katha,"Bashundhara,",3,4,4,Y,," ৳24,000,000 ",https://iqibd.com/properties/185,Y,Y,,For Sale,,Y,Single,Y,2020
,1110 sqft,,Apartment,Y,,Y,Y,,5th,,,Y,,Un-Furnished,5.5 Katha,"Badda,",,3,3,Y,," ৳6,800,000 ",https://iqibd.com/properties/186,Y,Y,,For Sale,,Y,5A,Y,
,1095 sqft,,Apartment,Y,,Y,,,5th,,,Y,,Un-Furnished,5.5 Katha,"Badda,",,3,3,,," ৳6,700,000 ",https://iqibd.com/properties/187,Y,Y,,For Sale,,Y,5B,Y,
,1765 sqft,,Apartment,Y,,Y,Y,Y,4th,1,Y,Y,,Un-Furnished,10 Katha,"Badda,",2,3,3,Y,," ৳11,800,000 ",https://iqibd.com/properties/188,Y,Y,,For Sale,,Y,4C,Y,2021
,2150 sqft,,Apartment,Y,,Y,Y,,3,1,,Y,,Un-Furnished,8 Katha,"Dhanmondi, Dhaka",3,3,4,Y,," ৳26,000,000 ",https://iqibd.com/properties/192,Y,Y,,For Sale,,Y,A-3,Y,2021
,1300 sqft,,Apartment,Y,,Y,Y,,8th,1,,Y,,Un-Furnished,4 Katha,"Aftabnagar,",1,2,3,Y,," ৳8,500,000 ",https://iqibd.com/properties/189,Y,Y,,For Sale,,Y,A-9,Y,2022
,1992 sqft,,Apartment,,,Y,Y,,"5th,6th,7th,9th",1,,Y,,Un-Furnished,8 Katha,"Aftabnagar,",3,4,4,Y,," ৳16,500,000 ",https://iqibd.com/properties/190,,Y,,For Sale,,Y,"B-5,B-6,B-7,B-8,B-9",Y,2023
,1400 sqft,,Apartment,Y,,Y,Y,,"1st,8th",,,Y,,Un-Furnished,14.50 Katha,"Mirpur,",2,2,3,Y,," ৳7,700,000 ",https://iqibd.com/properties/194,Y,Y,,For Sale,,Y,"D1,D8",Y,2022
,2250 sqft,,Apartment,Y,,Y,Y,,2nd,1,,Y,,Un-Furnished,5 Katha,"Bashundhara,",4,3,3,Y,," ৳23,000,000 ",https://iqibd.com/properties/182,Y,Y,,For Sale,,Y,Single,Y,2017
,1400 sqft,,Apartment,Y,,Y,Y,,"3rd,5th,7th",1,,Y,,Un-Furnished,14.50 Katha,"Mirpur,",2,2,3,Y,," ৳8,300,000 ",https://iqibd.com/properties/193,Y,Y,,For Sale,,Y,"D3,D5,D7",Y,2022
,1350 sqft,,Apartment,Y,,Y,Y,,"1st,6th",1,,Y,,Un-Furnished,3 Katha,"Aftabnagar,",3,3,3,Y,," ৳9,800,000 ",https://iqibd.com/properties/170,Y,Y,,For Sale,,Y,Single,Y,2023
,810 sqft,,Apartment,Y,,Y,Y,,"4th,5th,6th",,,Y,,Un-Furnished,3 Katha,"Badda,",2,2,2,,," ৳5,800,000 ",https://iqibd.com/properties/171,Y,Y,,For Sale,,Y,"4A,5A,6A",Y,2023
,830 sqft,,Apartment,Y,,Y,Y,,"4th,5th,6th",,,Y,,Un-Furnished,3 Katha,"Badda,",2,2,2,Y,," ৳5,800,000 ",https://iqibd.com/properties/172,Y,Y,,For Sale,,Y,"4B,5B,6B",Y,2023
,2410 sqft,,Apartment,Y,,Y,Y,,"3rd,4th",1,Y,Y,,Un-Furnished,5 Katha,"Bashundhara,",3,3,3,Y,," ৳22,000,000 ",https://iqibd.com/properties/173,Y,Y,,For Sale,,Y,Single Unit,Y,2022
,2071 sqft,,Apartment,Y,,Y,Y,Y,5th,1,,Y,,Un-Furnished,10 Katha,"Bashundhara,",3,4,4,Y,," ৳18,000,000 ",https://iqibd.com/properties/174,Y,Y,,For Sale,,Y,5B,Y,2012
,1365 sqft,,Apartment,Y,,Y,Y,,1st,1,,Y,,Un-Furnished,3 Katha,"Uttara,",3,3,3,Y,," ৳12,000,000 ",https://iqibd.com/properties/177,Y,Y,,For Sale,,Y,Single Unit,Y,2019
,900 sqft,,Apartment,Y,,Y,Y,,6th,,,Y,,Un-Furnished,4 Katha,"Bashundhara,",1,2,2,,," ৳6,500,000 ",https://iqibd.com/properties/175,Y,Y,,For Sale,,Y,A6,Y,2018
,2360 sqft,,Apartment,Y,,Y,Y,,1st,1,,Y,,Un-Furnished,8 Katha,"Bashundhara,",4,4,4,Y,," ৳17,000,000 ",https://iqibd.com/properties/178,Y,,,For Sale,,Y,A1,Y,2012
,1100 sqft,,Apartment,Y,,Y,,,"3rd,5th,6th",,,Y,,Un-Furnished,3 Katha,"Uttara,",2,2,2,,," ৳6,500,000 ",https://iqibd.com/properties/179,Y,Y,,For Sale,,Y,"3B,5B,6B",Y,2022
,1530 sqft,,Apartment,Y,,Y,Y,,1st & 7th,1,,Y,,Un-Furnished,7.5 Katha,"Uttara,",3,3,3,Y,," ৳13,000,000 ",https://iqibd.com/properties/flat-for-sale-at-uttara,Y,Y,,For Sale,,Y,"A1,A7",Y,2012
,2071 sqft,,Commercial property,Y,,Y,Y,Y,2nd,,,Y,,Furnished,Bangladesh sqft,"Gulshan,",,,,Y,," ৳75,000,000 ",https://iqibd.com/properties/181,Y,,,For Sale,,,02,Y,2012
,1300 sqft,,Apartment,Y,,Y,Y,,"3rd,5th,7th",1,,Y,,Un-Furnished,5 Katha,"Mirpur,",3,3,3,,," ৳9,500,000 ",https://iqibd.com/properties/169,Y,Y,,For Sale,,Y,"3B,5A,5B,7A,7B",Y,2023
,1710 sqft,,Apartment,Y,,Y,Y,,8th,1,,Y,,Un-Furnished,10 Katha,"Dhanmondi, Dhaka",2,4,3,Y,," ৳24,000,000 ",https://iqibd.com/properties/158,Y,Y,,For Sale,,Y,A8,Y,2014
,1520 sqft,,Apartment,Y,,Y,Y,,4th,1,,Y,,Un-Furnished,12.5 Katha,"Mohammadpur,",3,3,4,Y,," ৳7,600,000 ",https://iqibd.com/properties/159,Y,Y,,For Sale,,Y,A4,Y,2022
,1500 sqft,,Apartment,Y,,Y,Y,,4th,1,,Y,,Un-Furnished,12.5 Katha,"Mohammadpur,",3,3,3,Y,," ৳7,500,000 ",https://iqibd.com/properties/160,Y,Y,,For Sale,,Y,A3,Y,2022
,1378 sqft,,Apartment,Y,,Y,Y,,5th,1,,Y,,Un-Furnished,5 Katha,"Mohammadpur,",3,3,3,Y,," ৳10,800,000 ",https://iqibd.com/properties/161,Y,Y,,For Sale,,Y,A5,Y,2022
,1558 sqft,,Apartment,Y,,Y,Y,,12th,1,,Y,,Un-Furnished,12.90 Katha,"Shiddeshwari, Dhaka",3,3,3,Y,," ৳14,000,000 ",https://iqibd.com/properties/162,Y,Y,,For Sale,,Y,B12,Y,2022
,2400 sqft,,Apartment,,,Y,Y,,12th,1,,Y,,Un-Furnished,12 Katha,"Dhanmondi, Dhaka",4,4,4,Y,," ৳23,000,000 ",https://iqibd.com/properties/163,Y,Y,,For Sale,,Y,B-12,Y,2018
,820 sqft,,Apartment,Y,,Y,Y,,"2nd,4th,6th",,,Y,,Un-Furnished,3 Katha,"Badda,",2,2,2,,," ৳6,000,000 ",https://iqibd.com/properties/166,Y,Y,,For Sale,,Y,"2B,4B,6B",Y,2022
,1250 sqft,,Apartment,Y,,Y,Y,,"2nd,3rd,7th,8th",,,Y,,Un-Furnished,8 Katha,"Aftabnagar,",2,3,3,,," ৳8,800,000 ",https://iqibd.com/properties/165,Y,Y,,For Sale,,Y,"2B,3B,7B,8B",Y,2019
,1350 sqft,,Apartment,Y,,Y,Y,,"2nd,3rd,7th,8th",,,Y,,Un-Furnished,8 Katha,"Aftabnagar,",2,3,3,Y,," ৳9,400,000 ",https://iqibd.com/properties/164,Y,Y,,For Sale,,Y,"2A,3A,7A,8A",Y,2019
,800 sqft,,Apartment,Y,,Y,Y,,"2nd,4th,6th",,,Y,,Un-Furnished,3 Katha,"Badda,",2,2,2,,," ৳6,000,000 ",https://iqibd.com/properties/167,Y,Y,,For Sale,,Y,"2A,4A,6A",Y,2022
Y,2821sqft,,Apartment,Y,Y,Y,Y,Y,7th,2,Y,Y,,Un-Furnished,16.8 Katha,"Dhanmondi, Dhaka",5,5,4,Y,," ৳45,000,000 ",https://iqibd.com/properties/157,Y,Y,,For Sale,,Y,Single,Y,2021
,1350 sqft,,Apartment,Y,,Y,Y,,"5th,7th",1,,Y,,Un-Furnished,3 Katha,"Mirpur,",3,3,3,Y,," ৳9,500,000 ",https://iqibd.com/properties/168,Y,Y,,For Sale,,Y,"5A,5B,7A",Y,2023
,1042 sqft,,Apartment,,,Y,,,5th,1,,Y,,Un-Furnished,,"Dhanmondi, Dhaka",3,3,3,Y,," ৳7,500,000 ",https://iqibd.com/properties/146,Y,Y,,For Sale,,Y,A5,Y,2017
,1012 sqft,Y,Apartment,Y,,Y,,,5th,1,,Y,,Un-Furnished,,"Dhanmondi, Dhaka",2,2,3,,," ৳7,300,000 ",https://iqibd.com/properties/147,Y,Y,,For Sale,,Y,B5,Y,2017
,1350 sqft,,Apartment,Y,,Y,Y,,1st,1,,Y,,Un-Furnished,7.25 Katha,"Dhanmondi, Dhaka",2,3,3,Y,," ৳14,850,000 ",https://iqibd.com/properties/150,Y,Y,,For Sale,,Y,C1,Y,2022
,1350 sqft,,Apartment,Y,,Y,Y,,1st,1,,Y,,Un-Furnished,7.25 Katha,"Dhanmondi, Dhaka",2,3,3,Y,," ৳14,850,000 ",https://iqibd.com/properties/149,Y,Y,,For Sale,,Y,B1,Y,2022
,1450 sqft,,Apartment,Y,,Y,,,1st,1,,Y,,Un-Furnished,7.25 Katha,"Dhanmondi, Dhaka",2,3,3,Y,," ৳15,950,000 ",https://iqibd.com/properties/148,Y,Y,,For Sale,,Y,A1,Y,2022
,2550 sqft,Y,Apartment,Y,,Y,Y,,9th,1,,Y,,Un-Furnished,,"Dhanmondi, Dhaka",2,4,4,Y,," ৳44,000,000 ",https://iqibd.com/properties/151,Y,Y,,For Sale,,Y,A9,Y,2022
,2550 sqft,,Apartment,Y,,Y,Y,,5th,1,,Y,,Un-Furnished,3.5 Katha,"Mohammadpur,",3,3,3,Y,," ৳17,100,000 ",https://iqibd.com/properties/152,Y,Y,,For Sale,,Y,Single,Y,2022
,1750 sqft,,Apartment,Y,,Y,Y,,2nd,1,,Y,,Un-Furnished,10 Katha,"Dhanmondi, Dhaka",4,3,3,Y,," ৳11,000,000 ",https://iqibd.com/properties/155,Y,Y,,For Sale,,Y,2E,Y,2022
,2600 sqft,,Apartment,Y,,Y,Y,,1st,1,,Y,,Un-Furnished,5 Katha,"Dhanmondi, Dhaka",4,4,4,Y,," ৳41,600,000 ",https://iqibd.com/properties/153,Y,Y,,For Sale,,Y,Single,Y,2022
,2600 sqft,,Apartment,Y,,Y,Y,,7th,1,,Y,,Un-Furnished,5 Katha,"Dhanmondi, Dhaka",4,4,4,Y,," ৳46,800,000 ",https://iqibd.com/properties/154,Y,Y,,For Sale,,Y,Single,Y,2022
,800 sqft,,Apartment,Y,,Y,,,3rd,,,Y,,Un-Furnished,,"Dhanmondi, Dhaka",2,2,2,,," ৳6,000,000 ",https://iqibd.com/properties/145,Y,Y,,For Sale,,Y,3D,Y,2016
,1935 sqft,,Apartment,Y,,Y,Y,,5th,1,,Y,,Un-Furnished,,"Dhanmondi, Dhaka",5,4,4,Y,," ৳11,000,000 ",https://iqibd.com/properties/156,Y,Y,,For Sale,,Y,A5 & C5,Y,2022
Y,2410 sqft,Y,Apartment,Y,,Y,,,2nd,1,,Y,,Un-Furnished,5 Katha,"Bashundhara,",3,3,3,Y,," ৳20,000,000 ",https://iqibd.com/properties/134,Y,Y,,For Sale,,Y,Single,Y,2022
Y,2410 sqft,Y,Apartment,Y,,Y,,,5th,1,,Y,,Un-Furnished,5 Katha,"Bashundhara,",3,3,3,Y,," ৳20,000,000 ",https://iqibd.com/properties/135,Y,Y,,For Sale,,Y,Single,Y,2022
,980 sqft,,Apartment,Y,,Y,,,5th,,,Y,,Un-Furnished,10 Katha,"Mirpur,",1,2,2,,," ৳5,500,000 ",https://iqibd.com/properties/136,Y,Y,,For Sale,,,Single,Y,2010
,1250 sqft,Y,Apartment,Y,,Y,,,9,,,Y,,Un-Furnished,6.75 Katha,"Mirpur,",2,3,3,,," ৳7,700,000 ",https://iqibd.com/properties/137,Y,Y,,For Sale,,,9C,Y,2022
,1200 sqft,,Apartment,Y,,Y,,,8,,,Y,,Un-Furnished,6.75 Katha,"Mirpur,",2,3,3,,," ৳5,200,000 ",https://iqibd.com/properties/140,Y,Y,,For Sale,,,8B,Y,2022
,1200 sqft,,Apartment,Y,,Y,,,8,,,Y,,Un-Furnished,6.75 Katha,"Mirpur,",2,3,3,,," ৳7,000,000 ",https://iqibd.com/properties/139,Y,Y,,For Sale,,,8B,Y,2022
,1250 sqft,,Apartment,,,Y,Y,,7,,,Y,,Un-Furnished,6.75 Katha,"Mirpur,",2,3,3,,," ৳7,500,000 ",https://iqibd.com/properties/138,Y,Y,,For Sale,,,7D,Y,2022
,950 sqft,,Apartment,,,Y,,,3rd,,,Y,,Un-Furnished,2.5 Katha,"Mirpur,",2,2,3,,," ৳5,500,000 ",https://iqibd.com/properties/142,Y,Y,,For Sale,,,3B,Y,2023
,1200 sqft,Y,Apartment,,,Y,,,9th,,,Y,,Un-Furnished,5 Katha,"Mirpur,",2,3,3,,," ৳7,000,000 ",https://iqibd.com/properties/143,Y,Y,,For Sale,,,9A,Y,2023
,975 sqft,,Apartment,,,Y,,,4th,,,Y,,Un-Furnished,2.5 Katha,"Mirpur,",1,2,3,,," ৳4,500,000 ",https://iqibd.com/properties/141,Y,Y,,For Sale,,,4B,Y,2018
,1200 sqft,,Apartment,,,Y,Y,,3rd,,,Y,,Un-Furnished,6 Katha,"Mirpur,",2,3,3,,," ৳7,000,000 ",https://iqibd.com/properties/144,Y,Y,,For Sale,,,3A,Y,2023
Y,1340 sqft,Y,Apartment,Y,,Y,,,9th,,,Y,,Furnished,6 Katha,"Mirpur,",2,3,3,Y,," ৳9,000,000 ",https://iqibd.com/properties/133,Y,Y,,For Sale,,Y,9A,Y,2010
Y,1380 sqft,,Apartment,Y,,Y,,,7th,1,,Y,,Semi-Furnished,,"Aftabnagar,",3,3,3,Y,," ৳9,500,000 ",https://iqibd.com/properties/122,Y,Y,,For Sale,,Y,7A,Y,2021
,1220 sqft,,Apartment,Y,,Y,,,7th,1,,Y,,Semi-Furnished,,"Banasree,",2,3,3,Y,," ৳7,800,000 ",https://iqibd.com/properties/123,Y,Y,,For Sale,,Y,7A & 7C,Y,2021
Y,1420 sqft,,Apartment,Y,,Y,,,7th,1,,Y,,Semi-Furnished,,"Banasree,",2,3,3,Y,," ৳9,000,000 ",https://iqibd.com/properties/124,Y,Y,,For Sale,,Y,7B & 7D,Y,2021
Y,2200 sqft,,Apartment,Y,,Y,Y,Y,6th,1,,Y,,Furnished,5 Katha,"Bashundhara,",4,4,4,Y,Y," ৳22,500,000 ",https://iqibd.com/properties/125,Y,,,For Sale,Y,Y,Single,Y,2021
Y,1530 sqft,,Apartment,Y,,Y,Y,Y,"1st, 5th, 7th",1,,Y,,Semi-Furnished,7.5 Katha,"Uttara,",3,3,3,Y,," ৳13,500,000 ",https://iqibd.com/properties/126,Y,Y,,For Sale,Y,Y,"A1, A5, A7",Y,2012
,682 sqft,,Apartment,Y,,Y,,,"2nd, 3rd, 5th",,,,,Un-Furnished,,"Badda,",1,2,2,,," ৳3,500,000 ",https://iqibd.com/properties/127,,Y,,For Sale,,,"2B, 3A, 3B, 5A",,2022
,2400 sqft,,Apartment,Y,,Y,,,2nd,1,,Y,,Semi-Furnished,,"Aftabnagar,",3,4,4,Y,," ৳18,000,000 ",https://iqibd.com/properties/128,Y,Y,,For Sale,,Y,Single,Y,2022
,1300 sqft,,Apartment,Y,,Y,,,3rd,,,Y,,Un-Furnished,10 Katha,"Mirpur,",2,3,3,,," ৳8,000,000 ",https://iqibd.com/properties/129,Y,Y,,For Sale,,Y,3C,Y,2023
Y,1000 sqft,,Apartment,Y,,Y,,,9th,,,Y,,Semi-Furnished,,"Mirpur,",2,2,3,,," ৳5,700,000 ",https://iqibd.com/properties/130,,Y,,For Sale,,Y,10A,,2023
Y,2410 sqft,Y,Apartment,Y,,Y,,,3rd,1,,Y,,Un-Furnished,5 Katha,"Bashundhara,",3,3,3,Y,," ৳20,000,000 ",https://iqibd.com/properties/132,Y,Y,,For Sale,,Y,Single,Y,2022
,1605 ft2,,Apartment,Y,,Y,,,"3rd, 7th",,,Y,,On-Going,4 Katha,"Gabtoli,",2,3,3,,," ৳10,000,000 ",https://iqibd.com/properties/131,Y,Y,,For Sale,,Y,"3A, 3B, 7A,7B",,2023
,1100 sqft,,Apartment,Y,,Y,,,9th,1,,Y,,Furnished,,"Mirpur,",2,3,3,Y,," ৳6,800,000 ",https://iqibd.com/properties/121,Y,Y,,For Sale,,Y,9C,Y,2020
,2000 sqft,,Apartment,Y,,Y,,,1st-6th,1,,Y,,Un-Furnished,5 Katha,"Aftabnagar,",3,3,3,Y,," ৳13,500,000 ",https://iqibd.com/properties/110,Y,Y,,For Sale,,Y,Single,Y,2022
,1100 sqft,,Apartment,Y,,Y,,,6th,1,,Y,,Semi-Furnished,,"Mirpur,",,2,3,Y,," ৳7,000,000 ",https://iqibd.com/properties/112,Y,Y,,For Sale,,Y,6B,Y,2019
Y,1341 sqft,,Apartment,Y,,Y,,,2nd,1,,Y,,Semi-Furnished,,"Mirpur,",3,3,3,Y,," ৳7,200,000 ",https://iqibd.com/properties/113,Y,Y,,For Sale,Y,Y,2A,Y,2015
,1266 sqft,,Apartment,Y,,Y,,,3rd,1,,Y,,Un-Furnished,5.5 Katha,"Mirpur,",,2,3,Y,," ৳7,200,000 ",https://iqibd.com/properties/114,Y,Y,,For Sale,,Y,3B,,2022
,1155 sqft,,Apartment,Y,,Y,,,7th,,,Y,,Semi-Furnished,,"Mirpur,",2,2,3,,," ৳5,700,000 ",https://iqibd.com/properties/111,,Y,,For Sale,,Y,7B,Y,2019
Y,2350 sqft,Y,Apartment,Y,,Y,Y,Y,9th,1,,Y,,Furnished,,"Shanti Nagar,",3,4,3,Y,," ৳26,000,000 ",https://iqibd.com/properties/116,Y,,Yes,For Sale,Y,Y,9A,Y,2014
Y,1850 sqft,,Apartment,Y,,Y,Y,,6th,1,,Y,,Furnished,4 Katha,"Lalmatia,",2,4,4,Y,," ৳22,000,000 ",https://iqibd.com/properties/115,Y,Y,,For Sale,,Y,Single,Y,2016
,1850 sqft,,Apartment,Y,,Y,,,6th,1,,Y,,Semi-Furnished,,"Banasree,",3,4,4,Y,," ৳12,000,000 ",https://iqibd.com/properties/117,Y,Y,,For Sale,,Y,Single,Y,2014
,1900 sqft,,Apartment,Y,,Y,,,5th,1,,Y,,Un-Furnished,,"Mirpur,",3,3,4,Y,," ৳10,000,000 ",https://iqibd.com/properties/118,Y,Y,,For Sale,,,5A,Y,2022
,1100 sqft,,Apartment,Y,,Y,,,3rd,,,Y,,Un-Furnished,,"Mirpur,",2,3,3,Y,," ৳7,000,000 ",https://iqibd.com/properties/119,Y,Y,,For Sale,,Y,3B,Y,2023
,1150 sqft,,Apartment,Y,,Y,,,3rd,,,Y,,Un-Furnished,,"Mirpur,",2,3,3,Y,," ৳7,500,000 ",https://iqibd.com/properties/120,Y,Y,,For Sale,,Y,3A,Y,2023
,1472 sqft,,Apartment,Y,,Y,,,"2nd, 4th",1,,Y,,Furnished,,"Bashundhara,",2,3,3,Y,," ৳11,500,000 ",https://iqibd.com/properties/108,Y,Y,,For Sale,,Y,"2B,4A,4B",Y,2021
,850 sqft,,Apartment,Y,,,,,5th,,,Y,,Semi-Furnished,,"Mirpur,",2,2,2,,," ৳3,500,000 ",https://iqibd.com/properties/97,,Y,,For Sale,,Y,5B,Y,2010
,1000 sqft,,Apartment,Y,,,,,2nd,,,Y,,Semi-Furnished,,"Mirpur,",2,2,3,,," ৳5,200,000 ",https://iqibd.com/properties/98,,Y,,For Sale,,Y,B2,Y,2017
Y,3300 sqft,,Apartment,Y,,Y,Y,Y,3rd,,,Y,,Furnished,10 katha,"Gulshan,",3,4,3,Y,," ৳60,000,000 ",https://iqibd.com/properties/99,Y,Y,,For Sale,,Y,A3,Y,2018
,1342 sqft,,Apartment,Y,,Y,,,8th,1,,Y,,Un-Furnished,,"Badda,",2,3,3,Y,," ৳8,000,000 ",https://iqibd.com/properties/100,Y,Y,,For Sale,,Y,8A,Y,2022
,1231 sqft,,Apartment,Y,,Y,,,5th,1,,Y,,Un-Furnished,,"Badda,",2,2,3,Y,," ৳7,500,000 ",https://iqibd.com/properties/101,Y,Y,,For Sale,,Y,5B,Y,2022
Y,2997 sqft,,Apartment,Y,,Y,Y,Y,7th,,,Y,,Semi-Furnished,17 Katha,"Gulshan,",,2,2,Y,," ৳64,500,000 ",https://iqibd.com/properties/102,Y,Y,,For Sale,,Y,7C,Y,2018
,1600 sqft,,Apartment,Y,,Y,,,3rd,1,,Y,,Semi-Furnished,3 Katha,"Aftabnagar,",3,3,3,Y,," ৳11,500,000 ",https://iqibd.com/properties/105,Y,Y,,For Sale,,Y,Single,,2020
,1500 sqft,,Apartment,Y,,Y,,,"1st,2nd,3rd",1,,Y,,Un-Furnished,3 Katha,"Uttara,",3,3,3,Y,," ৳13,500,000 ",https://iqibd.com/properties/103,Y,Y,,For Sale,,Y,Single,Y,2023
Y,3550 sqft,Y,Apartment,Y,,Y,Y,Y,11th,,,Y,,Un-Furnished,20 Katha,"Gulshan,",3,5,4,Y,," ৳99,999,999 ",https://iqibd.com/properties/104,Y,Y,,For Sale,Y,Y,11A,Y,2022
Y,1063 sqft,,Apartment,Y,,Y,Y,,3rd,1,,Y,,Furnished,,"Khilkhet,",2,3,2,Y,," ৳5,400,000 ",https://iqibd.com/properties/96,Y,Y,,For Sale,,Y,3D,Y,2008
,1600 sqft,,Apartment,Y,,Y,,,2nd,1,,Y,,Un-Furnished,,"Bashundhara,",2,3,3,Y,," ৳12,500,000 ",https://iqibd.com/properties/107,Y,Y,,For Sale,,Y,Single,Y,2022
Y,2200 sqft,,Apartment,Y,,Y,Y,,2nd & 3rd,1,,Y,,Un-Furnished,,"Bashundhara,",2,5,4,Y,," ৳19,000,000 ",https://iqibd.com/properties/84,Y,Y,,For Sale,,Y,Single,Y,2022
Y,875 sqft,,Apartment,Y,,Y,,,3rd,1,,Y,,Un-Furnished,4 Katha,"Bashundhara,",2,2,2,,," ৳8,000,000 ",https://iqibd.com/properties/86,Y,Y,No,For Sale,,Y,3B,Y,2022
Y,1750 sqft,,Apartment,Y,,Y,,,4th,1,,Y,,Un-Furnished,,"Baridhara,",3,4,3,Y,," ৳15,500,000 ",https://iqibd.com/properties/88,Y,Y,,For Sale,,Y,4A,Y,2016
Y,1360 sqft,,Apartment,Y,,Y,,,6th,1,,Y,,Un-Furnished,,"Mirpur,",,3,3,Y,," ৳8,500,000 ",https://iqibd.com/properties/87,Y,Y,,For Sale,,Y,6A,Y,2020
Y,2350 sqft,,Apartment,,,Y,,,9th,1,,Y,,Furnished,,"Shagun Bagicha,",3,4,4,Y,," ৳28,000,000 ",https://iqibd.com/properties/90,Y,Y,,For Sale,,Y,9C,Y,2012
Y,1688 sqft,,Apartment,Y,,Y,Y,,,1,,Y,,Furnished,,"Shagun Bagicha,",,3,3,Y,," ৳17,000,000 ",https://iqibd.com/properties/89,Y,Y,,For Sale,,Y,,Y,2009
,1000 sqft,,Apartment,Y,,Y,Y,,1st,,,Y,,Un-Furnished,,"Mirpur,",2,2,3,Y,," ৳3,500,000 ",https://iqibd.com/properties/91,Y,Y,,For Sale,,Y,Single,Y,2023
,950 sqft,,Apartment,Y,,Y,Y,,8th,,,Y,,Un-Furnished,,"Mirpur,",2,2,3,,," ৳3,500,000 ",https://iqibd.com/properties/92,Y,Y,,For Sale,,Y,Single,Y,2023
,950 sqft,,Apartment,Y,,Y,Y,,6th & 7th,,,Y,,Un-Furnished,,"Mirpur,",2,2,3,,," ৳4,800,000 ",https://iqibd.com/properties/93,Y,Y,,For Sale,,Y,Single,Y,2023
,950 sqft,,Apartment,Y,,Y,Y,,9th,,,Y,,Un-Furnished,,"Mirpur,",2,2,3,,," ৳4,500,000 ",https://iqibd.com/properties/94,Y,Y,,For Sale,,Y,Single,Y,2022
Y,1015 sqft,,Apartment,Y,,Y,Y,,6th,,,Y,,Furnished,,"Mirpur,",2,3,3,,," ৳5,700,000 ",https://iqibd.com/properties/95,Y,Y,,For Sale,,Y,6C,Y,2018
,1343 sqft,,Apartment,Y,,Y,,,"7th,9th",1,,Y,,Un-Furnished,,"Aftabnagar,",2,3,3,Y,," ৳11,000,000 ",https://iqibd.com/properties/72,,Y,No,For Sale,,Y,"A9,B7",Y,2022
,1490 sqft,,Apartment,Y,,Y,,,"3rd,4th",1,,Y,,Un-Furnished,,"Aftabnagar,",2,3,3,Y,," ৳9,500,000 ",https://iqibd.com/properties/73,,Y,No,For Sale,,Y,Single,Y,2022
Y,2075 sqft,Y,Apartment,Y,,Y,Y,,5th,1,,Y,,Furnished,20 katha,"Bashundhara,",3,4,4,,," ৳21,000,000 ",https://iqibd.com/properties/75,Y,Y,Yes,For Sale,Y,Y,B5,Y,2011
Y,1565 sqft,,Apartment,Y,,Y,,,6th & 7th,1,,Y,,Un-Furnished,4 katha,"Bashundhara,",3,3,3,Y,," ৳12,000,000 ",https://iqibd.com/properties/74,,Y,No,For Sale,,Y,Single,Y,2020
,2410 sqft,,Apartment,Y,,Y,,,"4th,5th",1,,Y,,Un-Furnished,8 katha,"Bashundhara,",3,4,3,Y,," ৳20,000,000 ",https://iqibd.com/properties/76,,Y,,For Sale,,Y,Single,Y,2022
Y,1925 sqft,,Apartment,Y,,Y,Y,,8th,1,,Y,,Furnished,20 katha,"Bashundhara,",2,4,4,Y,," ৳22,000,000 ",https://iqibd.com/properties/77,Y,Y,Yes,For Sale,,Y,C8,Y,2021
,1167 sqft,,Apartment,Y,,Y,,,5th,,,Y,,Furnished,5 katha,"Basabo,",2,3,3,,," ৳7,800,000 ",https://iqibd.com/properties/78,,Y,,For Sale,,Y,A6,Y,2010
Y,1525 sqft,,Apartment,Y,,Y,Y,Y,12th,1,,Y,,Furnished,20 katha,"Rampura,",4,3,3,Y,," ৳9,500,000 ",https://iqibd.com/properties/79,Y,Y,,For Sale,,Y,12J,Y,2021
Y,1224 sqft,,Apartment,Y,,Y,,,3rd,,,Y,,Semi-Furnished,,"Badda,",2,3,3,Y,," ৳6,700,000 ",https://iqibd.com/properties/80,Y,,,For Sale,,Y,2A,Y,2022
,935 sqft,,Apartment,Y,,Y,,,1st,,,Y,,Un-Furnished,,"Bashundhara,",2,2,2,,," ৳6,000,000 ",https://iqibd.com/properties/82,,Y,,For Sale,,Y,2C,Y,2016
,1352 sqft,,Apartment,Y,,Y,Y,,9th,1,,Y,,Un-Furnished,,"Bashundhara,",3,3,3,Y,," ৳9,700,000 ",https://iqibd.com/properties/81,Y,Y,,For Sale,,Y,9B,Y,2018
,935 sqft,,Apartment,Y,,Y,,,5th,,,Y,,Un-Furnished,,"Bashundhara,",2,2,2,,," ৳6,000,000 ",https://iqibd.com/properties/83,Y,Y,,For Sale,,,6C,Y,2016
,1080 sqft,,Apartment,Y,,Y,,,1st & 6th,1,,Y,,Un-Furnished,5 Katha,"Bashundhara,",2,2,2,Y,," ৳7,800,000 ",https://iqibd.com/properties/65,,Y,,For Sale,,Y,2A & 6B,Y,2016
Y,1750 sqft,,Apartment,Y,,Y,,,"2nd,3rd,6th,8th",1,,Y,,Un-Furnished,10 katha,"Bashundhara,",3,3,3,Y,," ৳13,475,000 ",https://iqibd.com/properties/66,Y,Y,No,For Sale,,Y,"2(A,B,C)3(A,B,C)6(A,B,C)8(A,B,C)",Y,2025
Y,2160 sqft,,Apartment,Y,,Y,Y,,1st,1,,Y,,Un-Furnished,,"Bashundhara,",4,4,4,Y,," ৳21,680,000 ",https://iqibd.com/properties/68,Y,Y,Yes,For Sale,,Y,Single,Y,2022
Y,1750 sqft,,Apartment,Y,,Y,,,9th,1,,Y,,Furnished,12 katha,"Shiddeshwari, Dhaka",2,3,4,Y,," ৳20,000,000 ",https://iqibd.com/properties/69,,Y,No,For Sale,,Y,D9,Y,2006
,1210 sqft,,Apartment,Y,,Y,,,8th,1,,Y,,Un-Furnished,7 katha,"Aftabnagar,",3,3,3,Y,," ৳7,600,000 ",https://iqibd.com/properties/70,,Y,,For Sale,,Y,C8,,2023
,892 sqft,,Apartment,Y,,Y,,,2nd,,,Y,,Un-Furnished,7 katha,"Aftabnagar,",2,2,2,Y,," ৳5,500,000 ",https://iqibd.com/properties/71,,Y,,For Sale,,Y,A2,,2023
Y,1320 sqft,,Apartment,Y,,Y,,,"1st, 6th, 8th",1,,Y,,Un-Furnished,,"Rampura,",2,3,3,Y,," ৳8,250,000 ",https://iqibd.com/properties/58,,Y,,For Sale,,Y,"C1, C6, C8",Y,2023
Y,800 sqft,,Apartment,Y,,Y,,,"2nd,4th,6th,7th",1,,Y,,Un-Furnished,2.5 katha,"Badda,",3,2,2,Y,," ৳6,000,000 ",https://iqibd.com/properties/57,,Y,No,For Sale,,Y,"2B,4A,4B,6B,7A,7B",Y,2022
Y,1330 sqft,,Apartment,Y,,Y,,,"1st, 6th, 8th",1,,Y,,Un-Furnished,,"Rampura,",2,3,3,Y,," ৳8,300,000 ",https://iqibd.com/properties/59,,Y,,For Sale,,Y,"B1, B6, B8",Y,2023
Y,2250 sqft,,Apartment,Y,,Y,Y,,4th,,,Y,,Un-Furnished,5.25 Katha,"Bangla Motor,",4,4,4,Y,," ৳29,225,000 ",https://iqibd.com/properties/62,Y,Y,Yes,For Sale,,Y,4A,Y,2022
,1250 sqft,,Apartment,Y,,Y,Y,,"1st, 8th",1,,Y,,Un-Furnished,,"Rampura,",2,3,3,Y,," ৳7,900,000 ",https://iqibd.com/properties/60,,Y,,For Sale,,Y,"A1, A8",Y,2023
Y,1750 sqft,,Apartment,Y,,Y,,,1st & 2nd,1,,Y,,Un-Furnished,3 Katha,"Bashundhara,",3,4,4,Y,," ৳14,500,000 ",https://iqibd.com/properties/61,,Y,No,For Sale,,Y,1st & 2nd,Y,2022
,1830 sqft,,Apartment,Y,,Y,Y,,6th,1,,Y,,Un-Furnished,,"Bashundhara,",3,4,3,Y,," ৳15,000,000 ",https://iqibd.com/properties/45,Y,Y,No,For Sale,,,Single,Y,2022
Y,1350 sqft,,Apartment,Y,,Y,,,7th,1,,Y,,Un-Furnished,5 katha,"Mirpur,",3,3,3,Y,," ৳9,500,000 ",https://iqibd.com/properties/56,,Y,No,For Sale,,Y,7B,Y,2022
,1830 sqft,,Apartment,Y,,Y,Y,,7th,1,,Y,,Un-Furnished,,"Bashundhara,",3,4,3,Y,," ৳15,000,000 ",https://iqibd.com/properties/46,Y,Y,No,For Sale,,,Single,Y,2022
,1830 sqft,,Apartment,Y,,Y,Y,,8th,1,,Y,,Un-Furnished,,"Bashundhara,",3,4,3,Y,," ৳15,000,000 ",https://iqibd.com/properties/47,Y,Y,No,For Sale,,,Single,Y,2022
,1200 sqft,,Apartment,Y,,Y,,,1st,1,,Y,,Un-Furnished,6 katha,"Aftabnagar,",,3,3,Y,," ৳7,500,000 ",https://iqibd.com/properties/48,,Y,,For Sale,,,1B,Y,2022
,1100 sqft,,Apartment,Y,,Y,,,3rd,1,,Y,,Un-Furnished,,"Mirpur,",2,3,3,Y,," ৳8,000,000 ",https://iqibd.com/properties/49,,Y,,For Sale,,,3C,Y,2022
,1530 sqft,,Apartment,Y,,Y,,,2nd,1,,Y,,Un-Furnished,3 katha,"Bashundhara,",3,4,3,Y,," ৳13,500,000 ",https://iqibd.com/properties/50,,Y,,For Sale,,,2A,Y,2023
Y,1300 sqft,,Apartment,Y,,Y,,,7th,1,,Y,,Un-Furnished,5 katha,"Mirpur,",3,3,3,Y,," ৳9,500,000 ",https://iqibd.com/properties/52,,Y,No,For Sale,,,7A & 7B,Y,2022
Y,1300 sqft,,Apartment,Y,,Y,,,5th,1,,Y,,Un-Furnished,5 katha,"Mirpur,",3,3,3,Y,," ৳9,500,000 ",https://iqibd.com/properties/51,Y,Y,No,For Sale,,,5A & 5B,Y,2022
Y,1300 sqft,,Apartment,Y,,Y,,,3rd,1,,Y,,Un-Furnished,5 katha,"Mirpur,",3,3,3,Y,," ৳9,500,000 ",https://iqibd.com/properties/53,,Y,No,For Sale,,,3B,Y,2022
Y,1350 sqft,,Apartment,Y,,Y,,,5th,1,,Y,,Un-Furnished,5 katha,"Mirpur,",3,3,3,Y,," ৳9,500,000 ",https://iqibd.com/properties/54,,Y,No,For Sale,,,A5,Y,2022
Y,1350 sqft,,Apartment,Y,,Y,,,5th,1,,Y,,Un-Furnished,5 katha,"Mirpur,",3,3,3,Y,," ৳9,500,000 ",https://iqibd.com/properties/55,,Y,No,For Sale,,Y,B5,Y,2022
,1830 sqft,,Apartment,Y,,Y,Y,,3rd,1,,Y,,Un-Furnished,,"Bashundhara,",3,4,3,Y,," ৳15,000,000 ",https://iqibd.com/properties/42,Y,Y,No,For Sale,,,Single,Y,2022
,1830 sqft,,Apartment,Y,,Y,Y,,5th,1,,Y,,Un-Furnished,,"Bashundhara,",3,4,3,Y,," ৳15,000,000 ",https://iqibd.com/properties/44,Y,Y,No,For Sale,,,Single,Y,2022
,1830 sqft,,Apartment,Y,,Y,Y,,4th,1,,Y,,Un-Furnished,,"Bashundhara,",3,4,3,Y,," ৳15,000,000 ",https://iqibd.com/properties/43,Y,Y,No,For Sale,,,Single,Y,2022
,2500 sqft,,Apartment,Y,,Y,Y,Y,4th,1,,Y,,Un-Furnished,15480 sqft,"Baridhara,",3,3,3,Y,," ৳29,500,000 ",https://iqibd.com/properties/36,Y,Y,Yes,For Sale,Y,,D4,,2012
,2339 sqft,,Apartment,Y,,Y,Y,Y,5th,1,,Y,,Un-Furnished,15480 sqft,"Baridhara,",3,3,3,Y,," ৳27,729,000 ",https://iqibd.com/properties/37,Y,Y,Yes,For Sale,Y,,A5,,2012
,2339 sqft,,Apartment,Y,,Y,Y,Y,6th,1,,Y,,Un-Furnished,15480 sqft,"Baridhara,",3,3,3,Y,," ৳27,729,000 ",https://iqibd.com/properties/38,Y,Y,Yes,For Sale,Y,,A6,,2012
,2513 sqft,,Apartment,Y,,Y,Y,Y,4th,1,,,,Un-Furnished,15480 sqft,"Baridhara,",3,3,3,Y,," ৳29,643,000 ",https://iqibd.com/properties/35,,Y,Yes,For Sale,Y,,C4,,2012
,2513 sqft,Y,Apartment,Y,,Y,Y,Y,5th,1,,Y,,Un-Furnished,15480 sqft,"Baridhara,",3,3,3,Y,," ৳29,643,000 ",https://iqibd.com/properties/39,Y,Y,Yes,For Sale,Y,,C5,,2012
,3685 sqft,,Apartment,Y,,Y,Y,Y,3rd,,,Y,,Un-Furnished,,"Baridhara,",5,5,4,Y,," ৳90,000,000 ",https://iqibd.com/properties/40,Y,Y,Yes,For Sale,Y,,Single,Y,2022
,1750 sqft,,Apartment,Y,,Y,,,4th,1,,Y,,Un-Furnished,,"Bashundhara,",3,4,4,Y,," ৳15,000,000 ",https://iqibd.com/properties/41,Y,Y,No,For Sale,,,Single,Y,2022
