Amenities,Bathroom,Bed,Description,Location,PricePerMonth,PropertyType,Size,Status,url
"4 months ago,Bangladesh,Land Share,Drawing,Dining,2 Veranda,Kitchen,Yes,Yes,Yes",3 Bathroom,3 Bed,"Shares of 1350 Sqft land share in Banasree M Block will be sold. There is one  car parking with a share price.,Plot: 41.17 Katha,Total number of flats 176 .,10 storey building ( G + 9),Details of the flat: 3 beds, 3 baths, 3 balconies, drawing, dining, kitchen.,Building Details: Elevators, stairs, generator, intercom, CC camera, convention hall, reception room and Car parking.",Banasree M Block.,1500000,Apartment,1350 Sqft,Out of Stock,https://www.bdstall.com/details/near-hatirjheel-banasree-1350-sqft-apartment-land-share-83817/
"4 months ago,Bangladesh,Land Share,1 Drawing,1 Dining,2 Veranda,1 Kitchen,Yes,Yes,Yes",3 Bathroom,3 Bed,"Shares of 1250 Sqft land will be sold on the opposite side of the most attractive police park along Rampura Banasree C / D Avenue.,Plot: 7.5 Katha,4 units on each floor,10 storey building (G + 9),Details of the flat: 3 beds, 3 baths, 2 balconies, drawing, dining, kitchen.,Building Details: lift, stairs, CCTV camera, generator, intercom, prayer room, convention hall, reception room, fire extinguishing system, standby generator, lightning control system, solar system and car parking.","Opposite Banasree Police Park, Rampura",2500000,Apartment,1250 Sqft,Out of Stock,https://www.bdstall.com/details/banasree-near-police-park-1250-sqft-land-share-73287/
"5 months ago,Bangladesh,New Apartment,1 Drawing,1 Dining,3 Veranda,1 Kitchen,Yes,Yes,Yes",3 Bathroom,3 Bed,"A 1252 Sqft flat will be sold in Arshi Nagar along with Mohammadpur.,** Payment facility in 30 months instalments **,4 Units on each floor,9 Storey of Building ( G + 8 ),Details of flat: 3 Beds, 3 Baths, 3 Balconies, Drawing, Dining, Kitchen.,Building Details: Elevator, Stairs, Generator, Administrative support, CCTV security system, Prayer room, Fireplace, Intercom, Reception room and Car parking.",Arshi Nagar,5200000,Apartment,1252 Sqft,Out of Stock,https://www.bdstall.com/details/near-mohammadpur-1252-sqft-apartment-sale-74684/
"5 months ago,Bangladesh,New Apartment, Drawing , Dining,2 Veranda, Kitchen,Yes ,Yes",3 Bathroom,3 Bed,"Shares of 1200 sqft  apartment  in South Keraniganj Hasnabad  Bashundhara Riverview will be sold.,Plot: 9.5  Katha ( East facing corner plot ),4 units on each floor,10 storey building ( G + 9),Details of the flat: 3 Beds, 3 Baths, 2 Balconies, Drawing, Dining, Kitchen.,Building Details: 2 Elevators, Stairs, Generator, Intercom, Prayer Room, Convention Hall, Reception Room and Car Parking.","Bashundhara Riverview , Block - A.",5200000,Apartment,1200 Sqft,Out of Stock,https://www.bdstall.com/details/south-keraniganj-1200-sqft-ready-apartment-sale-83342/
"5 months ago,Bangladesh,Land Share,Drawing, Dining,2 Veranda,Kitchen,Yes,Yes,Yes",3 Bathroom,3 Bed,"1500 Sqft flat land share will sale in important areas of capital Dhaka, Motijheel, Gulistan, Segunbagicha, Kakrail and elite areas near Bangladesh Secretariat Vijaynagar.,Plot: 10 Katha,4 units on each floor,15 storey building ( Basement and G + 14),Details of the flat: 3 Beds, 3 Baths, 3 Balconies, Drawing, Dining, Kitchen.,Building Details: 2 Elevators, Stairs, Generator, Intercom, Prayer Room, Convention Hall, Reception Room and Car Parking.",Bijoy Nagar,6500000,Apartment,1500 Sqft,Out of Stock,https://www.bdstall.com/details/paltan-vijay-nagar-1500-sqft-apartment-land-share-83343/
"5 months ago,Bangladesh,Land Share, Drawing , Dining,3 Veranda, Kitchen,Yes,Yes",3 Bathroom,,"Shares of 1300 Sqft  land share in Aftabnagar M block will be sold.,Plot: 8 Katha,3 units on each floor,10 storey building (  G + 9),Details of the flat: 3 Beds, 3 Baths, 3 Balconies, Drawing, Dining, Kitchen.,Building Details: 2 Elevators, Stairs, Generator, Intercom, Prayer Room, Convention Hall, Reception Room, Birds Zone, Swimming Pool, Gymnasium, Barbecue corner.","Aftabnagar M Block , Sector - 4.",3500000,Apartment,1300 Sqft ,Out of Stock,https://www.bdstall.com/details/aftabnagar-m-block-1300-sqft-apartment-land-share-83341/
"5 months ago,Bangladesh,New Apartment,2 Veranda,1 Kitchen,Yes ,Yes,Yes",3 Bathroom,,"1350 sqft apartments will be sold next to Rampura  Banasree Farazi Hospital in the elite area of ​​the capital. There is 1 car parking with Apratment.,Plot: 4 Katha ( south facing),2 units on each floor,7 storey building,Details of the flat: 3 Beds, 3 Baths, 2 Balconies, Drawing, Dining, Kitchen.,Building Details:  Elevators, Stairs, Generator, Intercom ,  Reception Room and Car Parking.",Banasree E Block.,8500000,Apartment,1350 Sqft,Out of Stock,https://www.bdstall.com/details/banasree-near-farazi-hospital-1350-sqft-apartment-sale-83339/
"4 months ago,Bangladesh,Land Share,Drawing,Dining,Veranda,Kitchen,Yes,Yes,Yes",3 Bathroom,3 Bed,"Shares of 1200 sqft land share in Rampura Banasree F block will be sold.,Plot: 17.10 Katha (West and East facing plots),Total number of shares is 72.,Details of the flat: 3 Beds, 3 Baths, Balconies, Drawing, Dining, Kitchen.,Building Details: 2 Elevators, Stairs, Generator, Intercom, Prayer Room, Convention Hall, Reception Room and Car Parking.",Banasree F Block.,3500000,Apartment,1200 Sqft,Out of Stock,https://www.bdstall.com/details/banasree-f-block-1200-sqft-apartment-land-share-83384/
"4 months ago,Bangladesh,New Apartment,Drawing,Dining,2 Veranda,Kitchen,Yes,Yes",2 Bathroom,3 Bed,"1200 Sqft apartment will be sold in a noise free pleasant environment in North Nandipara Rasulbagh (Golarbari) residential area next to Trimohani Bus Stand on Rampura-Staff Quarter Highway.,Details of the flat: 3 Beds, 2 Baths, 2 Balconies, Drawing, Dining, Kitchen.,Building Details: 2 Elevators, Stairs, Generator, Intercom, Prayer Room, Convention Hall, Reception Room and Car Parking.",North  Nandipara,5200000,Apartment,1200 Sqft,Out of Stock,https://www.bdstall.com/details/south-banasree-nandipara-1200-sqft-ready-apartment-83383/
"4 months ago,Bangladesh,Land Share,Drawing,Dining,2 Veranda,Kitchen,Yes,Yes,Yes",2 Bathroom,3 Bed,"Shares of 1050  Sqft land share in Trimohoni Masterpara  will be sold.,Plot: 10 Katha,5 units on each floor,10 storey building ( G + 9),Details of the flat: 3 Beds, 2 Baths, 2 Balconies, Drawing, Dining, Kitchen.,Building Details: Elevators, Stairs, Generator, Intercom, Prayer Room, Convention Hall, Reception Room and Car Parking.",Trimohoni,1700000,Apartment,1050 Sqft,Out of Stock,https://www.bdstall.com/details/trimohoni-masterpara-1050-sqft-apartment-land-share-83515/
"4 months ago,Bangladesh,Land Share,Drawing,Dining,Veranda,Kitchen,Yes,Yes,Yes",3 Bathroom,3 Bed,"Shares of 1400 Sqft land share in Mirpur DOHS  will be sold.,Details of the flat: 3 Beds, 3 Baths,  Balconies, Drawing, Dining, Kitchen.,Building Details: Elevators, Stairs, Generator, Intercom, Prayer Room, Convention Hall, Reception Room and Car Parking.",DOHS  60 Feet,1500000,Apartment,1400 Sqft,Out of Stock,https://www.bdstall.com/details/mirpur-dohs-1400-sqft-apartment-land-share-83431/
"4 months ago,Bangladesh,Land Share,Drawing,Dining,4 Veranda,Kitchen,Yes,Yes,Yes",4 Bathroom,4 Bed,"Shares of 1750 Sqft land share in Keraniganj Maxwell western city will be sold.,Plot: 6 Katha (South facing).","Maxwell western city, Keraniganj.",745000,Apartment,1750 Sqft,Out of Stock,https://www.bdstall.com/details/maxwell-western-city-1750-sqft-apartment-land-share-83529/
"4 months ago,Bangladesh,Land Share,Drawing,Dining,Veranda,Kitchen,Yes,Yes,Yes",3 Bathroom,3 Bed,"Shares of 1300 Sqft land share in Uttara Baunia Bazar will be sold.,10 storey building ( Basement and G + 9),Details of the flat: 3 Beds, 3 Baths, Balconies, Drawing, Dining, Kitchen.,Building Details:  Elevators, Stairs, Generator, Intercom, Prayer Room, Convention Hall, Reception Room and Car Parking.",Baunia Bazar,1200000,Apartment,1300 Sqft,Out of Stock,https://www.bdstall.com/details/uttara-1300-sqft-apartment-land-share-83432/
"4 months ago,Bangladesh,Used Apartment,Drawing,Dining,Veranda,Kitchen,Yes,Yes",2 Bathroom,2 Bed,"A 950 Sqft Used Apartment will be sold of the heart Dhaka city in South Banasree Meradia  behind 10th floor market .,Including Government Titas gas line.,Plot: 3 Katha ( Corner plot  ),2 units on each floor,7 storey building ( G + 6 ),Details of the flat: 2 Beds, 2 Baths,  Balconies, Drawing, Dining, Kitchen.,Building Details: Elevators, Stairs, Generator, Intercom , Reception Room .","Banasree 10 Floor Market, Block- L.",3800000,Apartment,920 Sqft,Out of Stock,https://www.bdstall.com/details/south-banasree-meradia-920-sqft-used-apartment-sale-83545/
"4 months ago,Bangladesh,Land Share,Drawing,Dining,3 Veranda,Kitchen,Yes,Yes,Yes",3 Bathroom,3 Bed,"Shares of 1300  Sqft land share in Rampura Jamtola Boubazar  will be sold. There is 1 car parking with a share price.,Plot: 23 Katha,10 storey building (  G + 9),Details of the flat: 3 Beds, 3 Baths, 3 Balconies, Drawing, Dining, Kitchen.,Building Details:  Elevators, Stairs, Generator, CC TV Camera, Intercom, Convention Hall, Reception Room and Car Parking.",Jamtola Boubazar.,2500000,Apartment,1300 Sqft,Out of Stock,https://www.bdstall.com/details/rampura-jamtola-1300-sqft-apartment-land-share-83543/
"4 months ago,Bangladesh,Used Apartment,Drawing,Dining,2 Veranda,Kitchen,Yes,Yes",2 Bathroom,2 Bed,"A used flat of 1110 Sqft will be sold in the elite area of ​​Naya Paltan near the important areas of the capital Dhaka, Motijheel, Gulistan, Segunbagicha, Kakrail and Bangladesh Secretariat. There is 1 car parking with apartment .,Plot: 12 Katha ( South west facing corner ),4 units on each floor,15 storey building,Details of the flat: 2 Beds,2 Baths, 2 Balconies, Drawing, Dining, Kitchen.,Building Details: 2 Elevators, Government titas gas, Stairs, Generator, Intercom, Prayer Room, Convention Hall, Reception Room and Car Parking.",Naya paltan beside dhaka bank.,9000000,Apartment,1110 Sqft,Out of Stock,https://www.bdstall.com/details/purana-paltan-1110-sqft-used-apartment-sale-83386/
"4 months ago,Bangladesh,Land Share,Drawing,Dining,Veranda,Kitchen,Yes,Yes,Yes",2 Bathroom,3 Bed,Shares of 1050 Sqft land share in Khilgaon  Nandipara with Central Jame  Masjid will be sold.,Near Nandipara Central Jame Masjid,1300000,Apartment,1050 Sqft,Out of Stock,https://www.bdstall.com/details/khilgaon-nandipara-1050-sqft-apartment-land-share-83544/
"4 months ago,Bangladesh,Land Share,Drawing,Dining,3 Veranda,Kitchen,Yes,Yes,Yes",3 Bathroom,3 Bed,"Shares of 1400 Sqft  land share in  Banasree Near Police Park will be sold. There is 1 car parking with a share price.,Plot: 4.29 Katha,2 units on each floor,10 storey building ( Basement and G + 9),Details of the flat: 3 Beds, 3 Baths, 3 Balconies, Drawing, Dining, Kitchen.,Building Details:  Elevators, Stairs, Generator, Intercom, Convention Hall, Reception Room and Car Parking.",Block-C.,2000000,Apartment,1400 Sqft,Out of Stock,https://www.bdstall.com/details/banasree-near-police-park-1400-sqft-land-share-83652/
"5 months ago,Bangladesh,New Apartment,1 Drawing,1 Dining,3 Veranda,1 Kitchen,Yes,Yes,Yes",3 Bathroom,3 Bed,Ready flats of 1300 Sqft will be sold at Mohammadpur Laboni Point.,Laboni Point.,5700000,Apartment,1300 Sqft,Out of Stock,https://www.bdstall.com/details/1300-sqft-apartment-sale-at-mohammadpur-74690/
"4 months ago,Bangladesh,Land Share,Drawing,Dining,4 Veranda,Kitchen,Yes,Yes,Yes",5 Bathroom,5 Bed,"Shares of 2500 Sqft land share in Aftabnagar E block will be sold. There is 1 car parking with a share price.,Plot: 5 Katha,one units on each floor,10 storey building (  G + 9),Details of the flat: 5 Beds, 5 Baths, 4 Balconies, Drawing, Dining, Kitchen.,Building Details:  Elevators, Stairs, Generator, Intercom, Prayer Room and Car Parking.",Block - E,7500000,Apartment,2500 Sqft,Out of Stock,https://www.bdstall.com/details/aftabnagar-e-block-2500-sqft-apartment-land-share-83657/
"4 months ago,Bangladesh,Land Share,Drawing,Dining,3 Veranda,Kitchen,Yes,Yes,Yes",3 Bathroom,3 Bed,"Shares of 1800 Sqft land share in Rampura Banasree M block will be sold. There is 1 car parking with a share price.,Plot: 32 Katha ( South facing),11 units on each floor,10 storey building ( Basement and G + 9),Details of the flat: 3 Beds, 3 Baths, 3 Balconies, Drawing, Dining, Kitchen.,Building Details:  Elevators, Stairs, Generator, Intercom, Prayer Room, Community Hall, Reception Room, Kids Play Zone, Rooftop Garden, Child Care Center, Badminton Court, CC Camera, Fire Safety System and Car Parking.,The share price of the land has to be paid at one time, 26 lakh Taka. Land shares will be registered in your name. The rest of the money will have to be paid according to the progress of the estimated 34 lakh works. The work will be completed in 3 years.","Block-M, Road -12.",2600000,Apartment,1800 Sqft,Out of Stock,https://www.bdstall.com/details/banasree-m-block-1800-sqft-apartment-land-share-83649/
"11 months ago,Bangladesh,Land Share,1 Drawing,1 Dining,2 veranda,1 Kitchen,Yes,Yes,Yes",3 Bathroom,3 Bed,"Shares of 1250 square feet of land in East Rampura Nabinbagh will be sold.,Plot: 15 Katha,7 units on each floor,A total of 63 flats will be constructed in G + 9 storey building.,Details of the flat: 3 beds, 3 baths, 2 balconies, drawing, dining, kitchen.,Building Details: Elevator, Siri, Generator, CCTV Camera, Solar System, Intercom, Prayer Room, Convention Hall, Reception Room and Car Parking.,Flat distribution will be done through lottery. In that case, the top floor and the second floor will be reduced on the basis of negotiation.","Nabinbagh , Near Banasree",2000000,Apartment,1250 Sqft,Out of Stock,https://www.bdstall.com/details/east-rampura-nabinbagh-land-share-1250-sqft-apartment-71889/
"11 months ago,Bangladesh,Used Apartment,1 Drawing,1 Dinning,2 Veranda,1 Kitchen,Yes,Yes,Yes",2 Bathroom,2 Bed,"A 960 Sqft southwest-facing ready flat for sale at Banasree near Hatirjheel.,** Titas Gas Connection**,2 units on each floor,Details of flat: 2 Beds, 2 Baths, 2 Balconies, Drawing, Dining, Kitchen.,Building Details: Lift, Stairs, Generator, Intercom and Car parking.",South Banasree L Block,4200000,Apartment,960 Sqft,Out of Stock,https://www.bdstall.com/details/near-hatirjheel-banasree-ready-apartment-will-be-sale-73003/
"11 months ago,Bangladesh,Land Share,1 Drawing,1 Dining,1 Veranda,1 Kitchen,Yes,Yes,Yes",,3 Bed,"Shares of 1050 square feet of land will be sold along with Central Nandipara Central Jame Mosque adjacent to South Banasree.,Plot: 8 Katha (south-facing plot),4 units on each floor,G + 9 storey building,Details of flat: 3 bedrooms, 3/2 bathrooms, veranda, drawing, dining, kitchen.,Building Details: Elevator, Stairs, Generator, CCTV Camera, Reception Room and Car Parking, Community Hall, Driver Restroom, Security Guard Restroom.,The value of the land share will have to be paid at a time of 10 lakh taka. The land share will be registered in your name. The rest of the money is to be paid according to the progress of approximately 18 lakh works. The work will be completed in 3 years. No more costs. As a landowner, you do not have to pay any separate flat registration fee. Flat & car parking distribution through lottery. In that case, the top floor and the second floor will be reduced on the basis of negotiations.","South Banasree, Nandipara.",1000000,Apartment,1050 Sqft,Out of Stock,https://www.bdstall.com/details/south-banasree-1050-sqft-apartment-land-share-71861/
"11 months ago,Bangladesh,New Apartment,1 Drawing,1 Dining,1 Veranda,Yes,Yes,Yes",3 Bathroom,3 Bed,"A ready flat of 1200 Sqft will be sold on Chittagong Bakelia Syed Shah road.,Details of flat: 3 Beds, 3 Baths, Veranda, Drawing, Dining, Kitchen.,Building Details: Elevators, Stairs, Generator, Intercom, Convention hall, Interior design, Reception room and Car parking.",Bakelia sayed shah road,5200000,Apartment,1200 Sqft,Out of Stock,https://www.bdstall.com/details/chittagong-bakelia-1200-sqft-ready-apartment-74320/
"11 months ago,Bangladesh,Used Apartment,1 Drawing,1 Dining,3 Veranda,1 Kitchen,Yes,Yes,Yes",3 Bathroom,3 Bed,"An used 1150 Sqft flat on the 2nd floor will be sold at Near South Banasree Central Jame Mosque and Unity Aid Hospital.,South facing flat (20 feet north-facing building),Extensive drawing and dining,Details of the flat: 3 Beds, 3 Baths, 3 Balconies, Drawing, Dining, Kitchen.,Building Details: Elevator, Stairs, Generator, Intercom, Modern Safety, Firefighting system, Aesthetic architectural style and Car parking.",South Banasree,5500000,Apartment,1150 Sqft,Out of Stock,https://www.bdstall.com/details/south-banasree-1150-sqft-used-apartment-sale-73304/
"11 months ago,Bangladesh,New Apartment,1 Drawing,1 Dining,1 Veranda,1 Kitchen,Yes,Yes,Yes",3 Bathroom,3 Bed,"Chittagong Firingibazar Kotwali 1200 Sqft luxury ready flat sale,,With 100 Sqft car parking.,Details of flat: 3 Beds, 3 Baths, Veranda, Drawing, Dining, Kitchen.,Building Details:  Elevators, Stairs, Generator, Intercom, Convention Hall, Reception Room and Car Parking.",Firingibazar kotwali,6000000,Apartment,1200 Sqft,Out of Stock,https://www.bdstall.com/details/chittagong-firingibazar-1200-sqft-ready-flat-74325/
"11 months ago,Bangladesh,New Apartment,1 Drawing,1 Dining,3 Veranda,1 Kitchen,Yes,Yes,Yes",3 Bathroom,3 Bed,"The new flat of 1250 Sqft will be sold on the 7th floor at Sepahibag, 15 minutes away from Motijheel, the main commercial area of ​​the capital Dhaka.,South facing flat with 20 feet road,Details of the apartment: 3 beds, 3 baths, 3 balconies, drawing, dining, kitchen.,Building Details: Elevator, Stairs, Generator, Intercom, Modern Security Firefighting System, Aesthetic Architectural Style, Modern Facilities and Car Parking.",Sepahibagh With Tempo Stand,6600000,Apartment,1250 Sqft,Out of Stock,https://www.bdstall.com/details/sepahibagh-1250-sqft-ready-apartment-sale-73047/
"11 months ago,Bangladesh,Land Share,1 Drawing,1 Dining,1 veranda,1 Kitchen,Yes,Yes,Yes",3 Bathroom,3 Bed,"Shares of 1200 square feet of land will be sold along North Nandipara Rasulbagh Main Road, South Banasree.,Plot: 17 Katha,8 units on each floor,G + 9 storey building,Details of flat: 3 beds, 3 baths, veranda, drawing, dining, kitchen.,Building details Elevator, Stairs, generator, CCTV camera, intercom, prayer room, convention hall, reception room, driver's lounge, security guard lounge and car parking.,The share price of the land has to be paid at one time12 lakh taka. Land shares will be registered in your name. The rest of the money will have to be paid according to the progress of the estimated 20 lakh works. Work will be completed in 3 years. Flat distribution will be through lottery. In that case, the top floor and the second floor will be reduced based on the discussion of the recipients.", Nandipara,1200000,Apartment,1200 Sqft,Out of Stock,https://www.bdstall.com/details/south-banasree-nandipara-land-share-1200-sqft-apartment-71954/
"11 months ago,Bangladesh,New Apartment,1 Drawing,1 Dining,2 Veranda,1 Kitchen,Yes,Yes,Yes",4 Bathroom,3 Bed,"Ready flats of 1050 sqft will be sold in the North Nandipara residential area next to the Trimohoni bus stand on Rampura-Staff Quarters Highway.,On the 6th floor, 1 ready-made flat with adequate light and air facing north-west will be for sale.,Details of flat: 3 Beds, 4 Baths, 2 Balconies, Drawing, Dining, Kitchen.,Building details: 2 Elevators, Stairs, Generator, CCTV, Intercom, Convention Hall, Reception room, Aesthetic architectural style, Modern safety & Fire fighting system and Car Parking.",Nandipara  khilgaon.,4800000,Apartment,1050 Sqft,Out of Stock,https://www.bdstall.com/details/khilgaon-nandipara-1050-sqft-ready-apartment-74252/
"10 months ago,Bangladesh,New Apartment,1,1,3,1,First Come First  Serve Basis,Yes,Yes",,,"An 8 storied luxurious construction running residential buildings 1st floor 1365 square feet apartment at Tollabagh, Sukrabad, Dhanmondi, Dhaka is available for sale. The flat is designed with 3 bedrooms, 3 bathrooms, 3 verandas, 1 living room, 1 dining room, and a kitchen. A high-quality foreign-made lift and generator would be available there. The main specialties of this apartment are it is nearby Sukrabad bus stop and Mirpur road. Installment facilities are also added for buyers to purchase the flat. A bilateral deed of agreement will be signed as the legal issues between the two parties.","Tollabagh, Sukrabad, Dhanmondi, Dhaka -1207",9700000,Apartment,1365 Sqft,Out of Stock,https://www.bdstall.com/details/serinity-1365-sqft-residential-flat-at-dhanmondi-dhaka-61529/
"11 months ago,Bangladesh,Land Share,1 Drawing,1 Dining,3 Veranda,1 kitchen,Yes,Yes,Yes",3 Bathroom,3 Bed,"Shares of 1200 sqft Land will be sold in an H block in the Aftabnagar residential area.,Plot: 9.08 Katha (Corner Plot),4 units on each floor,Building G + 9,Details of the flat: 3 beds, 3 baths, 3 balconies, drawing, dining, kitchen.,Building Details: 2 Lifts, Stairs, Generator, Intercom, CCTV Camera and Car Parking.,Flat and car parking will be distributed through a lottery.","Aftabnagar, H Block",2250000,Apartment,1200 Sqft,Out of Stock,https://www.bdstall.com/details/aftabnagar-land-share-1200-sqft-apartment-71943/
"11 months ago,Bangladesh,Land Share,1 Drawing,1 Dining,3/2 Veranda,1 Kitchen,Yes,Yes,Yes",3 Bathroom,3 Bed,"Shares of 1350 Sqft will be sold at Madhubagh Magbazar along with Hatirjheel. Car parking is included with the share price.,Plot: 15 Katha,7 units on each floor,G + 9 storey building,Details of flat: 3 Beds, 3 Baths, 3/2 Veranda, Drawing, Dining, Kitchen.,Building Details: Elevator, Stairs, CCTV Camera, Generator, Intercom, Prayer Room, Convention Hall, Reception Room, Driver Waiting Room and Car Parking.","Hatirjheel, Modhubag",2500000,Apartment,1350 Sqft,Out of Stock,https://www.bdstall.com/details/hatirjheel-modhubag-1350-sqft-apartment-land-share-71869/
"11 months ago,Bangladesh,Used Apartment,1 Drawing,1 Dining,2 veranda,1 Kitchen,Yes,Yes",2 Bathroom,3 Bed,"A used flat with a wide road on the 6th floor of a 11-storey building will be sold. The flat is located within 150 meters from the main road of Dholaipar bus stand.,North and east-facing flats,Details of flat: 3 beds, 2 baths, 2 balconies, drawing, dining, kitchen.,Building Details: 2 lifts, stairs, generator, intercom, modern security, fire fighting system, reception room, aesthetic architectural style and modern facilities.",Dholaipar bus stand,6600000,Apartment,1200  Sqft,Out of Stock,https://www.bdstall.com/details/ready-1200-sqft-flat-at-dholaipar-dhaka-73291/
"10 months ago,Bangladesh,New Apartment,1,1,3,1,1,1,1",,,"Sukrabad, Dhanmondi Dhaka is an 8-story luxury residential building under construction with 1420 sq ft apartment per floor. The flats in this residential building are designed with 3 bedrooms, 3 bathrooms, 3 balconies, 1 living room, 1 dining room, and a kitchen. There you will find high-quality foreign-made elevators and generators. This residential building has a total of 21 flats and is close to hospitals, educational institutions.","Sukrabadh, Dhanmondi",9800000,Apartment,1420 sft,Out of Stock,https://www.bdstall.com/details/1420-sqft-ready-flat-at-dhanmondi-dhaka-71661/
"10 months ago,Bangladesh,New Apartment,1,1,2,1,No,Yes, 2 Lift,Yes",,3 Bed,"Green peace 1050 sqft fully ready flat is available for sale at Senpara Porbota, Mirpur-10, Dhaka. The total floor of this apartment is 09 and facing in the east. The building has a total of 56 flats with 2 stairs. This project is planned with two ways of entry system. There are two installment facilities is available for customers.","Senpara Porbota, Mirpur-10, Dhaka",5600000,Apartment,1050 Sqft ,Out of Stock,https://www.bdstall.com/details/green-peace-1050-sqft-ready-flat-at-mirpur-10-dhaka-61837/
"5 months ago,Bangladesh,New Apartment,1 Drawing,1  Dining,4 Veranda,1 Kitchen,Yes,Yes,Yes",3 Bathroom,4 Bed,"A 1400 Sqft flat will be sold at Suchona Model Town in Mohammadpur Basila.,2 Units on Each Floor,10 Storey of Building ( G + 9 ),Details of flat: 4 Beds, 3 Baths, 4 Balconies, Drawing, Dining, Kitchen.,Building Details: Elevator, Stairs, Generator, CCTV  security system, Fireplace, Intercom, Reception room and Car parking.","Suchona Model Town, Bosila.",7500000,Apartment,1400 Sqft,Out of Stock,https://www.bdstall.com/details/1400-sqft-apartment-sale-at-mohammadpur-74682/
"10 months ago,Bangladesh,New Apartment,1,1,2,1,No,Yes,Yes",,3 Bed,"Sign castle 1100 sqft 3 bed flat at Don chamber, Narayanganj is ready for sale. The apartment is 8 storied. The main road, the mosque is near the apartment and many more facilities are there. Customers can take advantage of installment and bank loan options.","Don Chamber Road, Narayanganj",4900000,Apartment,1100 Sqf,Out of Stock,https://www.bdstall.com/details/sign-castle-1100-sqft-flat-at-don-chamber-narayanganj-61840/
"10 months ago,Bangladesh,New Apartment,1,1,1,1,No,Yes,Yes",,2 Bed,"Sign castle 850 sqft 2 bed on going flat is for sale at Don chamber, Narayanganj. There are 08 storied in the apartment. The apartment is close to the main road, the mosque, and many other facilities available. Customers have the choice of taking out an installment loan or a bank loan.","Don Chamber Road, Narayanganj",3500000,Apartment,850 Sqft,Out of Stock,https://www.bdstall.com/details/850-sqft-on-going-flat-sale-at-don-chamber-narayanganj-61844/
"11 months ago,Bangladesh,Land Share,1 Drawing,1 Dining,1 Veranda,1 Kithcen,Yes,Yes,Yes",3 Bathroom,3 Bed,"Shares of 1300 sqft land will be sold in the Kunjban residential area adjacent to Eastern Banasree behind the Rampura BTV building.,Plot: 4.5 Katha,2 units on each floor,Building G + 9,Details of the flat: 3 beds, 3 baths, veranda, drawing, dining, kitchen.,Building Details: Elevator, Stairs, Generator, Intercom, Prayer Room, Convention Hall, Reception Room and Car Parking.","Kunjaban Residential Area, East Rampura",2500000,Apartment,1300 Sqft,Out of Stock,https://www.bdstall.com/details/eastern-banasree-1300-sqft-apartment-land-share-71896/
"11 months ago,Bangladesh,New Apartment,1 Drwing,1 Dining,2 Veranda,1 Kitchen,Yes,Yes,Yes",2 Bathroom,3 Bed,"An 1134 Sqft ready flat will be sold on the 9th floor next to Mugda Biswaroad very close to Motijheel, the main commercial area of ​​the capital Dhaka.,Details of the flat: 3 beds, 2 baths, 2 balconies, drawing, dining, kitchen.,Building Details: 3 Elevators, Siri, Generator, Intercom, Prayer Room, Modern security fire extinguisher system, Aesthetic architectural style, Modern facilities and Car parking.","Mugda,Dhaka",6700000,Apartment,1134 Sqft,Out of Stock,https://www.bdstall.com/details/near-motijheel-mugda-1134-sqft-ready-apartment-sale-73041/
"11 months ago,Bangladesh,Land Share,1 Drawing,1 Dining,3 Veranda,1 Kitchen,Yes,Yes,Yes",4 Bathroom,4 Bed,"An elite area of ​​ capital Dhaka in Shantinagar Shares of 1800 Sqft of land will be sold.,3 units on each floor,10 storey building (G + 9),Details of the flat: 4 Beds, 4 Baths, 3 Balconies, Drawing, Dining, Kitchen.,Building Details: 2 Elevators, Stairs, Generator, Intercom, Sub-Station, Community Space, Roof Top Garden, Convention Hall, Reception Room and Car Parking.","Shantinagar,Dhaka",8700000,Apartment,1800 Sqft,Out of Stock,https://www.bdstall.com/details/shantinagar-1800-sqft-apartment-land-share-73313/
"5 months ago,Bangladesh,New Apartment,1 Drawing,1 Dining,3 Veranda,1 kitchen,Yes,Yes,Yes",3 Bathroom,3 Bed,"A luxurious 1250 Sqft ready flat will be sold in Mohammadpur Arshi Nagar.,4 Units on Each Floor,9 Storey of Building ( G + 8 ),Details of flat: 3 Beds, 3 Baths, 3 Balconies, Drawing, Dining, Kitchen.,Building Details: Elevator, Stairs, Generator & Substation, CCTV security system, Fireplace, Meeting rooms, Electricity, Intercom, Reception room and Car parking.","Arshi Nagar,  Mohammadpur.",5200000,Apartment,1250 Sqft,Out of Stock,https://www.bdstall.com/details/mohammadpur-1250-sqft-luxury-ready-apartment-74686/
"11 months ago,Bangladesh,Land Share,1 Drawing,1 Dining,3/2 veranda,1 kitchen,Yes,Yes,Yes",3 Bathroom,3 Bed,"Shares of 1200 sqft of land will be sold at Tamirul Millat Madrasa on the north side of Matuail Government Hospital and Muslimnagar on the west side of Rafiqul Islam School and College.,Plot: 8 Katha,4 units on each floor,Building: 10 storey basement and G + 9,Details of flat: 3 beds, 3 baths, 2/3 veranda, drawing, dining, kitchen.,Building details Lift, Stairs, generator, intercom and car parking."," Matuail Medical, Dhaka",1000000,Apartment,1100 sqft,Out of Stock,https://www.bdstall.com/details/demra-matuail-1100-sqft-apartment-land-share-71959/
"11 months ago,Bangladesh,New Apartment,1 Drawing,1 Dining,1 Veranda,1 Kitchen,Yes,Yes,Yes",3 Bathroom,3 Bed,"A 1651 Sqft luxury ready flat for sale in Chittagong West Khulshi,,The flat has 100 Sqft of car parking.,Details of flat: 3 Beds, 3 Baths, Veranda, Drawing, Dining, Kitchen.,Building Details: 2 Elevators, Stairs, Generator, Intercom, Convention Hall, Reception Room and Car Parking.","1/1 warles, west khulshi",8000000,Apartment,1651 Sqft,Out of Stock,https://www.bdstall.com/details/chittagong-west-khulshi-1651-sqft-ready-flat-74306/
"1 year ago,Bangladesh,New Apartment,1,1,3,1,1,1,1",,,"This apartment will be a single unit and will have a 6-storey building height with a basement. It has community halls with separate prayer rooms, seating arrangements, sky court, modern elevator, and generator, indoor and outdoor for children's play. You will get 40% open space all the time.","Plot# 710, Road# 15, Block# K, Bashundhara R/A",11500000,Apartment,1575 Square Feet,Out of Stock,https://www.bdstall.com/details/bashundhara-south-face-1575-sft-apartment-71445/
"11 months ago,Bangladesh,New Apartment,1 Drawing,1 dining,3 Veranda,1 Kitchen,Yes,Yes,Yes",5 Bathroom,4 Bed,"Ready flat of 2400 Sqft will be sold in Chittagong Panchlaish,with one car parking.,Details of the flat: 4 Beds, 5 Baths, 3 Veranda, Drawing, Dining, Kitchen.,Building Details: Elevator, Stairs, Generator, Intercom, Reception room, Prayer room, Driver waiting room, Rooftop, Good quality materials and Car parking.", Panchlaish,20000000,Apartment,2400  Sqft,Out of Stock,https://www.bdstall.com/details/chittagong-panchlaish-2400-sqft-ready-apartment-74368/
"11 months ago,Bangladesh,Land Share,1 Drawing,1 Dining,2 Veranda,1 Kitchen,Yes,Yes,Yes",3 Bathroom,3 Bed,"West Rampura Ulon Road 1300 Sqft of land will be sold.,Plot: 23 Katha,A total of 90 shares,10 storey building (G + 9),Details of the flat: 3 beds, 3 baths, 2 balconies, drawing, dining, kitchen.,Building Details: Elevator, Stairs, Generator, Intercom, Community Hall, Guardroom, Gym and Car Parking.","Ulon Road, West  Rampura",2300000,Apartment,1300 Sqft,Out of Stock,https://www.bdstall.com/details/west-rampura-ulon-road-1300-sqft-apartment-land-share-72402/
"11 months ago,Bangladesh,New Apartment,1 Drawing,1 Dining,1 Veranda,1 Kitchen,Yes,Yes,Yes",3 Bathroom,3 Bed,"Almost Ready flat of 1200 Sqft will be sold on West Rampura Ulon Road.,Only 1 flat to be sold (6th Floor),Details of the flat: 3 beds, 3 baths, veranda, drawing, dining, kitchen.,Building Details: Elevator, Stairs, Generator, Intercom, Reception Room and Car Parking.","Ulon Road, West Rampura",6000000,Apartment,1200 Sqft,Out of Stock,https://www.bdstall.com/details/west-rampura-ulon-road-1200-sqft-apartment-sale-73007/
"11 months ago,Bangladesh,Used Apartment,1 Drawing,1 Dining,2 Veranda,1 Kitchen,Yes,Yes,Yes",2 Bathroom,2 Bed,"Near Faraji Hospital in Banasree G block a 950 Sqft used flat for 8 years will be sold on the 3rd floor of the 7th-floor building.,** Have a valid gas connection **,Plot: 3.5 Katha (south-facing flat),2 units on each floor.,Details of flat:  2 beds, 2 baths, 2 balconies, drawing, dining, kitchen.,Building Details: Elevator, Stairs, Generator, Intercom, Reception Room and Car Parking.","G Block , Banasree",5000000,Apartment,950 Sqft,Out of Stock,https://www.bdstall.com/details/banasree-g-block-950-sqft-used-apartment-sale-73533/
"11 months ago,Bangladesh,New Apartment,1 Drawing,1 Dining,2 Veranda,1 Kitchen,Yes,Yes,Yes",2 Bathroom,3 Bed,"One 1450 Sqft flat will be sold on the 4th floor of the South Banasree 6th floor building adjacent to Hatirjheel, the heart of the capital Dhaka.,North facing flat (20 feet south-facing building),Details of flat: 3 beds, 2 baths, 2 balconies, drawing, dining, kitchen.,Building Details: Attractive interior design, Elevator, Stairs, Generator, Reception room.",South Banasree B Block,6500000,Apartment,1450 Sqft,Out of Stock,https://www.bdstall.com/details/south-banasree-1450-sqft-ready-apartment-sale-73010/
"11 months ago,Bangladesh,New Apartment,1 Drawing,1 Dining,1 Veranda,1 Kitchen,Yes,Yes,Yes",3 Bathroom,3 Bed,"Ready flats of 1300 Sqft will be sold in the Chittagong Chawkbazar area.,Details of flat: 3 Beds, 3 Baths, Veranda, Drawing, Dining, Kitchen.,Building Details: Elevators, Stairs, Generator, Intercom, Convention Hall, Reception Room and Car Parking.",chawkbazar,6500000,Apartment,1300 Sqft,Out of Stock,https://www.bdstall.com/details/chittagong-chawkbazar-1300-sqft-ready-apartment-74317/
"11 months ago,Bangladesh,Land Share,1 Drawing,1 Dining,2/3 Veranda,1 Kithcen,Yes,Yes,Yes",3 Bathroom,3 Bed,"Shares of 1400 sqft flats and 100 sqft shops will be sold along the Rampura Staff Quarters Highway opposite the Banasree Meradia M block. There is 1 car parking with a share price.,Plot: 85 Katha,Total 403 flats,Building 17 storeys (basement and G + 16),Details of the flat: 3 beds, 3 baths, 2/3 veranda, drawing, dining, kitchen.,Building Details: Elevator, Stairs Generator, Gymnasium, Swimming Pool, Mosque, Gas, Electricity & All-Time Security, Sophisticated Market, Library, Spacious Community Space, Reception Room & Car Parking.","Banasree M Block, Rampura",1800000,Apartment,1400 Sqft Apartment &100 Sqft Shop,Out of Stock,https://www.bdstall.com/details/banasree-commercial-residential-land-shares-71962/
"11 months ago,Bangladesh,New Apartment,1 Drawing,1 Dining,3 Veranda,1 Kitchen,Yes,Yes,Yes",4 Bathroom,4 Bed,"Ready flats  2150 Sqft will be sold in the F-block of Bashundhara, one of the main attractions of Dhaka.,Plot: 4 Katha,Details of flat: 4 Beds, 4 Baths, 3 Balconies, Drawing, Dining, Kitchen.,Building details:  Elevator, Stairs, Generator, Intercom, Security, Reception Room and Car Parking.",F Block,16500000,Apartment,2150  Sqft,Out of Stock,https://www.bdstall.com/details/bashundhara-f-block-2150-sqft-ready-flat-74166/
"11 months ago,Bangladesh,New Apartment,1 Drawing,1 Dining,2 Veranda,1 Kitchen,Yes,Yes,Yes",3 Bathroom,,"A ready flat of 1430 Sqft will be sold in Chittagong Chandanpur.,Details of flat: 3 Beds, 3 Baths, Veranda, Drawing, Dining, Kitchen.,Building Details: Elevators, Stairs, Generator, Intercom, Convention hall, Reception room and Car parking.",Chandanpur,7000000,Apartment,1430 Sqft,Out of Stock,https://www.bdstall.com/details/chittagong-chandanpur-1430-sqft-ready-apartment-74387/
"11 months ago,Bangladesh,Land Share,1 Drawing,1 Dinning,3 Veranda,1 Kitchen,Yes,Yes,Yes",3 Bathroom,3 Bed,"Shares of 1350 sqft of land will be sold at Green Model Town, Mugda near Motijheel, the main commercial area of ​​the capital.,Plot: 9.92 Katha (Corner Plot),4 units on each floor,10 storey building (basement and G + 9),Details of the flat: 3 beds, 3 bathrooms, 3 verandas, drawing, dining, kitchen.,Building Details: Elevator, Stairs, CCTV Camera, Generator, Reception Room and Car Parking.,The share price of the land has to be paid at one time 15 lakh fifty thousand takas. Land shares will be registered in your name. The rest of the money will have to be paid according to the progress of the estimated 22 lakh works. The work will be completed in 2.5 years. Flats and parking will be distributed through a lottery.","Green Model Town, Mugda",1550000,Apartment,1350 Sqft,Out of Stock,https://www.bdstall.com/details/near-motijheel-1350-sqft-apartment-land-share-71886/
"11 months ago,Bangladesh,Used Apartment,1 Drawing,1 Dining,3 Veranda,1 Kitchen,Yes,Yes,Yes",4 Bathroom,4 Bed,"Near Faraji Hospital in Banasree G Block, an 1800 Sqft 8-year used flat will be sold on the 3rd floor of the 7th-floor building.,** Have Valid Gas Connection**,Plot: 3.5 Katha (South facing flat ),2 units on each floor,Details of the flat: 4 Beds, 4 Baths, 3 Balconies, Drawing, Dining, Kitchen.,Building Details:  Elevators, Stairs, Generator, Intercom, Convention Hall, Reception Room and Car Parking.",G Block,10000000,Apartment,1800 Sqft,Out of Stock,https://www.bdstall.com/details/banasree-near-faraji-hospital-1800-sqft-used-apartment-73665/
"11 months ago,Bangladesh,New Apartment,1 Drawing,1 Dining,1 Veranda,1 Kitchen,Yes,Yes,Yes",3 Bathroom,3 Bed,"A ready flat on the 7th floor of 1650 Sqft with interior decoration will be sold in Chittagong  Askardighi.,Details of the flat: 3 Beds, 3 Baths, Veranda, Drawing, Dining, Kitchen.,Building Details: Elevator, Stairs, Generator, Intercom, Reception room and Car parking.",Askardighi.,10200000,Apartment,1650 Sqft,Out of Stock,https://www.bdstall.com/details/chittagong-askardighi-1650-sqft-nice-ready-flat-74373/
