name,price,property_description,date_posted,purpose,url,date_crawled,city,address
৮৫০ বর্গফুট এর ফ্লাট @ মগবাজার,6000.0,"০১৮৪২৪১২০৮৯
১. হস্তান্তর জুন ২০১৮ ইং 
২. ৮ম তলায়
ঠিকানা:১০/আই/ ১, মিরবাগ নতুন রাস্তা, মিরবাগ মোড়, মগবাজার,ঢাকা।
বেড:২
বাথ:২
ফ্ল্যাটের আয়তন:৮...",2018-01-22 00:00:00,Sale,http://dhakaflats.com/details.php?id=1&search_id=16091,2023-04-07,Dhaka,Maghbazar
1500 sft flat @ Uttara 11,6000.0,3 bed 3 bath lift generator and 1 garage near Milestone school @ uttara 11,2023-04-06 16:00:00+00:00,Sale,http://dhakaflats.com/details.php?id=16&search_id=16091,2023-04-07,Dhaka,Uttara
3 bed + 3 bath + 1 family space + 2 balconies rent in New D.O.H.S,60000.0,"The apartment is in the heart of New D.O.H.S, Mohakhali, Dhaka just infront of an easily accessible community park and a short walking distance fro...",2023-04-06 22:00:00+00:00,Rent,http://dhakaflats.com/details.php?id=5&search_id=16091,2023-04-07,Dhaka,MohakhaliDOHS
Mr,25000.0,I am Mohamed ibrahim from india and working in reputed shipping company and am looking for flat for rent in dhanmondi since my office is in Bangla ...,2023-04-06 21:00:00+00:00,Rent,http://dhakaflats.com/details.php?id=35&search_id=16091,2023-04-07,Dhaka,Dhanmondi
Flat ready to Construction by land owner,4500000.0,"1050 sqf. flat ready to construction @ mirpur-6, by Land Owner.
# 1st floor
# south facing
# Gas, DESCO,WASA connection
Details: 01678392035",2023-04-06 21:00:00+00:00,Sale,http://dhakaflats.com/details.php?id=3&search_id=16091,2023-04-07,Dhaka,Mirpur
Flat rent for short term and long term,87000.0,"3 bed room 4 bath  drawing leaving area servant room,3rd floor 1 car
parking,washing machine dryer, full power backup,tv cable, wifi.
sqft 2700
...",2023-04-06 20:00:00+00:00,Rent,http://dhakaflats.com/details.php?id=34&search_id=16091,2023-04-07,Dhaka,
Uttara-12 3Bed/ 3 Bath 1560 Sqft for sale,6000.0,"For interested buyer only. 
Build by BDDL on 2009. Attractive location with south facing 100 ft Sonargaon Janapath Road Uttara.
3 spacious bed, 3 b...",2023-03-31 00:00:00,Sale,http://dhakaflats.com/details.php?id=146&search_id=16091,2023-04-07,Dhaka,Uttara
sayed vila,4500.0,situated in malibag . will be ready within 6 months,2023-03-30 00:00:00,Sale,http://dhakaflats.com/details.php?id=150&search_id=16091,2023-04-07,Dhaka,Malibag
flat for sale in dhanmondi,62.0,"#ফ্ল্যাট_বিক্রয় #ফ্ল্যাট_বিক্রয়
#ঠিকানাঃ ফ্ল্যাট নং--৩বি, বাসা নং--১৪৩, রোড নং--১৯(পুরাতন), পশ্চিম ধানমন্ডি(মধুবাজার), ঢাকা ১২০৯।
যোগাযোগ--০১৭১২৪১৫...",2023-03-30 00:00:00,Sale,http://dhakaflats.com/details.php?id=149&search_id=16091,2023-04-07,Dhaka,Dhanmondi
700 sft Ready Flat for sale at #Mohammadpur,4600000.0,"• 3rd Floor, 700 Sq Ft
• 2 Bedrooms
• 1 Baranda
• 2 Toilets
• Kitchen
• Drawing+Daining
• Gas+Water+Electricity
• No lift

Registration completed
M...",2023-03-27 00:00:00,Sale,http://dhakaflats.com/details.php?id=380&search_id=16091,2023-04-07,Dhaka,Mohammadpur
Apartment Rent for Office in Uttara,55000.0,"Developer: ABC Real Estates Ltd. Building Name: ABC Northridge Location: Plot # 51, Road # 15, Sector # 3, Uttara, Dhaka. Flat Size: 1520 sft. Flat...",2023-03-27 00:00:00,Rent,http://dhakaflats.com/details.php?id=145&search_id=16091,2023-04-07,Dhaka,Uttara
"Two 1250 sqft, 3 Bed Apartments for Sale at Aftab Nagar",7500000.0,Everyone wants a dream home. Take a look at this nearly finished apartment and we promise you will be satisfied with your new home. This apartment ...,2023-03-21 00:00:00,Sale,http://dhakaflats.com/details.php?id=378&search_id=16091,2023-04-07,Dhaka,Rampura
33 Katha Residential Plot for Sale @ Boro Maghbazar,495000000.0,"Exclusive 33 Kathas Plot at Boro Maghbazar near Red Cresent Head Office is available for Sale.

UNDISPUTED land. ONE owner. 

Per Katha price =...",2023-03-21 00:00:00,Sale,http://dhakaflats.com/details.php?id=143&search_id=16091,2023-04-07,Dhaka,Maghbazar
"NEW 3000 Sqft. 4 Bedroom, 5 Bathroom Luxurious Apartment by Navana for Sale - Sobanbhag, Dhanmondi",13000.0,"NEWLY handed over by Navana Real Estate, Luxury 3000sqft flat with open partial rooftop for Sale. Plenty of Light and Air.

Address: Navana Newbu...",2023-03-21 00:00:00,Sale,http://dhakaflats.com/details.php?id=142&search_id=16091,2023-04-07,Dhaka,Dhanmondi
New Flat Sale @ West Dhanmondi,6500.0,"New Flat sale @ West Dhanmondi, 1226 sft. 3 bed, 2 attached bath, 1 guest bath, separate leaving room, 2 varanda and 1 garage. Full time guards, li...",2023-03-18 00:00:00,Sale,http://dhakaflats.com/details.php?id=285&search_id=16091,2023-04-07,Dhaka,
None,3600000.0,"Handover june, 2020
9 Storied building
7th floor
Flat area 990 sft
2 Bed, 2 Bath,2Veranda
Kitchen, Drawing, Dinning
Address-House-18, Road-4,...",2023-03-18 00:00:00,Sale,http://dhakaflats.com/details.php?id=274&search_id=16091,2023-04-07,Dhaka,Mohammadpur
Flat rent at Khilgao,14000.0,"To-Let:

Address: J.K. Lodge, 4th Floor, 72/1, South Khilgaon, Dhaka. 
Details: 3 rooms + 1 varanda + Dining + Kitchen + 2 bathrooms
Rent=Tk.14000 ...",2023-03-13 00:00:00,Rent,http://dhakaflats.com/details.php?id=376&search_id=16091,2023-04-07,Dhaka,Khilgaon
"URGENT FLAT SELL (PERSONALLY) AT ARAMBAG , MIRPUR , DHAKA.",3900000.0,"710 'SFT apartment (flat) sell at Arambag Commercial area (Prime Location) Mirpur , Dhaka.
2nd Floor of 9 stored building. 80 feet road at the fron...",2023-03-12 00:00:00,Sale,http://dhakaflats.com/details.php?id=141&search_id=16091,2023-04-07,Dhaka,Mirpur
1100sqft flat near Prime minister's office,4000000.0,"30 years 4 storied old house. 4th floor west side facing south side open. 2 master beds, 1 guest room, drawing cum dining space, tiles kitchen and ...",2023-03-07 00:00:00,Sale,http://dhakaflats.com/details.php?id=375&search_id=16091,2023-04-07,Dhaka,Tejgaon
Flat,5500000.0,"জরুরী ভিত্তিতে ঢাকার উত্তরখান মোল্লাবাড়ি পানির পাম্প এলাকায় ৬ তলা ভবন এর ৪র্থ তলা বিক্রি করা হবে। ২৪ ঘণ্টা বিদ্যুৎ, পানি ও লাইনের গ্যাসের সু- ব্যবস...",2023-03-07 00:00:00,Sale,http://dhakaflats.com/details.php?id=284&search_id=16091,2023-04-07,Dhaka,UttarKhan
1070 sft এর রেডি ফ্ল্যাট বিক্রি হবে।,3500000.0,"উত্তরা 10 নম্বর সেক্টর ও ঢাকা-টাঙ্গাইল মহাসড়কের  সন্নিকটে সরাসরি জমি মালিক এর কাছ থেকে রেডি ফ্ল্যাট বিক্রয় হবে।
ফ্ল্যাটের আয়তনঃ 1070 sft ( কমন স্পে...",2023-03-06 00:00:00,Sale,http://dhakaflats.com/details.php?id=374&search_id=16091,2023-04-07,Dhaka,Uttara
"8600 sft commercial space at WESTERN PANTHANIBASH, panthapath",11700.0,"WESTERN PANTHANIBASH
69/O,Bir Uttam Kazi Nuruzzaman Sarak, Panthapath,Kalabagan,Dhaka-1205

2nd floor building covering 8,600 sft, with six car par...",2023-03-02 00:00:00,Sale,http://dhakaflats.com/details.php?id=373&search_id=16091,2023-04-07,Dhaka,Panthapath
Modern Flat in Scenic Mirpur DOHS,8600.0,"Three Bed 2150 sq feet modern apartment in scenic and secured Mirpur DOHS with three balconies. Has Servant Living, extra servant bath. RFID Contro...",2023-02-26 00:00:00,Sale,http://dhakaflats.com/details.php?id=372&search_id=16091,2023-04-07,Dhaka,MirpurDOHS
Flat  for sale near Hatirjheel,4700000.0,"Apartment for sale 875 sqft at Dilu Road, New Eskaton, Dhaka-1000
The apartment is 4 years old.
Flat is located at 7th stories of the 7-storied bui...",2023-02-24 00:00:00,Sale,http://dhakaflats.com/details.php?id=279&search_id=16091,2023-04-07,Dhaka,Maghbazar
"Flat Rent for Family from April, 2020",20000.0,"950 sft flat with 2 bed, 2 bath, 2 varanda, separate drawing-dining @ Monipuripara 6 No. gate (Near Farmgate and opposite to Tejgaon Thana). Job ho...",2023-02-16 00:00:00,Rent,http://dhakaflats.com/details.php?id=277&search_id=16091,2023-04-07,Dhaka,Farmgate
Investor urgently looking for positive investment opportunituy,150.0,"Hello,
I am a valuable Individual who is willingly  and looking to invest  in a lucrative business New or Running Business in cambodia , tanzania ...",2023-02-16 00:00:00,Agents & Services,http://dhakaflats.com/details.php?id=370&search_id=16091,2023-04-07,Dhaka,Choukbazar
Investor urgently looking for positive investment opportunity,3000.0,I am an investor urgently looking for positive investment opportunities and business investments and partnerships with positive profit margin in ne...,2023-02-16 00:00:00,Sale,http://dhakaflats.com/details.php?id=371&search_id=16091,2023-04-07,Outside Dhaka,Chittagong
New Flat Sale @West Dhanmondi,7000.0,"New Flat sale @ West Dhanmondi, 1226 sft. 3 bed, 2 attached bath, 1 guest bath, separate leaving room, 2 varanda and 1 garage. Full time guards, li...",2023-02-16 00:00:00,Sale,http://dhakaflats.com/details.php?id=275&search_id=16091,2023-04-07,Dhaka,Zigatola
"1200 Sft. Flat Rent, Matuail",15000.0,"3 Bed, 2 Toilet, 1 Veranda, Drawing, Dinning, Kitchen, Electricity (Sub Station) Gas, Water, Lift, Security, Parking",2023-02-08 00:00:00,Rent,http://dhakaflats.com/details.php?id=273&search_id=16091,2023-04-07,Dhaka,Jatrabari
Room or Seat rent for female in Uttara,4000.0,রুম সাবলেট (শুধুমাত্র মেয়ে বা মহিলা),2023-02-06 00:00:00,Sublets,http://dhakaflats.com/details.php?id=136&search_id=16091,2023-04-07,Dhaka,Uttara
Exclusive Apartment For Rent Banani,50000.0,"Apartment : 1800sft Beautiful Apartment For Rent Banani
3 Bedroom,   4 Bathroom  , Drawing  &  Dining,  Ikitchen   Cabinet,  Servant Bed & Bath,  3...",2023-02-01 00:00:00,Rent,http://dhakaflats.com/details.php?id=272&search_id=16091,2023-04-07,Dhaka,Banani
Beautiful Open Office Space For Rent Banani,120000.0,"Apartment : 2200sft Beautiful Full Open Office Space For Rent Banani
3 Bathroom    Ikitchen   Cabinet,   3 Balcony,  1 Car parking,   Premium Lift,...",2023-02-01 00:00:00,Rent,http://dhakaflats.com/details.php?id=271&search_id=16091,2023-04-07,Dhaka,Banani
1850 sqft Ready flats in Bashundhara for sale ASAP. Price is Negotiable,13000000.0,"Hi there,


I have four flats in one building that I am looking to sell.


Each flat has:


    4 bedrooms
    3 bathrooms + 1 bathroom s...",2023-01-26 00:00:00,Sale,http://dhakaflats.com/details.php?id=134&search_id=16091,2023-04-07,Dhaka,Basundhara
100% FAST SSD Chemicals Solution And Activcation Powder  To Cean All Notes WHATSSAP….+35796329543,2000.0,"100% FAST SSD Chemicals Solution And Activation Powder  To Cean All Notes WHATSSAP….+35796329543 
ORIGINAL SSD automatic chemical solution for cle...",2023-01-26 00:00:00,Sale,http://dhakaflats.com/details.php?id=408&search_id=16091,2023-04-07,Dhaka,Baridhara
Uttara Sector 4 - 1580 ft Corner Apt. For rent,36000.0,"Rangs Naharz
Luxurious New Apartment of 1580sq ft
Corner plot with 100 ft road (Shahjalal Avenue) in front and 40 ft on other side
2 lifts + genera...",2023-01-24 00:00:00,Rent,http://dhakaflats.com/details.php?id=268&search_id=16091,2023-04-07,Dhaka,Uttara
"Beautiful, bright flat for rent in Gulshan-1",55000.0,"ঢাকার অভিজাত এলাকা গুলশান-১এর পরিচ্ছন্ন ও নিরিবিলি অংশে অবস্থিত আধুনিক, প্রায় নতুন এপার্টমেন্ট কমপ্লেক্স-এর অন্তর্গত এই ফ্ল্যাটটি সাশ্রয়ী মূল্যে ভা...",2023-01-24 00:00:00,Rent,http://dhakaflats.com/details.php?id=269&search_id=16091,2023-04-07,Dhaka,Gulshan
মধ্যবাড্ডা প্রগতি সরণি মেইন রোডে অত্যাধুনিক ফ্যামিলি ফ্ল্যাট ভাড়া হবে,27000.0,ঢাকা উত্তর সিটি কর্পোরেশনের প্রাণকেন্দ্র গুলশান বারিধারা নতুন বাজার ডিপলোমেটিক এলাকা থেকে অদূরবর্তী প্রাইম লোকেশন মধ্যবাড্ডায় প্রগতি সরণি মেইন রোডে...,2023-01-22 00:00:00,Rent,http://dhakaflats.com/details.php?id=133&search_id=16091,2023-04-07,Dhaka,Badda
4th floor,20000.0,"750 sq.ft.
2 bed rooms, 2 toilets, 2 varendas, drawing and dinning space.",2023-01-21 00:00:00,Rent,http://dhakaflats.com/details.php?id=132&search_id=16091,2023-04-07,Dhaka,Mohammadpur
"947 sft Flat at 14 Chamelibagh, Shantinagar.",6250000.0,"Flat Developer Name: Paradise Development & Constructions Ltd.
House Name: Latif Paradise
Location: 14 Chamelibagh, Shantinagar 
3 Years USED Fl...",2023-01-21 00:00:00,Sale,http://dhakaflats.com/details.php?id=131&search_id=16091,2023-04-07,Dhaka,Shantinagar
"Buy Romanian passport ,Driver License And id cards Online EMAIL US AT : robej134@gmail.com",,"We produce real USA, UK, Germany, Australian, EU documents, data-base registered novelty passports, Driver’s License, ID Cards, IELTS/TOEFL Certifi...",2023-01-20 00:00:00,Agents & Services,http://dhakaflats.com/details.php?id=367&search_id=16091,2023-04-07,Dhaka,MohakhaliDOHS
Buy Driver's License And Passport Online EMAIL US AT : robej134@gmail.com,,"We produce real USA, UK, Germany, Australian, EU documents, data-base registered novelty passports, Driver’s License, ID Cards, IELTS/TOEFL Certifi...",2023-01-20 00:00:00,Sale,http://dhakaflats.com/details.php?id=364&search_id=16091,2023-04-07,Dhaka,Basundhara
"Buy Romanian passport ,Driver License And id cards Online EMAIL US AT : robej134@gmail.com",,"We produce real USA, UK, Germany, Australian, EU documents, data-base registered novelty passports, Driver’s License, ID Cards, IELTS/TOEFL Certifi...",2023-01-20 00:00:00,Sublets,http://dhakaflats.com/details.php?id=365&search_id=16091,2023-04-07,Outside Dhaka,Chapainawabganj
Used flat for sale,5800000.0,"1275 sqft 3 bed, bath,drawing dinning,2 balcony south facing flat.price negotiable and call 01994585481 number.name alam",2023-01-18 00:00:00,Sale,http://dhakaflats.com/details.php?id=129&search_id=16091,2023-04-07,Dhaka,Uttara
Used flat for sale,5800000.0,"1275 sqft 3 bed, bath,drawing dinning,2 balcony south facing flat.price negotiable and call this 01994585481 this number.name alam",2023-01-18 00:00:00,Sale,http://dhakaflats.com/details.php?id=130&search_id=16091,2023-04-07,Dhaka,Uttara
Only for family,35000.0,"TO-LET
ONLY FOR FAMILY
1700 SFT(4 BED ROOM,4 TOILET,EXTRA LARGE VARANDA,INTERIOR DESIGN)
CONTACT- 01711928022
PLOT-24,ROAD-04,SECTOR-09,UTTARA ...",2023-01-17 00:00:00,Rent,http://dhakaflats.com/details.php?id=128&search_id=16091,2023-04-07,Dhaka,Uttara
"Tolet Uttara Sector10 (Kamarpara , Ranavola Road) 3 Bed ,3 Balcony 3 Toilet ( watch video in bell...",19000.0,"2 Bed + 1 Guest Room (attached balcony each room)
1 drawing & 1dining space
3 Toilet
1 Large Kitchen
3 balcony
Electricity
Water
Contact 0181915900...",2023-01-15 00:00:00,Rent,http://dhakaflats.com/details.php?id=362&search_id=16091,2023-04-07,,
Newly Build Sale A FLAT HOUSE,7800000.0,"Beautiful Location and Newly Build Sale A FLAT HOUSE - At Merul badda Hatir Jheel near Brac University
Including every Facility
Description
(3 bed,...",2023-01-12 00:00:00,Sale,http://dhakaflats.com/details.php?id=265&search_id=16091,2023-04-07,Dhaka,Badda
Small Family House,13000.0,"Ground Floor(South-West Side)
2 Bed
1 Bathroom
1 Kitchen
1 Balcony with one master bed
Drawing room with Dining space
House Rent: 11,000/-
Service ...",2023-01-09 00:00:00,Rent,http://dhakaflats.com/details.php?id=359&search_id=16091,2023-04-07,Dhaka,Uttara
Flat for Rent at Prime Location,50000.0,Flat for Rent at Prime Location in Banani right next to Kemal Ataturk Avenue. It's a 1650 sqft spacious East facing apartment with ample room for l...,2023-01-08 00:00:00,Rent,http://dhakaflats.com/details.php?id=264&search_id=16091,2023-04-07,Dhaka,Banani
Exclusive 3 Bed semi furnished apartment,22000.0,"Exclusive 3 Bed semi furnished apartment
3 Bed, 2 bath, 2 Veranda, 1 Car Parking, Gas, electricity, water (24 hour) Lift, Available from 01-01-2019...",2023-01-03 00:00:00,Rent,http://dhakaflats.com/details.php?id=127&search_id=16091,2023-04-07,Dhaka,Mohammadpur
"2100sft 4Bed GYM, Swimmingpul,Community Hall,Roof Top garden Bashundhara",8500.0,"Bashundhara
2100sft 4Bed GYM, Swimmingpul,Community Hall,Roof Top garden Bashundhara
4Bed,4Bath,S.Bed, Sbath, Living, Dining, Kitchen, Veranda, C...",2022-12-31 00:00:00,Sale,http://dhakaflats.com/details.php?id=356&search_id=16091,2023-04-07,Dhaka,Basundhara
Flat share selll,2250000.0,"I sell a flat share in Kazipara, Mirpur on going project. 1150 sq. Ft.",2022-12-22 00:00:00,Sale,http://dhakaflats.com/details.php?id=258&search_id=16091,2023-04-07,Dhaka,Kazipara
1400+ Sqft Flat for Rent (Near Farmgate),28000.0,"New construction Building, Car parking and Lift Facilities.

Address: 195/7, Tejkunipara, Tejgaon, Dhaka.",2022-12-20 00:00:00,Rent,http://dhakaflats.com/details.php?id=126&search_id=16091,2023-04-07,Dhaka,Tejgaon
সুলভ মূল্যে ১১০০ স্কোয়ার ফিট ফ্লাট বিক্রয়,5500000.0,"মিরপুর ১ এ মেইন  রোড সংলগ্ন একটা রেডি ফ্লাট বিক্রয় করা হবে। ৮ম তালা ১১০০ স্কোয়ারফিট এর এই ফ্লাট এ যা যা থাকছে :

১.৩টি বড় বেড রুম 
২. ২ টি বাথরুম 
...",2022-12-18 00:00:00,Sale,http://dhakaflats.com/details.php?id=123&search_id=16091,2023-04-07,Dhaka,Mirpur
জব হোল্ডার ফ্ল্যাট ১ জানুয়ারি,7000.0,"¥¥¥ একজন স্মার্ট চাকুরীজীবি যিনি নিরিবিলি থাকতে পছন্দ করেন তাদের জন্য সুন্দর একটি ফ্ল্যাট।

( সরকারি চাকুরী করেন যে কোনো পদে তাদের প্রাধান্য বেশী...",2022-12-15 00:00:00,Rent,http://dhakaflats.com/details.php?id=121&search_id=16091,2023-04-07,Dhaka,Mirpur
Ready flat uttara,7500000.0,"Totally ready flat along with garage,gass,water,electricity and security service.The flat has designed personally with qualityful products.",2022-12-14 00:00:00,Sale,http://dhakaflats.com/details.php?id=354&search_id=16091,2023-04-07,Dhaka,
Astha Female Hostel,3000.0,"আস্থা ফিমেল হোস্টেল
রুম/সিট ভাড়া
ছাত্রী/কর্মজীবি মহিলা

পার সিট ৩,০০০/৩,৫০০৳
রুম পার মান্থ ৬,০০০/১০,০০০ ৳
এক/দুই মাসের ভাড়া সিকিউরিটি এবং রেজিস্ট্র...",2022-12-13 00:00:00,Rent,http://dhakaflats.com/details.php?id=257&search_id=16091,2023-04-07,Dhaka,Uttara
Furnished Flat For Rent,0.5,Rent Negotiable,2022-12-12 00:00:00,Rent,http://dhakaflats.com/details.php?id=256&search_id=16091,2023-04-07,Dhaka,MirpurDOHS
1000sft Ready Flat at Mohammadpur,3800.0,"8 Storied Building (G+7)
South Facing
2 Unit Each Floor
Flat Size: 1000 sft Each
Type:A & B
3 Bed, 2 Bath, 2 Veranda, Drawing, Dining & Kitchen

Fa...",2022-12-05 00:00:00,Sale,http://dhakaflats.com/details.php?id=250&search_id=16091,2023-04-07,Dhaka,Mohammadpur
1600 sft used flat at Uttar Badda,5000.0,"1600 sft
3 Bed, 4 Bath, family living, dining & drawing.
8 storied builindg. total 14 no of flat. 
Flat in 7th floor
South facing
30"" feet road 
4 ...",2022-12-05 00:00:00,Sale,http://dhakaflats.com/details.php?id=120&search_id=16091,2023-04-07,Dhaka,Badda
Ruposhi Garden Flats,2200000.0,First you have to pay 7lakhs to become the owner of the land then you have to pay the remaining amount in kisti by monthly or yearly please contact...,2022-12-04 00:00:00,Sale,http://dhakaflats.com/details.php?id=119&search_id=16091,2023-04-07,Dhaka,Other Locations
"Flat rent at Prominent Housing, Shekertak Rd 3, Adabor (service charge+gas included in house rent)",15000.0,"• 5/10 Prominent House Ltd. 3 PC culture road, shakertek, Mohammadpur. 2 bedrooms, 2 attached toilets. Drawing/dinning. Kitchen, Balcony, Daytime h...",2022-12-03 00:00:00,Rent,http://dhakaflats.com/details.php?id=249&search_id=16091,2023-04-07,Dhaka,Mohammadpur
Sublet For Female in Uttara,4000.0,"রুম ভাড়া
ছাত্রী/কর্মজীবি মহিলা

পার ডে ৫০০/-৳
পার সিট ৪,০০০/-৳
রুম পার মান্থ ৮,০০০/- ৳
এক মাসের ভাড়া সিকিউরিটি এবং রেজিস্ট্রেশন ফি ১০০০/-
পাঁচ তালা...",2022-11-26 00:00:00,Sublets,http://dhakaflats.com/details.php?id=248&search_id=16091,2023-04-07,Dhaka,Uttara
"Ready Flat Sale, Mirpur-10",5500.0,"মিরপুর-১০ এ ফ্ল্যাট বিক্রয়
১১৫০ স্কয়ারফিট এবং ৯৩০ স্কয়ারফিটের বিক্রয়ের জন্য আমাদের দুটি নতুন ফ্ল্যাট রয়েছে। কেউ চাইলে দুটি ফ্ল্যাট একত্রে বড় করেও ক...",2022-11-25 00:00:00,Sale,http://dhakaflats.com/details.php?id=353&search_id=16091,2023-04-07,Dhaka,Mirpur
"মালিকানা ফ্ল্যাট মিরপুর-১৩,ঢাকা–১২১৬",2600000.0,মালিকানা ফ্ল্যাট বিক্রি হবে। ২০২০ সালের ফেব্রুয়ারি থেকে কাজ শুরু হবে। ৬৫০sqft (৫ম তলা) পিছনের দিকে।,2022-11-23 00:00:00,Sale,http://dhakaflats.com/details.php?id=247&search_id=16091,2023-04-07,Dhaka,Mirpur
URGENT Flat for SALE,3300.0,There are 2 Flats(1150 & 1100 Sqft ) for SALE.Both the flats are located in the 1st Floor of a 9 storied building and currently are under construct...,2022-11-17 00:00:00,Sale,http://dhakaflats.com/details.php?id=241&search_id=16091,2023-04-07,Dhaka,DakhinKhan
ব্যবহ্নত ডেকেরেটেড ফ্লাট বিক্রয়,6000000.0,"3/3/11-chad housing bashbari mohammadpur dhaka --
3bed seperate drawing & Dining 2 varanda 2 bath room",2022-11-17 00:00:00,Sale,http://dhakaflats.com/details.php?id=240&search_id=16091,2023-04-07,Dhaka,Mohammadpur
"স্বল্প মুল্যে ছোট ফ্ল্যাট বিক্রয় (গণকটুলি লেন, আজিমপুর, ঢাকা )",1800000.0,"আজিমপুরস্থ, গণকটুলি লেনে অবস্থিত ৬৬৫ স্কয়ার ফিটের একটি ছোট ফ্ল্যাট স্বল্প মূল্যে বিক্রি হবে। ফ্ল্যাটটির ফ্লোর এবং বাথরুম টাইলস করা। একটি বড় রুম ও আ...",2022-11-17 00:00:00,Sale,http://dhakaflats.com/details.php?id=233&search_id=16091,2023-04-07,Dhaka,Azimpur
Office / Flat for rent at Mirpur DOHS main road,37000.0,"A newly constructed with quality foreign and luxurious materials, bright single unit, south facing 2200 Sqft, 6th floor apartment at Mirpur DOHS ma...",2022-11-11 00:00:00,Rent,http://dhakaflats.com/details.php?id=349&search_id=16091,2023-04-07,Dhaka,MirpurDOHS
Rupayan Lake Castle.,11800.0,"At Bashundhara, Rupayan Lake Castle is almost ready to move property 
where you just come with your backpack and start living a premium lifestyle ...",2022-11-08 00:00:00,Sale,http://dhakaflats.com/details.php?id=406&search_id=16091,2023-04-07,Dhaka,Basundhara
1585 SqFt Flat Rent in Uttara Sector 6 near House building bus stop,28000.0,"4th Floor in a Six stored building. Apartment size is 1585 Sqft, 3 Bedroom, 2 balcony, 4 Toilets including a Servant toilet, Drawing cum Dinning ro...",2022-11-06 00:00:00,Rent,http://dhakaflats.com/details.php?id=404&search_id=16091,2023-04-07,Dhaka,Uttara
"Flat tolet in Niketan, Gulshan",35000.0,"A well-structured & spacious flat is for rent in Niketan, Gulshan. This 4th floor 1520 sft flat has all modern amenities. It has 3 bed, 4 bath, 3 V...",2022-11-02 00:00:00,Rent,http://dhakaflats.com/details.php?id=347&search_id=16091,2023-04-07,Dhaka,Gulistan
"Buy High quality Real Registered Passports, drivers licenses, ID cards, IELTS, birth certificates...",1000.0,"Buy High quality Real Registered Passports, drivers licenses, ID cards, IELTS, birth certificates, school diplomas, Visas, Social security card, SS...",2022-10-25 00:00:00,Sale,http://dhakaflats.com/details.php?id=403&search_id=16091,2023-04-07,Dhaka,Choukbazar
Flat For Sell at Shantinagar Dhaka,8500.0,Luxurious flat for sell at Shantinagar. Prime located heart of the city beside Eastern Plus Market. Very spacious apartment constructed by Sky View...,2022-10-25 00:00:00,Sale,http://dhakaflats.com/details.php?id=235&search_id=16091,2023-04-07,Dhaka,Shantinagar
FLAT TO LET,12000.0,"2 bed, 2 bath drawing-dinning, kitchen & balcony (Family living-job holder only)

Fully tiles firings and a sooth corner at 4th floor of 6 storie...",2022-10-24 00:00:00,Rent,http://dhakaflats.com/details.php?id=346&search_id=16091,2023-04-07,Dhaka,Mirpur
Large four bedroom flat to let in DOHS Banani,110000.0,"A 3500 sq ft flat will be let on the ground floor in the highly sought after location in Banani (Old ) DOHS. 

Only total 6 flats in the building...",2022-10-20 00:00:00,Rent,http://dhakaflats.com/details.php?id=340&search_id=16091,2023-04-07,Dhaka,BananiDOHS
Family basai Sublet vara dia hobe,6000.0,Attached bathroom balcony,2022-10-20 00:00:00,Sublets,http://dhakaflats.com/details.php?id=234&search_id=16091,2023-04-07,Dhaka,Badda
"Buy Passport , Driver’s License,ID Cards ,Visas , USA Green Card , Fake Money , Banks notes , SSN...",,"Buy Passport , Driver’s License,ID Cards ,Visas , USA Green Card , Fake Money , Banks notes , SSN and many more..

BUY 100% QUALITY COUNTERFEIT M...",2022-10-06 00:00:00,Agents & Services,http://dhakaflats.com/details.php?id=228&search_id=16091,2023-04-07,,
Flat for rent in Bashundhara B- Block,30000.0,"Size: 1450 sqft

-1st Floor

-3bed,3 Bath,3 Balcony, Drawing, Dining, Kitchen and 1 servant bath 

-24/7 lift and generator

-Uninterrupted gas and...",2022-10-03 00:00:00,Rent,http://dhakaflats.com/details.php?id=339&search_id=16091,2023-04-07,Dhaka,
"1585 sqft Apartment in Pallabi, Urgent sale",8250000.0,"1585 sqft used flat in attractive location near Apple Tree International School will be sold in reasonable price urgently . 
A good amount of Schoo...",2022-09-27 00:00:00,Sale,http://dhakaflats.com/details.php?id=220&search_id=16091,2023-04-07,Dhaka,Pallabi
FEMALE SUBLATE,6000.0,we want a female room mate,2022-09-26 00:00:00,Rent,http://dhakaflats.com/details.php?id=219&search_id=16091,2023-04-07,Dhaka,Maghbazar
Rent Flat Shewrapara,16500.0,"Shewrapara (near Metro Rail Station / Rokeya Shoroni walking 5 minute)

other near 60 feet/Paka mosque to walking 2 minute

* 3-bed, 3-bath, 3 ...",2022-09-26 00:00:00,Rent,http://dhakaflats.com/details.php?id=218&search_id=16091,2023-04-07,Dhaka,Mirpur
Small (950 Sft) flat with parking facilities in prime location,7600000.0,"Location: Central Road, Dhanmondi, Dhaka (near hatirpool)
Size: 950 Sft Flat, 120 Sft Garage 
7,600/- per squre feet,  Total Price = 7600000/-( Fla...",2022-09-20 00:00:00,Sale,http://dhakaflats.com/details.php?id=336&search_id=16091,2023-04-07,Dhaka,Dhanmondi
Nice Flat For Rent In Shyamoli,14500.0,"If you are looking for a good flat for rent in Shamoli, this will be a nice and affordable bed home located in Mohonpur, Shamoli. The home which ha...",2022-09-15 00:00:00,Rent,http://dhakaflats.com/details.php?id=209&search_id=16091,2023-04-07,Dhaka,Shyamoli
"Used (7 Years) Flat Sale ‘Prime Rose’, House # 4, Road # 1, Nobodoy R/A, Block#D, Mohammadpur",4500.0,"Used (Only 7 Years) Flat Sale ‘Prime Rose’, House # 4, Road # 1, Nobodoy R/A, Block#D, Mohammadpur

✔ Apt. size 1150 sft. including garage/car pa...",2022-09-13 00:00:00,Sale,http://dhakaflats.com/details.php?id=208&search_id=16091,2023-04-07,Dhaka,Mohammadpur
সুলভে ফ্লাট বিক্রি,50000.0,"নিউ ইস্কাটন দিলু রোড মেইন রাস্তার ওপর ৮৫০ স্কয়ারফিটের (২বেড,২বাথ, ড্রয়িং-ডাইনিং,কিচেন) সম্পূর্ণ নতুন (সমাপ্তপ্রায়) একটি ফ্লাট জরুরী বিক্রি হবে।  সব...",2022-09-10 00:00:00,Sale,http://dhakaflats.com/details.php?id=101&search_id=16091,2023-04-07,Dhaka,Maghbazar
"চন্দ্রিমা মডেল টাউন, মোহাম্মদপুরে ১০০০ স্কয়ার ফিট এর ফ্ল্যাট আর্জেন্ট সেল",3500000.0,"*১০০০ স্কয়ার ফিট। আর্জেন্ট সেল প্রয়োজন 
*লোকেশনঃ চন্দ্রিমা মডেল টাউন, মোহাম্মদপুর 
*উত্তর মুখি। বিল্ডিং ৭ তলা, ফ্লাটের অবস্থানও ৭ তলায়
*২ বেড, ২...",2022-09-10 00:00:00,Sale,http://dhakaflats.com/details.php?id=207&search_id=16091,2023-04-07,Dhaka,Mohammadpur
Duplex Flat,120000.0,"Description
The Duplex Flat is located in the amazing location infront of shopping mall at Mirpur DOHS is a must-see duplex flat for the property ...",2022-09-09 00:00:00,Rent,http://dhakaflats.com/details.php?id=206&search_id=16091,2023-04-07,Dhaka,
5 Storied (whole) building for Rent,600000.0,"A Whole Factory Building will be rented out to Interested parties.

Location: Dhaka Tangail Highway, Chandra Kaliakoir, Gazipur
Floor Space: 5000 s...",2022-09-08 00:00:00,Rent,http://dhakaflats.com/details.php?id=334&search_id=16091,2023-04-07,Outside Dhaka,Gazipur
আধুনিক ফ্ল্যাট/অফিস/মেস ভাড়া দেয়া হবে,8000.0,"Mobile 01913508734

ঢাকা জেলার সাভার উপজেলার হেমায়েতপুরের খুব কাছে বলিয়ারপুরে আকর্ষণীয় ফ্ল্যাট ভাড়া দেয়া হবে। সম্পূর্ণ আধুনিক সুযোগ সুবিধা সহ মনোরম...",2022-09-07 00:00:00,Rent,http://dhakaflats.com/details.php?id=201&search_id=16091,2023-04-07,Dhaka,Savar
2400SFT Lake View Flat for Rent,,We looking for a foreigner tenant for our flat. Our flat is beside lake. From bed room and veranda tenant can enjoy the lake view. This flat includ...,2022-09-07 00:00:00,Rent,http://dhakaflats.com/details.php?id=194&search_id=16091,2023-04-07,Dhaka,Gulshan
Apartment in Gulshan 2 - 3950 Sqft,75000000.0,"A good location near the lake
- 4 Bedrooms
- 4 Bathrooms
- Servant's Bathroom Separate
Call for further information.",2022-09-07 00:00:00,Sale,http://dhakaflats.com/details.php?id=200&search_id=16091,2023-04-07,Dhaka,Gulshan
Urgent Flat Sale. অ্যাপার্টমেন্ট বিক্রয়,6500000.0,"	টাইলস  ফিটিং আমদানিকৃত 
	মোট ১২৩০ বর্গ ফুট 
	অ্যাপার্টমেন্ট নিবন্ধিত 
	মিটার্ড বিদ্যুৎ, গ্যাস এবং পানি
	প্রতিটি রুমে আই. পি. এস সংযুক্ত
...",2022-09-05 00:00:00,Sale,http://dhakaflats.com/details.php?id=100&search_id=16091,2023-04-07,Dhaka,Badda
almost ready flat at 4th flore,5200.0,"full ready apartment sale near pallabi metrorail station, sare egaro bus stop, pallabi model school, apple tree school...
★south and north both sid...",2022-09-04 00:00:00,Sale,http://dhakaflats.com/details.php?id=202&search_id=16091,2023-04-07,Dhaka,Mirpur
বসুন্ধরা ৩০০' রোড পার্ক সংলগ্ন ও সানিডেল স্কুলের কাছে ২২০০বগফুট  ৪ বেড,8000.0,"ঢাকা বসুন্ধরা আবাসিক এলাকায় ৩০০' রোড পার্ক সংলগ্ন ও সানিডেল স্কুলের কাছে
রোড নং :-৫ & ৭ এর মাথায়, বাড়ি নং  : ৪ বি, সি, ডি,  ব্লক- জি,  ২২০০বগফুট  ...",2022-09-01 00:00:00,Sale,http://dhakaflats.com/details.php?id=418&search_id=16091,2023-04-07,Dhaka,Basundhara
1800sft Beautiful Apartment For Rent Banani,35000.0,"Apartment : 1800sft Beautiful Apartment For Rent Banani
3 Bedroom, 3Bathroom , Drawing & Dining, Ikitchen Cabinet, Servant& Bath, 3 Balcony, 1Car p...",2022-08-28 00:00:00,Rent,http://dhakaflats.com/details.php?id=332&search_id=16091,2023-04-07,Dhaka,Banani
1800sft Beautiful Apartment For Rent Banani,35000.0,"Apartment : 1800sft Beautiful Apartment For Rent Banani
3 Bedroom, 3Bathroom , Drawing & Dining, Ikitchen Cabinet, Servant& Bath, 3 Balcony, 1Car p...",2022-08-28 00:00:00,Rent,http://dhakaflats.com/details.php?id=333&search_id=16091,2023-04-07,Dhaka,Banani
Apartment Sale In Hatirpool,12500000.0,"Used flat for sale in Hatirpool. 

It has 3 unit per floor. 

The flat located on the 11th Floor of a 15 storied building. 

South facing master be...",2022-08-24 00:00:00,Sale,http://dhakaflats.com/details.php?id=199&search_id=16091,2023-04-07,Dhaka,ElephantRoad
Flat for rental at Banani,50000.0,"Flat Size:1850 Square feet, 1 master bed with another 2 bedrooms, Drawing and Dining Space, Kitchen, 3 baths, Servant's room with attached Toilet, ...",2022-08-21 00:00:00,Rent,http://dhakaflats.com/details.php?id=329&search_id=16091,2023-04-07,Dhaka,Banani
3300 sq ft Office/House space at Niketon,90000.0,"3300 sq ft Office/Home space for rent at Niketon. With 4 bedrooms, 4 bathrooms, 2 balconies, living and dining room, common room, kitchen, store ro...",2022-08-18 00:00:00,Rent,http://dhakaflats.com/details.php?id=98&search_id=16091,2023-04-07,Dhaka,Gulshan
Shop for Rent,9000.0,100 to 200 sqft shop for rent (can be sold to proper party),2022-08-17 00:00:00,Agents & Services,http://dhakaflats.com/details.php?id=328&search_id=16091,2023-04-07,Dhaka,Keraniganj
SEL NOOR-E-CASTLE (TO-LET),18000.0,"TO-LET
SEL NOOR-E-CASTLE
JONAKI ROAD, AHMED NOGAR, MIRPUR-1
75/A/1, 75/A/5, 75/2

D - ৪র্থ, ৫ম (তালা)
    ৩টা বেডরুম, ৩টা বাথরুম, ২ টা বারান্...",2022-08-17 00:00:00,Rent,http://dhakaflats.com/details.php?id=197&search_id=16091,2023-04-07,Dhaka,Mirpur
SEL NOOR-E-CASTLE,5400.0,"SEL NOOR-E-CASTLE
JONAKI ROAD, AHMED NOGAR, MIRPUR-1
75/A/1, 75/A/5, 75/2
D - নবম তলা
    ৩টা বেডরুম, ৩টা বাথরুম, ২ টা বারান্দা, ড্রয়িং, ডাইনিং...",2022-08-17 00:00:00,Sale,http://dhakaflats.com/details.php?id=196&search_id=16091,2023-04-07,Dhaka,Mirpur
1st Floor For Showroom,18000.0,"আর.কে রোড সংলগ্ন আকর্ষণীয় লোকেশনে বাণিজ্যিক স্পেস বিক্রয় হবে।
প্রকৃত ক্রেতারা অতিসত্বর যোগাযোগ করুন।
লোকেশনঃ ৫০/২, আইডিয়াল মোড়, আর.কে রোড, রংপুর
...",2022-08-13 00:00:00,Sale,http://dhakaflats.com/details.php?id=95&search_id=16091,2023-04-07,Outside Dhaka,Rangpur
2nd Floor Sell For Restaurant,16000.0,"আর.কে রোড সংলগ্ন আকর্ষণীয় লোকেশনে বাণিজ্যিক স্পেস বিক্রয় হবে।
প্রকৃত ক্রেতারা অতিসত্বর যোগাযোগ করুন।
লোকেশনঃ ৫০/২, আইডিয়াল মোড়, আর.কে রোড, রংপুর
...",2022-08-13 00:00:00,Sale,http://dhakaflats.com/details.php?id=96&search_id=16091,2023-04-07,Outside Dhaka,Rangpur
প্রাইম মেডিকেলের বিপরীতে জমি বিক্রয়,4550000.0,"অবস্থানঃ টার্মিনালে প্রাইম মেডিকেলের কাছেই
১। জমির পরিমান ৭ শতক।
২। নিস্কন্টক ও নির্ভেজাল জমি।
৩। প্রাইম মেডিকেল হতে ১০০ গজ উত্তর দিকে।
৪। বদরগ...",2022-08-13 00:00:00,Sale,http://dhakaflats.com/details.php?id=97&search_id=16091,2023-04-07,Outside Dhaka,Rangpur
Ground Floor Shop Sell,15000.0,"মেডিকেল পূর্বগেট,কমিউনিটি মেডিকেল কলেজ এর সংলগ্ন আকর্ষণীয় লোকেশনে দোকান বিক্রয় হবে।
প্রকৃত ক্রেতারা অতিসত্বর যোগাযোগ করুন।
লোকেশনঃ বুড়িরহাট রোড,ম...",2022-08-13 00:00:00,Sale,http://dhakaflats.com/details.php?id=91&search_id=16091,2023-04-07,Outside Dhaka,Rangpur
1st Floor Shop Sell,14000.0,"মেডিকেল পূর্বগেট,কমিউনিটি মেডিকেল কলেজ এর সংলগ্ন আকর্ষণীয় লোকেশনে দোকান বিক্রয় হবে।
প্রকৃত ক্রেতারা অতিসত্বর যোগাযোগ করুন।
লোকেশনঃ বুড়িরহাট রোড,ম...",2022-08-13 00:00:00,Sale,http://dhakaflats.com/details.php?id=92&search_id=16091,2023-04-07,Outside Dhaka,Rangpur
"Sell 2nd Floor for Suparshop, Bank",13000.0,"মেডিকেল পূর্বগেট,কমিউনিটি মেডিকেল কলেজ এর সংলগ্ন আকর্ষণীয় লোকেশনে বাণিজ্যিক স্পেস বিক্রয় হবে।
প্রকৃত ক্রেতারা অতিসত্বর যোগাযোগ করুন।
লোকেশনঃ বুড়ি...",2022-08-13 00:00:00,Sale,http://dhakaflats.com/details.php?id=93&search_id=16091,2023-04-07,Outside Dhaka,Rangpur
3rd Floor Sell For Restaurant,12000.0,"মেডিকেল পূর্বগেট,কমিউনিটি মেডিকেল কলেজ এর সংলগ্ন আকর্ষণীয় লোকেশনে বাণিজ্যিক স্পেস বিক্রয় হবে।
প্রকৃত ক্রেতারা অতিসত্বর যোগাযোগ করুন।
লোকেশনঃ বুড়ি...",2022-08-13 00:00:00,Sale,http://dhakaflats.com/details.php?id=94&search_id=16091,2023-04-07,Outside Dhaka,Rangpur
Flat sell-Unit B,4500.0,"Project Name: Mohona N.S Tower
Project Address: Burirhat Road,Medical East Gate,Rangpur
Land Area: 12.00 Decimel
Road: 54ft
Story: Basement + G...",2022-08-13 00:00:00,Sale,http://dhakaflats.com/details.php?id=86&search_id=16091,2023-04-07,Outside Dhaka,
Flat sell-Unit C,4500.0,"Project Name: Mohona N.S Tower
Project Address: Burirhat Road,Medical East Gate,Rangpur
Land Area: 12.00 Decimal
Road: 54ft
Story: Basement + G...",2022-08-13 00:00:00,Sale,http://dhakaflats.com/details.php?id=87&search_id=16091,2023-04-07,Outside Dhaka,Rangpur
Flat sell-Unit D,4500.0,"Project Name: Mohona N.S Tower
Project Address: Burirhat Road,Medical East Gate,Rangpur
Land Area: 12.00 Decimel
Road: 54ft
Story: Basement + G...",2022-08-13 00:00:00,Sale,http://dhakaflats.com/details.php?id=88&search_id=16091,2023-04-07,Outside Dhaka,Rangpur
চমৎকার লোকেশনে Flat বিক্রয়,4500.0,"Project Name: Mohona Shapno Nuri
Project Address: 50/2, Ideal Mor, R.K Road, Rangpur
Land Area: 6.32 Decimel
Road: 150 ft
Special Feature: 3 si...",2022-08-13 00:00:00,Sale,http://dhakaflats.com/details.php?id=89&search_id=16091,2023-04-07,Outside Dhaka,Rangpur
চমৎকার লোকেশনে Flat বিক্রয়-unit B,4500.0,"Project Name: Mohona Shapno Nuri
Project Address: 50/2, Ideal Mor, R.K Road, Rangpur
Land Area: 6.32 Decimel
Road: 150 ft
Special Feature: 3 si...",2022-08-13 00:00:00,Sale,http://dhakaflats.com/details.php?id=90&search_id=16091,2023-04-07,Outside Dhaka,Rangpur
flat for sell as commercial/residential,33000000.0,"north facing,on main road,besides lake,mosque.living area 3200 sq.ft.also with 1.702 katha land.one car parking.4 bed with 3 attach bath,5 toilet w...",2022-08-13 00:00:00,Sale,http://dhakaflats.com/details.php?id=85&search_id=16091,2023-04-07,Dhaka,Uttara
Almeer Ahsan Asif,28000.0,"3 bedroom, 1 dining room, 1 drawing room, attached bathroom, well lit, residential home",2022-08-01 00:00:00,Rent,http://dhakaflats.com/details.php?id=83&search_id=16091,2023-04-07,Dhaka,Ramna
ready flat for sell as commercial/residential,36000000.0,"north facing,on main road,besides lake,mosque.living area 3200 sq.ft.also with 1.702 katha land.one car parking.4 bed with 3 attach bath,5 toilet w...",2022-08-01 00:00:00,Sale,http://dhakaflats.com/details.php?id=84&search_id=16091,2023-04-07,Dhaka,Uttara
1100sft 3Bed Kallyan Pur,4000.0,"Kallyan Pur
1100sft 3Bed Kallyan Pur
3Bed,3Bath,Living,Dining,Kitchen,Veranda,Community Hall,Car Parking.
More Detail Please contact
soyeb
018...",2022-07-27 00:00:00,Sale,http://dhakaflats.com/details.php?id=323&search_id=16091,2023-04-07,Dhaka,Kalyanpur
দক্ষিণ খানে (উত্তরা) মনোরম পরিবেশে ১৪৫০ বর্গফুটের ফ্ল্যাট ভাড়া হবে,16000.0,"3 Bedrooms, 3 Bathrooms, 2 Balcony, Drawing room, Dining room, Kitchen, Own water system, Govt.Gas line, Electricity, Lift system, Car parking, Sec...",2022-07-27 00:00:00,Rent,http://dhakaflats.com/details.php?id=319&search_id=16091,2023-04-07,Dhaka,DakhinKhan
Luxurious Used Flat will be sold in Shyamoli with the cheape,7500000.0,"Flat Description & Facilities:
1. Bedroom : 3
2. Bathroom: 3
3. Balcony: 2
4. Drawing + Dining: 1 (Big)
5. Kitchen: 1
6. Car Parking: 1
7. G...",2022-07-27 00:00:00,Sale,http://dhakaflats.com/details.php?id=320&search_id=16091,2023-04-07,Dhaka,
Luxurious Used Flat will be sold in Shyamoli with the cheapest price ever. Flat size 1264 sqft.,7500000.0,"Flat Description & Facilities:
1. Bedroom : 3
2. Bathroom: 3
3. Balcony: 2
4. Drawing + Dining: 1 (Big)
5. Kitchen: 1
6. Car Parking: 1
7. G...",2022-07-27 00:00:00,Sale,http://dhakaflats.com/details.php?id=321&search_id=16091,2023-04-07,Dhaka,Shyamoli
Ready 1300sft 4Bed Khilgaon Block-B,5800.0,"Khilgaon, Block-B
Ready 1300sft 4Bed Khilgaon Block-B
4Bed, 4Bath,Living,Dining,Kitchen,Veranda,Community Hall,Car Parking,Roof Top Garden.
More...",2022-07-27 00:00:00,Sale,http://dhakaflats.com/details.php?id=322&search_id=16091,2023-04-07,Dhaka,Khilgaon
1000sft Ready apartment sell at Mohammadpur,3500.0,"• 3 Bedrooms, 2 Bathrooms, Dining,Drawing, 
• 2 Varanda
•South faces
• Kitchen
• Generator
• 1 Lift
• Parking Facility
• 24 hrs Security.",2022-07-26 00:00:00,Sale,http://dhakaflats.com/details.php?id=82&search_id=16091,2023-04-07,Dhaka,Mohammadpur
"Flat for Sale in the Heart of the City,VIP ROAD,SHANTINAGAR",7000.0,"It is in the heart of the City,VIP ROAD area.Very easily accessible to Motijheel,School,Hospital,Railway Station,Bus Station & other necessary need...",2022-07-26 00:00:00,Sale,http://dhakaflats.com/details.php?id=192&search_id=16091,2023-04-07,Dhaka,NayaPaltan
1000 sft apartment sell at Mohammadpur,3200000.0,"• 3 Bedrooms, 2 Bathrooms, Dining,Drawing, 
• 2 Varanda
•South faces
• Kitchen
• Generator
• 1 Lift
• Parking Facility
• 24 hrs Security.
P...",2022-07-26 00:00:00,Sale,http://dhakaflats.com/details.php?id=81&search_id=16091,2023-04-07,Dhaka,Mohammadpur
Flat,15000.0,"Brand New Flat will be ready within next 6 month, Almost complete, Lake facing, 2350 sft with modern facilities  including swimming pool
Dead end ...",2022-07-22 00:00:00,Sale,http://dhakaflats.com/details.php?id=80&search_id=16091,2023-04-07,Dhaka,
flat to let for commercial,75000.0,"North facing.4 storied building,(2nd floor) will be vacant.4 bed with 3 attach bath,5 toilet with 2 bath tub,vast drawing,dinning,kitchen,seating ,...",2022-07-22 00:00:00,Rent,http://dhakaflats.com/details.php?id=79&search_id=16091,2023-04-07,Dhaka,Uttara
office rent,60000.0,"Newly constructed 14 storied building in 59/C, Asad Avenue in 7 floor with all modern amenities.",2022-07-21 00:00:00,Rent,http://dhakaflats.com/details.php?id=315&search_id=16091,2023-04-07,Dhaka,
office rent,60000.0,"Newly constructed 14 storied building in 59/C, Asad Avenue in 7 floor with all modern amenities.",2022-07-21 00:00:00,Rent,http://dhakaflats.com/details.php?id=317&search_id=16091,2023-04-07,Dhaka,
office rent,60000.0,"Newly constructed 14 storied building in 59/C, Asad Avenue in 7 floor with all modern amenities.",2022-07-21 00:00:00,Rent,http://dhakaflats.com/details.php?id=316&search_id=16091,2023-04-07,Dhaka,
office rent,60000.0,"1550 sq feet flat in 59/C, Asad Avenue, Mohammadpur, Dhaka 1207. The flat is situated in 7th floor, south facing with all modern amenities. It will...",2022-07-16 00:00:00,Rent,http://dhakaflats.com/details.php?id=312&search_id=16091,2023-04-07,Dhaka,Mohammadpur
office rent,60000.0,"1550 sq feet flat in 59/C, Asad Avenue, Mohammadpur, Dhaka 1207. The flat is situated in 7th floor, south facing with all modern amenities. It will...",2022-07-16 00:00:00,Rent,http://dhakaflats.com/details.php?id=313&search_id=16091,2023-04-07,Dhaka,Mohammadpur
Sublet,5000.0,Including all 5500 taka,2022-07-16 00:00:00,Sublets,http://dhakaflats.com/details.php?id=306&search_id=16091,2023-04-07,Dhaka,Mohammadpur
office rent,85000.0,"1550 sq ft flat with open space for office in level 2 of a 14 storied newly constructed building. Lift, generator, solar panel, water motor, securi...",2022-07-16 00:00:00,Rent,http://dhakaflats.com/details.php?id=307&search_id=16091,2023-04-07,Dhaka,Mohammadpur
office rent,60000.0,"1550 sq feet flat in 59/C, Asad Avenue, Mohammadpur, Dhaka 1207. The flat is situated in 7th floor, south facing with all modern amenities. It will...",2022-07-16 00:00:00,Rent,http://dhakaflats.com/details.php?id=311&search_id=16091,2023-04-07,Dhaka,Mohammadpur
An Attractive Apartment For Rent in Uttara,,"An apartment in House Building, sector - 7, Uttara is ready for rent. It is situated on Sonargaon Janapath road just opposite Uttara Adhunik Medica...",2022-07-16 00:00:00,Rent,http://dhakaflats.com/details.php?id=77&search_id=16091,2023-04-07,Dhaka,Uttara
100% রেডি ফ্লাট রংপুর,4500.0,"যারা এখনই ফ্লাটে বসবাস করতে চান তাদের জন্য উপযোগী। ফুল ফার্নিশড, দৃষ্টিনন্দন নির্মানসামগ্রী দিয়ে তৈরী ১৪৫৮ বর্গফুটের একটি সম্পূর্ণ রেডি ফ্লাট। বেডর...",2022-07-16 00:00:00,Sale,http://dhakaflats.com/details.php?id=78&search_id=16091,2023-04-07,Outside Dhaka,Rangpur
Neeharika Dream,5000.0,"Project name : Neeharika Dream
Project Location :340/6, West Dhanmondi (Jafrabad), Shankar,Dhanmondi,Dhaka
Project Status: Ongoing
➡ Apartment Size...",2022-07-15 00:00:00,Sale,http://dhakaflats.com/details.php?id=326&search_id=16091,2023-04-07,Dhaka,Dhanmondi
বনশ্রী  এর এইচ পি পি এল  শেখ সিকদার টাওয়ার আকর্ষণীয় মূল্যে ফ্লাট বিক্রয় ও বুকিং চলছে,4500.0,হাতিরঝিল থেকে মাত্র ১০ মিনিটের দূরত্বে ইস্টান হাউজিং প্রজেক্টর প্রাণকেন্দ্র নিরিবিলি ও মনোরোম পরিবেশে সম্পূর্ণ আবাসিক এলাকায় বনশ্রী  এর এইচ পি পি এ...,2022-07-15 00:00:00,Sale,http://dhakaflats.com/details.php?id=352&search_id=16091,2023-04-07,Dhaka,Banasree
Ongoing residential apartments for sale at Mohammadpur,5500.0,"The Project is under construction. Its 7 storied building . This project located at Monsurabad residential area, Adabor , Mohammadpur, Dhaka. Its f...",2022-07-15 00:00:00,Sale,http://dhakaflats.com/details.php?id=327&search_id=16091,2023-04-07,Dhaka,
Ready 1300sft 4Bed 75 Lac Khilgaon Block-B,7500000.0,"Khilgaon, Block-B
4Bed, 4Bath,Living,Dining,Kitchen,Veranda, Community Hall,Prayer Room, Roof Top Garden, Car Parking
More Detail Please Contact
...",2022-07-15 00:00:00,Sale,http://dhakaflats.com/details.php?id=330&search_id=16091,2023-04-07,Dhaka,Khilgaon
আকর্ষণীয় মূল্যে ফ্ল্যাট বিক্রয় চলছে....,4000.0,"মোহনা স্ম্যাক টাওয়ার
৳ ৪,০০০ প্রতি স্কয়ার ফুট
ঠিকানা: হাজিপাড়া মোড়, আর.কে রোড , সদর , রংপুর ।
রাস্তা : ৭৫ ফিট, চারলেন (প্রস্তাবিত)
তলা : ৯ তলা বিশি...",2022-07-15 00:00:00,Sale,http://dhakaflats.com/details.php?id=381&search_id=16091,2023-04-07,Outside Dhaka,Rangpur
"Flat Rent at B Block, Mirpur-12",20000.0,"Flat is at the 4th Floor, South Side, 3 Bed Rooms, 3 Toilets, Drawing cum Dinning, Kitchen, 1300 sft. Rent: Tk.20,000 (negotiable) per month and Se...",2022-07-15 00:00:00,Rent,http://dhakaflats.com/details.php?id=394&search_id=16091,2023-04-07,Dhaka,
আকর্ষণীয় মূল্যে ফ্ল্যাট বিক্রয় চলছে....,4000.0,"মোহনা ফ্রেন্ডস -২০ টাওয়ার
রংপুর শহরের প্রাণ কেন্দ্রে , মনোরম পরিবেশে ফ্ল্যাট / দোকান, খুঁজছেন !!
ঠিকানা : সেন্ট্রাল বাস টার্মিনাল বদরগঞ্জ রোড, সদর,...",2022-07-15 00:00:00,Sale,http://dhakaflats.com/details.php?id=382&search_id=16091,2023-04-07,Outside Dhaka,Rangpur
আকর্ষণীয় মূল্যে ফ্ল্যাট বিক্রয় চলছে....,4000.0,"মোহনা ফ্রেন্ডস -২০ টাওয়ার
রংপুর শহরের প্রাণ কেন্দ্রে , মনোরম পরিবেশে ফ্ল্যাট / দোকান, খুঁজছেন !!
ঠিকানা : সেন্ট্রাল বাস টার্মিনাল বদরগঞ্জ রোড, সদর,...",2022-07-15 00:00:00,Sale,http://dhakaflats.com/details.php?id=383&search_id=16091,2023-04-07,Outside Dhaka,Rangpur
Flat To Let,,"1400 sqft Flat, 3 Bed, 3 Bath, Dining, Drawing, Lift, Gas, Security, 10th Floor

Address: 10-C, Banglakunjo, Johurabad 1st Colony, Tolarbag Residen...",2022-07-15 00:00:00,Rent,http://dhakaflats.com/details.php?id=398&search_id=16091,2023-04-07,Dhaka,Mirpur
Flat To Let,,"1500 sqft Flat, 4 bed, 4 bath, dining, drawing, Lift, Gas, Parking, 9th floor

Available from September'2021

Address: 9-B, Dakhinachal, Holding No...",2022-07-15 00:00:00,Rent,http://dhakaflats.com/details.php?id=399&search_id=16091,2023-04-07,Dhaka,Mirpur
Flat for Rent,15000.0,"3 Bed Room, 2 Bath, Dining, Kitchen.",2022-07-15 00:00:00,Rent,http://dhakaflats.com/details.php?id=396&search_id=16091,2023-04-07,Dhaka,Jatrabari
Service Apartment Furnished,75000.0,"3 bed room,4bat, leaving area,servant room, full wifi,tv cable, washing machine, full kitchen items,3rd floor, power backup, 24 hours security guar...",2022-07-14 00:00:00,Rent,http://dhakaflats.com/details.php?id=75&search_id=16091,2023-04-07,Dhaka,Gulshan
flat to let for commercial,85000.0,"4 beds with 3 attach bath,5 toilets, vast drawing,dinning, kitchen,3 varanda,seating room,servant room.3500 sq.ft.north facing,it will be available...",2022-07-14 00:00:00,Rent,http://dhakaflats.com/details.php?id=76&search_id=16091,2023-04-07,Dhaka,Uttara
"3 bed, 3 Bath, Bachelor/ Family",25000.0,"3 Bed, 3 Bath, 2 Varanda, Dinning Space,1 kitchen, 1 Store room and 1 pentry room. Family or Bachelor preferable. Full mozaic. uninterrupted gas an...",2022-07-12 00:00:00,Rent,http://dhakaflats.com/details.php?id=308&search_id=16091,2023-04-07,Dhaka,Rajabazar
1300 sqft for rent at reasonable price!,19000.0,"All included except Electricity and gas bill.
The apartment has huge windows that provides a lot of light. Its on the top floor and front side of t...",2022-07-12 00:00:00,Rent,http://dhakaflats.com/details.php?id=309&search_id=16091,2023-04-07,Dhaka,Mirpur
"House Rent from 1 September, 2020",24000.0,"House Name: Pantha Nibash
Address: 158/1, Crescent Road, Green Road, Dhaka-1205 (Behind Green Life Hospital)
Floor: 4th floor
Available from: 1 Sep...",2022-07-10 00:00:00,Rent,http://dhakaflats.com/details.php?id=305&search_id=16091,2023-04-07,Dhaka,Kalabagan
3 bedroom 1500 sqft Apartment for Rent in Uttara(LONG TERM)[FAMILY PREFERRED],35000.0,"Fully furnished apartment for rent for FAMILY PREFERRED.
Location in Uttara Sector 10(Road 12, House 39, 3rd floor). 1500 sq ft. 3 bedrooms, 3 bath...",2022-07-10 00:00:00,Rent,http://dhakaflats.com/details.php?id=301&search_id=16091,2023-04-07,Dhaka,Uttara
Used flat,6200000.0,"Used flat 850sf 2 bedroom . separate  drawing  and   dining .2 washroom. 1 belconi. kitchen 6th floor lift Acha, generator , intercom . Conference ...",2022-07-08 00:00:00,Sale,http://dhakaflats.com/details.php?id=187&search_id=16091,2023-04-07,Dhaka,Kalabagan
Flat for rent in a prime location at Mirpur-6,26500.0,Flat for rent in a prime location at Mirpur-6 from the 1st of July 2020.,2022-07-07 00:00:00,Rent,http://dhakaflats.com/details.php?id=302&search_id=16091,2023-04-07,Dhaka,Mirpur
"To Let Baridhara NatunBazar April,2022",16000.0,"To Let Baridhara NatunBazar April,2022

*Centrally located near the Baridhara, Bashundhara,Gulshan2, Banani, Gulshan1.
*Baridhara NatunBazar, Be...",2022-07-02 00:00:00,Rent,http://dhakaflats.com/details.php?id=186&search_id=16091,2023-04-07,Dhaka,Baridhara
adsadad,1.0,adad,2022-07-01 00:00:00,Agents & Services,http://dhakaflats.com/details.php?id=299&search_id=16091,2023-04-07,Dhaka,Badda
পান্থপথ স্কয়ার হসপিটাল এর বিপরীতে ২য় তালা ফ্লাট বিক্রি হবে Panthopath North dhanmondi,8500.0,"পান্থপথ স্কয়ার হসপিটাল এর বিপরীতে লেকসার্কাস বালিকা বিদ্যালয় এর পূর্ব পাঁশে তেতুলতলা মাঠ সংলগ্ন নিকট একটি ফ্লাট বিক্রি হবে।  

প্রকল্পের পশ্চিমে র...",2022-06-23 00:00:00,Sale,http://dhakaflats.com/details.php?id=183&search_id=16091,2023-04-07,Dhaka,Dhanmondi
Almost ready south facing flat with gas connection,9200000.0,"Very good location in I block. Just 1 plot away from corner plot. Gas, water electricity, lift, generator and all other standard features available...",2022-06-23 00:00:00,Sale,http://dhakaflats.com/details.php?id=179&search_id=16091,2023-04-07,Dhaka,Basundhara
luxury appartment for sale,1250.0,"banani chairman bari, road#3 ,a luxuries flat will be sale.under construction, handover next month. per Sq foot- 1250 , total square foot 2200, 3rd...",2022-06-23 00:00:00,Sale,http://dhakaflats.com/details.php?id=182&search_id=16091,2023-04-07,Dhaka,Banani
1100-850sft 3Bed Flat Sale At Kallyan Pur,4200.0,"Kallyan Pur
1100-850sft 3Bed Flat Sale At Kallyan Pur
3Bed, 3Bath,Living,Dining,Kitchen,Veranda,Community Hall, Roof Top Garden, Car Parking.
Mo...",2022-06-22 00:00:00,Sale,http://dhakaflats.com/details.php?id=293&search_id=16091,2023-04-07,Dhaka,Kalyanpur
Ready Flat Sale At Khilgaon Block -B 1300sft,5800.0,"Khilgaon Block-B South Point School
Ready Flat Sale At Khilgaon Block -B 1300sft
3Bed, 4Bath,Living,Dining,Kitchen,Veranda,Community Hall, Roof T...",2022-06-22 00:00:00,Sale,http://dhakaflats.com/details.php?id=294&search_id=16091,2023-04-07,Dhaka,Khilgaon
2200sft Swimming Pul/Gym BBQ Bashundhara R/A,9500.0,"Bashundhara R/A
4Bed,4Bath ,Living,Dining,Kitchen,Veranda,Community Hall, GYM, Prayer Room, Play Ground,Water Fauntane,BBQ Space,
More Detail Ple...",2022-06-22 00:00:00,Sale,http://dhakaflats.com/details.php?id=295&search_id=16091,2023-04-07,Dhaka,Basundhara
Land Share Sell for Flat in East Rampura,3700000.0,পূর্ব রামপুর ফ্লাট টি অবস্থিত এবং বনশ্রী বি ব্লক আর রামপুরা বাজার থেকে পায়ে হেটে ৫ মিনিট এর পথ। ফ্ল্যাট টি G+7 ফ্লোর হবে প্রতিটা ফ্লর এ ৩ তা ইউনিট।...,2022-06-22 00:00:00,Sale,http://dhakaflats.com/details.php?id=296&search_id=16091,2023-04-07,Dhaka,Rampura
rent for commercial,80000.0,"its a 4 storied building.3rd floor is mine. 3500Sq.Ft.with 1 car parking.north facing.4 bed,5 toilet .attach 3  toilet with 2 bath tubs.vast drawin...",2022-06-19 00:00:00,Rent,http://dhakaflats.com/details.php?id=69&search_id=16091,2023-04-07,Dhaka,Uttara
"A seat will be on rent from 1st July (Male, student)",3375.0,"At a suitable place in dhanmondi, a seat will be on rent from 1st july for male student. 
FAcilities:>All time water and gas supply, wifi, comfort...",2022-06-14 00:00:00,Rent,http://dhakaflats.com/details.php?id=70&search_id=16091,2023-04-07,Dhaka,Dhanmondi
Rent at East Sheorapara,17000.0,"Flats total 4 in number are for rent at East Sheorapara for 1100 or more sq ft area for 17000 taka. Students and families are welcome, computer sci...",2022-06-12 00:00:00,Rent,http://dhakaflats.com/details.php?id=181&search_id=16091,2023-04-07,Dhaka,Other Locations
flat for sale,4500000.0,"Dhaka Mirpur Rupnagar 

1000 SFT Flat  for salr",2022-06-11 00:00:00,Sale,http://dhakaflats.com/details.php?id=66&search_id=16091,2023-04-07,Dhaka,Rupnagar
Ready flat for sale @Mohammadpur,4500.0,"মনোরম পরিবেশে মেইন রোড সংলগ্ন অবস্থিত এই এ্যাপার্টমেন্ট। 
শিয়ামসজিদ থেকে মাত্র ৫ মিনিটের হাটার পথ যা আপনার যোগাযোগ ব্যাবস্থাকে করবে আরো সুলভ। 
১০...",2022-06-03 00:00:00,Sale,http://dhakaflats.com/details.php?id=65&search_id=16091,2023-04-07,Dhaka,Mohammadpur
"flat for commercial at Uttara Sector 3,Road 18,house 25,",95000.0,"3500 sq.ft.4 storied building.2nd floor will be vacant.standing on the main road 18 directly connected with jasimuddin avenue.4 bed,5 toilet,3 vara...",2022-06-01 00:00:00,Rent,http://dhakaflats.com/details.php?id=169&search_id=16091,2023-04-07,Dhaka,Uttara
Urgent Flat sale,5200.0,"Flat size-1400sft, Bed room-3Nos,Living and Dining room-1Nos,Kitchen-1Nos,Toilet-3Nos(1common),veranda-3Nos,Lift-2Nos",2022-06-01 00:00:00,Sale,http://dhakaflats.com/details.php?id=171&search_id=16091,2023-04-07,Dhaka,Mirpur
Urgent Flat sale,5200.0,"Flat size-1400sft, Bed room-3Nos,Living and Dining room-1Nos,Kitchen-1Nos,Toilet-3Nos(1common),veranda-3Nos,Lift-2Nos",2022-06-01 00:00:00,Sale,http://dhakaflats.com/details.php?id=177&search_id=16091,2023-04-07,Dhaka,Mirpur
Flat For Sale,3000000.0,"Dhaka , মোহাম্মদপুর , ব্লক - সি , তাজমহল রোড এ   ৬৫০ বর্গফুটের ফ্লাট বিক্রি হবে। ফ্ল্যাটটি ৫ তালার সামনে দিকে অবস্থিত । 
২ বেডরুম
২ বাথরুম 
১ বারান...",2022-05-30 00:00:00,Sale,http://dhakaflats.com/details.php?id=393&search_id=16091,2023-04-07,Dhaka,Mohammadpur
5500 sft Luxurious Fla tsell @North Gulshan,24000.0,"luxurious Flat sell at prime location of North gulshan, there is swimming pool, Gym,Convention hall, spa,reception room,playground, gerdeen all fac...",2022-05-29 00:00:00,Sale,http://dhakaflats.com/details.php?id=56&search_id=16091,2023-04-07,Dhaka,Gulshan
I want a flat for office,1200.0,"I want a flat for office , monthly rent upto 12000 tk, ground floor is good",2022-05-29 00:00:00,Rent,http://dhakaflats.com/details.php?id=57&search_id=16091,2023-04-07,Dhaka,
"1600 Sqft 3 Bedroom Apartment For Sale In Sector 11,Uttara",8800000.0,"A 1580 sqft semi well furnished decorated new apartment is available for sale at sector 11 uttara on 5 katha land, constructed by nagar homes limit...",2022-05-29 00:00:00,Sale,http://dhakaflats.com/details.php?id=58&search_id=16091,2023-04-07,Dhaka,Uttara
esrew,3000000.0,rewr,2022-05-28 00:00:00,Sale,http://dhakaflats.com/details.php?id=55&search_id=16091,2023-04-07,Dhaka,Azimpur
"Exclusive apartment @ Mirpur 1332 sqft, 3 Beds Apartment/Flats for Sale",5500.0,"Alo Kunjo
Exclusive apartment @ Mirpur
Project information 
Project name : Alo Kunjo 
Project address :Plot-5 & 6, Road-36, Mirpur, Dhaka
Type of b...",2022-05-28 00:00:00,Sale,http://dhakaflats.com/details.php?id=168&search_id=16091,2023-04-07,Dhaka,Mirpur
3 Bedroom Apartment in cetral Point,22000.0,"This 3 bedroom apartment comes with 3 bathroom, 2 varanda and massive kitchen and spacious drawing - dining environment. Just surrounded by Hermann...",2022-05-25 00:00:00,Rent,http://dhakaflats.com/details.php?id=54&search_id=16091,2023-04-07,Dhaka,Mirpur
Rent for office space !,30000.0,"Address - Near of Mirpur 10 no circle, section-6, block-ka, road -2, house -35, 6th floor, Mirpur, dhaka.
Flat details - 1200sqft. Near of SA tower...",2022-05-23 00:00:00,Rent,http://dhakaflats.com/details.php?id=167&search_id=16091,2023-04-07,Dhaka,Mirpur
"1885sft to 2025sft sqft, 3 Beds Ready Apartment for Sale at Narayangonj.",6800.0,"Brief of the Project: On the outskirts of the capital Dhaka, near the Dhaka-Narayanganj Link Road, the ground floor area is surrounded by a complet...",2022-05-21 00:00:00,Sale,http://dhakaflats.com/details.php?id=390&search_id=16091,2023-04-07,Outside Dhaka,Narayanganj
"1510-3645sft semi Ready Apartment sale on Bashundhara R/A, Block-E.",11800.0,"At Bashundhara, Rupayan Lake Castle is almost ready to move property where you just come with your backpack and start living a premium lifestyle wi...",2022-05-21 00:00:00,Sale,http://dhakaflats.com/details.php?id=391&search_id=16091,2023-04-07,Dhaka,Basundhara
Looking for the most favorable flat in Mohammadpur Japan Garden City ?,35000.0,"Looking for the most favorable flat in Mohammadpur?
This wonderful flat at Mohammadpur Japan Garden City Dhaka 1207 covers an area of is situated i...",2022-05-19 00:00:00,Rent,http://dhakaflats.com/details.php?id=389&search_id=16091,2023-04-07,Dhaka,Mohammadpur
Office space / residential flat for sale/ rent,12000.0,"1. 8000 sft./1000 sft office/residence space for sale/rent in Segun Bagicha, dhaka

2. 18 decimal of land in Bijoynagar for commercial building f...",2022-05-18 00:00:00,Rent,http://dhakaflats.com/details.php?id=53&search_id=16091,2023-04-07,Dhaka,Ramna
3000 sft Used Flat,14000.0,Flat sell at North banani prime location. Road no 23. Flat is 4 bed. Building 8storied. Parking 2. Corner plot. Only interested buyer can call for ...,2022-05-17 00:00:00,Sale,http://dhakaflats.com/details.php?id=52&search_id=16091,2023-04-07,Dhaka,Banani
samad mansion flat for sale,10910.0,"3208 sq.ft.with 1 car parking.with 1.702 katha out of 6 katha 13 chatak. 4 storied building.3rd floor is mine.4 bed with attatch bath,5 toilet,vast...",2022-05-17 00:00:00,Sale,http://dhakaflats.com/details.php?id=49&search_id=16091,2023-04-07,Dhaka,Uttara
2000 sft Ready Flat sell,110.0,Ready luxurious BTI made flat at gulshan road no 34. Six storied building with south facing. Only intereated buyee pls call for details at 01732842932,2022-05-17 00:00:00,Sale,http://dhakaflats.com/details.php?id=50&search_id=16091,2023-04-07,Dhaka,Gulshan
5000 sft TEADY Flat North gulshan,900000.0,A Ready flat sell at North gulshan near Gulshan club. Full furnisher. Bed rooms 5. Bath 4. Fully marbels. 5th floor. Only interested buyer ols call...,2022-05-17 00:00:00,Sale,http://dhakaflats.com/details.php?id=51&search_id=16091,2023-04-07,Dhaka,Gulshan
samad mansion,10910.0,"this is our permanent house.4 storied building.3rd floor is mine.3208 sq.ft.4 bed with 3 attach bath,5 toilet,vast drawing room,dining,kitchen,serv...",2022-05-15 00:00:00,Sale,http://dhakaflats.com/details.php?id=48&search_id=16091,2023-04-07,Dhaka,Uttara
flat to let,85000.0,"3500sq.ft north facing. 4 storied building.3rd  floor will be vacant from june 1st.4 bed with3 attatch bath.5 toilet,vast drawing,dinning,kitchen,s...",2022-05-15 00:00:00,Rent,http://dhakaflats.com/details.php?id=47&search_id=16091,2023-04-07,Dhaka,Uttara
Full Furnished Luxurious Apartment for Rent,200000.0,"Fully Furnished Apartment & Luxurious Fittings. Very high Building Security. All time 3 elevator & generator service.
Total Apartment 2780 sft.",2022-05-14 00:00:00,Rent,http://dhakaflats.com/details.php?id=166&search_id=16091,2023-04-07,Dhaka,Gulshan
"840 sqft, Ready Office Space for Sale at Green Road",8400000.0,"Concept Tower, 5th Floor Office Suite - I, 68, 68/1, 69, Green Road

Car Parking

Tenant with monthly rent of 22,000

Monthly Service charge ...",2022-05-07 00:00:00,Sale,http://dhakaflats.com/details.php?id=45&search_id=16091,2023-04-07,Dhaka,Dhanmondi
825sft Apartment sell at Bashundhara.,5800.0,"Project Address: Plot no-325,Road-5,Block-K,Bashundhara,Dhaka.
10 Storied Building (G+9)
4 Unit Each Floor
2 bed, 2 bath, 3 Balcony, Drawing, Di...",2022-05-07 00:00:00,Sale,http://dhakaflats.com/details.php?id=161&search_id=16091,2023-04-07,Dhaka,Basundhara
1320 SFT Flat at Queen’s Garden Homes,8000000.0,Ised flat at Queen’s Garden Homes fosale,2022-05-06 00:00:00,Sale,http://dhakaflats.com/details.php?id=158&search_id=16091,2023-04-07,Dhaka,Ramna
Spacious 3 bedrooms for rent,16000.0,"Spacious 3 bedrooms, 3 bathrooms, 2 balconies, South side open, 1st floor, newly built apartment available for rent in Army Society, Uttor Khan, Dhaka",2022-05-06 00:00:00,Rent,http://dhakaflats.com/details.php?id=159&search_id=16091,2023-04-07,Dhaka,UttarKhan
Urgent Ready Flat for Sale,6000.0,"Plot- 622, Road - 07, Block- G, Bashundhara R/A.

Project Status: Ongoing
Handover: May/June 2019
Land Area: 03 Katha,
Storied: G+9 Storied
Flat Si...",2022-05-05 00:00:00,Sale,http://dhakaflats.com/details.php?id=160&search_id=16091,2023-04-07,Dhaka,Basundhara
"1300 sqft, 3 Bed room Ready Flat for Sale at Banasree",4600.0,"Company Name: Hyperion Design & Development Ltd
Project Name: Prime Rose
Project Address : Plot-221, 222 & 223, Bhuiyapara,,Banasree,Dhaka-1216.
...",2022-05-03 00:00:00,Sale,http://dhakaflats.com/details.php?id=33&search_id=16091,2023-04-07,Dhaka,Banasree
"1425 sqft, 3 Beds Ready Apartment/Flats for Sale at Pallabi.",6500.0,"Company Name: Hyperion Design & Development Ltd
Office Address: House # 2, Road # 4, Block # A, Mirpur-10, Dhaka-1216
Project Name: OPORAJITA
PR...",2022-05-03 00:00:00,Sale,http://dhakaflats.com/details.php?id=30&search_id=16091,2023-04-07,Dhaka,Mirpur
"1425 sqft, 3 Beds ReadyFlat for Sale at Mirpur Pallabi with gas connection.",6300.0,"Company Name: Hyperion Design & Development Ltd
Office Address: House # 2, Road # 4, Block # A, Mirpur-10, Dhaka-1216
Project Name: Hyperion Hasn...",2022-05-03 00:00:00,Sale,http://dhakaflats.com/details.php?id=31&search_id=16091,2023-04-07,Dhaka,Mirpur
"1600 sqft, 3 Beds Ready Apartment/Flat for Sale at Mirpur 2",5500.0,"Company Name: Hyperion Design & Development Ltd
Office Address: House # 2, Road # 4, Block # A, Mirpur-10, Dhaka-1216
Project Name : Hyperion Tul...",2022-05-03 00:00:00,Sale,http://dhakaflats.com/details.php?id=32&search_id=16091,2023-04-07,Dhaka,Mirpur
"1200 sqft, 3 Beds Under Construction Apartment/Flats for Sale at Mirpur 10",5500.0,"Company Name: Hyperion Design & Development Ltd 
Office Address: House # 2, Road # 4, Block # A, Mirpur-10, Dhaka-1216
Project Name: Spring Field...",2022-05-03 00:00:00,Sale,http://dhakaflats.com/details.php?id=29&search_id=16091,2023-04-07,Dhaka,Mirpur
700 sft Ready Flat for sale at Mohammadpur,4000000.0,"• 3rd Floor, 700 Sq Ft
⁠• 2 Bedrooms
⁠• 2 Toilets
⁠• 1 Baranda
⁠• Kitchen
⁠• Drawing+Daining
⁠• Utility(Gas/Water/ Electricity)
⁠• No lift, Back Si...",2022-05-02 00:00:00,Sale,http://dhakaflats.com/details.php?id=386&search_id=16091,2023-04-07,Dhaka,Mohammadpur
Seat Rent only for Girls/Women,3500.0,"You want a quite natural homely environment ! Then must welcome this flat because here you you are getting a place free from traffic noise, great s...",2022-05-01 00:00:00,Rent,http://dhakaflats.com/details.php?id=15&search_id=16091,2023-04-07,Dhaka,Maghbazar
Apartment sale,5500000.0,"09-storied apartment building is situated on the land, named “Circle Sharmila”.

Present holding # 67/1, Jonaki Road, Paikpara,Mirpur, Dhaka. Und...",2022-05-01 00:00:00,Sale,http://dhakaflats.com/details.php?id=28&search_id=16091,2023-04-07,Dhaka,Mirpur
পান্থপথ স্কয়ার হসপিটাল এর বিপরীতে ২য় তালা ফ্লাট বিক্রি হবে,8700.0,"পান্থপথ স্কয়ার হসপিটাল এর বিপরীতে লেকসার্কাস বালিকা বিদ্যালয় এর পূর্ব পাঁশে তেতুলতলা মাঠ সংলগ্ন নিকট একটি ফ্লাট বিক্রি হবে।  
প্রকল্পের পশ্চিমে রয়...",2022-04-30 00:00:00,Sale,http://dhakaflats.com/details.php?id=157&search_id=16091,2023-04-07,Dhaka,Dhanmondi
Furnished Apartment,800.0,"3 bed room,4 bath,leaving area, full wifi,tv cable,washing machine, 3rd floor.1 car parking, full power backup, servant room,",2022-04-29 00:00:00,Rent,http://dhakaflats.com/details.php?id=24&search_id=16091,2023-04-07,Dhaka,Baridhara
"1450 SF FLAT(3F) FOR RENT - 5 ROOM, 3 BATH,3 BALCONY,1 KITCHEN,1 DINING",18000.0,"1450 SF FLAT FOR RENT. 3RD FLOOR SINGLE UNIT FLAT, 5 ROOM, 3 BATH,3 BALCONY,1 KITCHEN,1 DINING, MOSAIC FLOOR. 
RENT 18000 + ELECTRIC BILL + WATER B...",2022-04-28 00:00:00,Rent,http://dhakaflats.com/details.php?id=156&search_id=16091,2023-04-07,Dhaka,Khilgaon
1500 sqft flat 4 bedroom for family/ bachelor at bashundhara r/a,27000.0,"27000 rent + gas+ current + water

4 bedroom 4 toilet 3 balcony dining drawing",2022-04-27 00:00:00,Rent,http://dhakaflats.com/details.php?id=2&search_id=16091,2023-04-07,Dhaka,Basundhara
3 Bedroom Flat To-Let,17000.0,"This is a Brand new 3 bed room flat in Bhuiyan para Dhaka (VERY CLOSE TO BANASREE PROJECT) with 3 toilets, 2 varanda, drawing come dining (quite sp...",2022-04-26 00:00:00,Rent,http://dhakaflats.com/details.php?id=10&search_id=16091,2023-04-07,Dhaka,Khilgaon
TO-LET FOR OFFICE,18000.0,"500 sq.ft . GROUND FLOOR. Near JATRABARI CHOWRASTA . 3 rooms , 1 Toilet . 1 kitchen with Gas . C cam . 
01923339397",2022-04-26 00:00:00,Rent,http://dhakaflats.com/details.php?id=44&search_id=16091,2023-04-07,Dhaka,Jatrabari
Office For Rent,22000.0,"office space for rent in baganbari dhaka cantonment near mirpur  flyover.
location: 161/10,baganbari,dhaka cantonment,dhaka 1206
Area:
550-600 s...",2022-04-25 00:00:00,Rent,http://dhakaflats.com/details.php?id=37&search_id=16091,2023-04-07,Dhaka,Cantonment
1600 and 1200 sft apartment sell at Uttara Sector 10,6500.0,"Project Address: Plot- 3 & 5, Road-02, Borobagh, Mirpur-2, Dhaka-1216 
1. Building Height: 10 Storied Residential Building. 
2. Apartments Type: ...",2022-04-23 00:00:00,Sale,http://dhakaflats.com/details.php?id=154&search_id=16091,2023-04-07,Dhaka,Uttara
Dhaka Mirpur 10 (3 BEDROOM FOR RENT),17000.0,"3 Bedroom 3 bathroom to let in dhaka mirpur good rent; great building; close to all

PLEASE CALL TO SEE NOW:

অ্যাপার্টমেন্ট দেখতে যোগাযোগ করুন...",2022-04-23 00:00:00,Rent,http://dhakaflats.com/details.php?id=138&search_id=16091,2023-04-07,Dhaka,Mirpur
Rent FLAT HOUSE - At Merul badda near Brac University,20000.0,"Rent FLAT HOUSE - At Merul badda near Brac University
Description
1s@ t Marce -2019 (3 bed, dining, draw,@ kachin.3 bathroom,@4 veranda,@ the new f...",2022-04-23 00:00:00,Rent,http://dhakaflats.com/details.php?id=139&search_id=16091,2023-04-07,Dhaka,Badda
"All most Ready Flat for sale @Basundhara R/A, I- block",10000000.0,"1st floor ~1500 SFT

Ongoing(90%) Multi Storied building to be completed within 2 months at Basundhara R/A, Block I.

Parking available.

Til...",2022-04-20 00:00:00,Sale,http://dhakaflats.com/details.php?id=409&search_id=16091,2023-04-07,Dhaka,Basundhara
Flat Rent at Gulshan-2,60000.0,Flat rent at gulshan-2,2022-04-20 00:00:00,Rent,http://dhakaflats.com/details.php?id=14&search_id=16091,2023-04-07,Dhaka,Gulshan
Flat/Office Rent In Indira Road,20000.0,"Address: The flat located at 66/M, Pashchim Rajabazar, Indira Road (Noakhali Goli), Sher E Bangla Nagar, Dhaka-1215.

The apartment is in the gro...",2022-04-18 00:00:00,Rent,http://dhakaflats.com/details.php?id=20&search_id=16091,2023-04-07,Dhaka,Farmgate
Flat Rent In Indira Road,20000.0,"Address: The flat located at 66/M, Pashchim Rajabazar, Indira Road (Noakhali Goli), Sher E Bangla Nagar, Dhaka-1215.

The apartment is in the 5th...",2022-04-18 00:00:00,Rent,http://dhakaflats.com/details.php?id=19&search_id=16091,2023-04-07,Dhaka,Rajabazar
To-Let Ready Flat,15000.0,"3-Bed, 3-Bath, Drawing, Dinning, Kitchen, 2-Veranda, 2-Lift, Garage, Security Guard

Flat-A5, House-159/17/A/5, Ananda Kutir, Surgent Jora Buildi...",2022-04-17 00:00:00,Rent,http://dhakaflats.com/details.php?id=22&search_id=16091,2023-04-07,Dhaka,Kafrul
Flat Rent in Shyamoli,,"# 2 Bedrooms
# 2 Bathrooms
# Dining, Drwaing
# Generator 

Address: Shyamoli

Contact: 025 815 7680, 0168 00 74 769, 01855434569",2022-04-15 00:00:00,Rent,http://dhakaflats.com/details.php?id=9&search_id=16091,2023-04-07,Dhaka,Shyamoli
"MODERN APARTMENT FOR SALE @ BANANI, Dhaka",,"Aesthetically stunning modern apartment in Banani. The flat was constructed in late 2017. Fantastic location near all amenities, A brand new, well ...",2022-04-15 00:00:00,Sale,http://dhakaflats.com/details.php?id=21&search_id=16091,2023-04-07,Dhaka,Banani
Furnished Apartment,25000.0,"It's very quite area in Bashundhara RA. In 10 minutes walking distance we have Market, School, College, Mosque, Hospital and children Park.
The Ba...",2022-04-12 00:00:00,Rent,http://dhakaflats.com/details.php?id=18&search_id=16091,2023-04-07,Dhaka,Basundhara
Dream Homes@Savar DOHS,5200.0,"It's a G+ 8 luxurious apartment building with all modern amenities including lift, generator, intercom, CCTV, guards ,reception, fire fighting equi...",2022-04-11 00:00:00,Sale,http://dhakaflats.com/details.php?id=263&search_id=16091,2023-04-07,Dhaka,Savar
3 bedroom 1500 sqft Apartment for Rent in Uttara(LONG TERM)[FAMILY PREFERRED],35000.0,"Fully furnished apartment for rent for FAMILY PREFERRED.
Location in Uttara Sector 10(Road 12, House 39, 3rd floor). 1500 sq ft. 3 bedrooms, 3 bath...",2022-04-11 00:00:00,Rent,http://dhakaflats.com/details.php?id=251&search_id=16091,2023-04-07,Dhaka,Uttara
3800.par sqft,3800000.0,"1050SFT Almost 

call now for more info - 01826656678

Address: mhodmodpur  bochila west dhanmondi howjing 
Dhaka 1207 
Building-8.9 storied
...",2022-04-11 00:00:00,Sale,http://dhakaflats.com/details.php?id=36&search_id=16091,2023-04-07,Dhaka,Dhanmondi
Flat Rent in Shyamoli,,"# 2 Bedrooms
# 2 Bathrooms
# Dining, Drwaing
# Generator 

Address: Shyamoli

Contact: 0258157680, 01680074769, 01855434569",2022-04-09 00:00:00,Rent,http://dhakaflats.com/details.php?id=8&search_id=16091,2023-04-07,Dhaka,Shyamoli
"Flat For Sale In Azimpur, Dhaka (1543 Sq ft)",12500000.0,"Project Name: Vikrampur Villa
---------------------------------------------
Floor: 9 Storied Building (G + 8). 
Project Status: Ongoing.
Unit: ...",2022-04-09 00:00:00,Sale,http://dhakaflats.com/details.php?id=13&search_id=16091,2023-04-07,Dhaka,Azimpur
