amenities,bathroom,bedroom,furnishing,location,parking,price,property_name,property_type,sale_rent,size,url
"Eid congregation place,Mosque,Graveyard,Play Ground,Security,Lakes,Parks,School,College,Universities,Hospital,Bazaar,Water Supply,Post Office,Banks",,,,"Savar , Dhaka",,7.50 Lac,Krishibid Valley,Residential Plot,Sale, 3 Katha ,https://www.bdhousing.com/details/243590/3-katha-ready-residential-plot-for-sale-at-savar
"Mosque/Prayer Room,Security,Lift,WASA connection,Hot water and heating,Cylinder Gas,Electricity,Generator,Telephone line,Inter com,CCTV,Wi-Fi connectivity,Satellite or cable TV,Garden,Solar panels",03,03,"
                Furnished        ","Bashundhara R/A , Dhaka",Parking 1,Call for price,bddl Sakir's Dell,Apartment/Flats,Sale, 1480 sqft ,https://www.bdhousing.com/details/245072/3-beds-ready-apartment-flats-sale-bashundhara
"Security,Lift,Fire exit,WASA connection,Hot water and heating,Cylinder Gas,Electricity,Generator,Telephone line,Inter com,CCTV,Wi-Fi connectivity,Pool,Garden,Solar panels,Servent Toilet,Fire Protection",04,04,"
                Unfurnished        ","Bashundhara R/A , Dhaka",Parking 1,Call for price,Anwar Landmark Salahuddin Garden,Apartment/Flats,Sale, 2540 sqft ,https://www.bdhousing.com/details/244689/2300-2600-sqft-4-beds-apartment-flats-sale-bashundhara
"Security,Lift,Fire exit,WASA connection,Hot water and heating,Cylinder Gas,Electricity,Generator,Telephone line,Inter com,CCTV,Wi-Fi connectivity,Garden,Solar panels,Servent Room,Servent Toilet,Fire Protection",04,04,"
                Unfurnished        ","Uttara , Dhaka",Parking 1,Call for price,Anwar Landmark Iris,Apartment/Flats,Sale, 1925 sqft ,https://www.bdhousing.com/details/244679/1925-sqft-4-beds-upcoming-apartment-flats-for-sale-at-uttara
"Mosque/Prayer Room,Security,Lift,Fire exit,WASA connection,Self Water supply,Hot water and heating,Gas Connection,Cylinder Gas,Electricity,Generator,Telephone line,Inter com,CCTV,Wi-Fi connectivity,Security Alarm System,Satellite or cable TV,Electronic security,Pool,Gymnasium,Garden,Solar panels,Guest Parking,Servent Room,Servent Toilet,Fire Protection",03,03,"
                Unfurnished        ","Banasree , Dhaka",Parking 1,Call for price,Hyperion Park View,Apartment/Flats,Sale, 1690 sqft ,https://www.bdhousing.com/details/241776/1690-sqft-3-beds-under-construction-apartment-flats-for-sale-at-banasree
"Mosque/Prayer Room,Security,Lift,Fire exit,WASA connection,Self Water supply,Hot water and heating,Cylinder Gas,Electricity,Generator,Telephone line,Inter com,CCTV,Wi-Fi connectivity,Security Alarm System,Satellite or cable TV,Garden,Solar panels,Servent Room,Servent Toilet,Fire Protection",03,03,"
                Unfurnished        ","Mirpur DOHS , Dhaka",Parking 1,Call for price,Anwar Landmark Neelkantho,Apartment/Flats,Sale, 2150 sqft ,https://www.bdhousing.com/details/245777/2150-sqft-3-beds-flats-for-sale-at-dohs-road-mirpur
"Security,Lift,WASA connection,Self Water supply,Gas Connection,Electricity,Generator,Inter com",03,03,"
                Unfurnished        ","Uttara , Dhaka",Parking 1,BDT 1.22 Cr.,Crescent Villa-210-1484,Apartment/Flats,Sale, 1484 sqft ,https://www.bdhousing.com/details/245385/1484-sqft-flat-sale-uttara
"Lift,Fire exit,WASA connection,Self Water supply,Gas Connection,Electricity,Generator,Telephone line,Inter com,CCTV,Security Alarm System,Electronic security,Servent Room,Servent Toilet,Fire Protection",04,04,"
                Unfurnished        ","Basabo , Dhaka",Parking 1,Call for price,Evening Lights,Apartment/Flats,Sale, 2250 sqft ,https://www.bdhousing.com/details/245434/4-beds-apartment-flats-sale-basabo
"Security,Lift,Fire exit,WASA connection,Hot water and heating,Cylinder Gas,Electricity,Generator,Telephone line,Inter com,Security Alarm System,Electronic security,Servent Room,Servent Toilet,Fire Protection",04,03,"
                Unfurnished        ","Uttara , Dhaka",Parking 1,BDT 2.37 Cr.,Acme Zakia Abode,Apartment/Flats,Sale, 1815 sqft ,https://www.bdhousing.com/details/244732/1815-sqft-3-beds-under-construction-apartment-flats-for-sale-at-uttara-4
"Mosque/Prayer Room,Security,Lift,Fire exit,WASA connection,Self Water supply,Hot water and heating,Gas Connection,Cylinder Gas,Electricity,Generator,Telephone line,Inter com,CCTV,Wi-Fi connectivity,Security Alarm System,Satellite or cable TV,Electronic security,Pool,Gymnasium,Garden,Solar panels,Guest Parking,Servent Room,Servent Toilet,Fire Protection",03,03,,"Lalmatia , Dhaka",Parking 1,Call for price,Navana Saleh Sylvatica,Apartment/Flats,Sale, 1771 sqft ,https://www.bdhousing.com/details/233108/1771-sqft-3-beds-under-construction-flats-for-sale-at-lalmatia
"Mosque/Prayer Room,Security,Lift,Fire exit,WASA connection,Self Water supply,Hot water and heating,Gas Connection,Cylinder Gas,Electricity,Generator,Telephone line,Inter com,CCTV,Wi-Fi connectivity,Security Alarm System,Satellite or cable TV,Electronic security,Pool,Gymnasium,Garden,Solar panels,Guest Parking,Servent Room,Servent Toilet,Fire Protection",03,03,,"Lalmatia , Dhaka",Parking 1,Call for price,Navana Arzu Andreola,Apartment/Flats,Sale, 2062 sqft ,https://www.bdhousing.com/details/232961/property-size-2054-2062-sqft
"Mosque/Prayer Room,Security,Lift,Fire exit,WASA connection,Self Water supply,Hot water and heating,Gas Connection,Electricity,Generator,Telephone line,Inter com,CCTV,Wi-Fi connectivity,Security Alarm System,Satellite or cable TV,Electronic security,Gymnasium,Garden,Solar panels,Guest Parking,Fire Protection",03,03,,"Cantonment , Dhaka",Parking 1,BDT 1.10 Cr.,Online Fagun,Apartment/Flats,Sale, 1350 sqft ,https://www.bdhousing.com/details/243954/1350-sqft-3-beds-ready-apartment-flats-sale-cantonment
"Mosque/Prayer Room,Security,Lift,Fire exit,WASA connection,Self Water supply,Hot water and heating,Gas Connection,Cylinder Gas,Electricity,Generator,Telephone line,Inter com,CCTV,Wi-Fi connectivity,Security Alarm System,Satellite or cable TV,Electronic security,Pool,Gymnasium,Garden,Solar panels,Guest Parking,Servent Room,Servent Toilet,Fire Protection",06,05,"
                Furnished        ","Gulshan 02 , Dhaka",Parking 1,Call for price,Navana Chez de Sofia,Apartment/Flats,Sale, 6152 sqft ,https://www.bdhousing.com/details/230620/6152-sqft-5-beds-under-construction-flat-for-sale-at-gulshan
"Mosque/Prayer Room,Security,Lift,Fire exit,WASA connection,Self Water supply,Hot water and heating,Gas Connection,Cylinder Gas,Electricity,Generator,Telephone line,Inter com,CCTV,Wi-Fi connectivity,Security Alarm System,Satellite or cable TV,Electronic security,Pool,Gymnasium,Garden,Solar panels,Guest Parking,Servent Room,Servent Toilet,Fire Protection",03,03,"
                Unfurnished        ","Kazipara , Dhaka",Parking 1,BDT 72.20 Lac,Mohazan Properties Ltd.,Apartment/Flats,Sale, 1350 sqft ,https://www.bdhousing.com/details/245677/1350-sqft-3-beds-ready-apartment-flats-sale-kazipara
"Mosque/Prayer Room,Security,Lift,Fire exit,WASA connection,Self Water supply,Hot water and heating,Gas Connection,Cylinder Gas,Electricity,Generator,Telephone line,Inter com,CCTV,Wi-Fi connectivity,Security Alarm System,Satellite or cable TV,Electronic security,Pool,Gymnasium,Garden,Solar panels,Guest Parking,Servent Room,Servent Toilet,Fire Protection",02,02,"
                Furnished        ","Rupnagar , Dhaka",No Parking,BDT 32.10 Lac,Mohazan Properties Ltd,Apartment/Flats,Sale, 700 sqft ,https://www.bdhousing.com/details/245676/700-sqft-2-beds-ready-apartment-flats-sale-rupnagar
"Security,Lift,WASA connection,Self Water supply,Hot water and heating,Cylinder Gas,Electricity,Generator,Telephone line,Satellite or cable TV,Garden",03,03,"
                Unfurnished        ","Bashundhara R/A , Dhaka",Parking 1,Call for price,NPL Fair View,Apartment/Flats,Sale, 1600 sqft ,https://www.bdhousing.com/details/245321/1600-sqft-3-beds-apartment-flats-sale-bashundhara
"Mosque/Prayer Room,Security,Lift,Fire exit,WASA connection,Self Water supply,Hot water and heating,Gas Connection,Cylinder Gas,Electricity,Generator,Telephone line,Inter com,CCTV,Wi-Fi connectivity,Security Alarm System,Satellite or cable TV,Electronic security,Pool,Gymnasium,Garden,Solar panels,Guest Parking,Servent Room,Servent Toilet,Fire Protection",03,03,"
                Furnished        ","Pirerbag , Dhaka",No Parking,BDT 63.20 Lac,Mohazan Properties Ltd,Apartment/Flats,Sale, 1200 sqft ,https://www.bdhousing.com/details/245511/3-beds-ready-apartment-flats-sale-pirerbag
"Security,Lift,WASA connection,Cylinder Gas,Electricity,Generator,Inter com,CCTV",04,03,"
                Unfurnished        ","Uttara , Dhaka",Parking 1,BDT 1.21 Cr.,Rangs Kalpotoru-210- 1610,Apartment/Flats,Sale, 1610 sqft ,https://www.bdhousing.com/details/245545/1610-sqft-3-beds-ready-apartment-flats-for-sale-at-uttara
"Mosque/Prayer Room,Security,Lift,Fire exit,WASA connection,Self Water supply,Hot water and heating,Gas Connection,Cylinder Gas,Electricity,Generator,Telephone line,Inter com,CCTV,Wi-Fi connectivity,Security Alarm System,Satellite or cable TV,Electronic security,Pool,Gymnasium,Garden,Solar panels,Guest Parking,Servent Room,Servent Toilet,Fire Protection",04,04,"
        N/A","Mohammadpur , Dhaka",Parking 1,Call for price,Chayaneer,Apartment/Flats,Sale, 2300 sqft ,https://www.bdhousing.com/details/245671/2300-sqft-4-beds-apartment-flats-sale-mohammadpur
"Mosque/Prayer Room,Security,Lift,Fire exit,WASA connection,Self Water supply,Hot water and heating,Gas Connection,Cylinder Gas,Electricity,Generator,Telephone line,Inter com,CCTV,Wi-Fi connectivity,Security Alarm System,Satellite or cable TV,Electronic security,Pool,Gymnasium,Garden,Solar panels,Guest Parking,Servent Room,Servent Toilet,Fire Protection",02,02,"
                Unfurnished        ","Monipur , Dhaka",No Parking,BDT 40.50 Lac,Mohazan Properties Ltd,Apartment/Flats,Sale, 700 sqft ,https://www.bdhousing.com/details/245764/2-beds-apartment-flats-sale-monipur
"Security,Lift,WASA connection,Self Water supply,Gas Connection,Electricity,Generator,Inter com,CCTV,Servent Room,Fire Protection",03,03,"
                Semi-Furnished        ","Baridhara , Dhaka",Parking 1,Call for price,Lilium Memoirs,Apartment/Flats,Sale, 2100 sqft ,https://www.bdhousing.com/details/245783/2100-sqft-3-beds-ready-apartment-flats-sale-baridhara
"Mosque/Prayer Room,Security,Lift,Fire exit,WASA connection,Self Water supply,Hot water and heating,Gas Connection,Cylinder Gas,Electricity,Generator,Telephone line,Inter com,CCTV,Wi-Fi connectivity,Security Alarm System,Satellite or cable TV,Electronic security,Pool,Gymnasium,Garden,Solar panels,Guest Parking,Servent Room,Servent Toilet,Fire Protection",04,05,"
                Furnished        ","Gulshan 02 , Dhaka",Parking 1,Call for price,Navana Daisy Florenzo,Apartment/Flats,Sale, 2881 sqft ,https://www.bdhousing.com/details/230626/2881-sqft-5-beds-under-construction-flat-for-sale-at-gulshan
"Mosque/Prayer Room,Security,Lift,Fire exit,WASA connection,Self Water supply,Hot water and heating,Gas Connection,Cylinder Gas,Electricity,Generator,Telephone line,Inter com,CCTV,Wi-Fi connectivity,Security Alarm System,Satellite or cable TV,Electronic security,Pool,Gymnasium,Garden,Solar panels,Guest Parking,Servent Room,Servent Toilet,Fire Protection",04,04,"
                Unfurnished        ","Bashundhara R/A , Dhaka",Parking 2,Call for price,"4 beds apartment in Basundhara R/A, Block B",Apartment/Flats,Sale, 2935 sqft ,https://www.bdhousing.com/details/245309/4-beds-apartment-flats-sale-bashundhara
"Mosque/Prayer Room,Security,Lift,Fire exit,WASA connection,Self Water supply,Hot water and heating,Gas Connection,Cylinder Gas,Electricity,Generator,Telephone line,Inter com,CCTV,Wi-Fi connectivity,Security Alarm System,Satellite or cable TV,Electronic security,Pool,Gymnasium,Garden,Solar panels,Guest Parking,Servent Room,Servent Toilet,Fire Protection",03,03,"
        N/A","Khilgaon , Dhaka",Parking 1,BDT 1.36 Cr.,Gold Palace,Apartment/Flats,Sale, 1600 sqft ,https://www.bdhousing.com/details/245668/1600-sqft-3-beds-ready-apartment-flats-sale-khilgaon
"Eid congregation place,Mosque,Graveyard,Play Ground,Security,Lakes,Parks,School,College,Universities,Hospital,Bazaar,Gas,Water Supply,Fire Services,Civil Defense,Police Box,Post Office,Banks",,,,"Mohammadpur , Dhaka",,20.00 Lac,Modhucity-3,Residential Plot,Sale, 3 Katha ,https://www.bdhousing.com/details/245780/3-katha-under-development-residential-plot-sale-mohammadpur
"Mosque/Prayer Room,Security,Lift,Fire exit,WASA connection,Self Water supply,Hot water and heating,Gas Connection,Cylinder Gas,Electricity,Generator,Telephone line,Inter com,CCTV,Wi-Fi connectivity,Security Alarm System,Satellite or cable TV,Electronic security,Pool,Gymnasium,Garden,Solar panels,Guest Parking,Servent Room,Servent Toilet,Fire Protection",04,04,"
                Unfurnished        ","Bashundhara R/A , Dhaka",Parking 1,BDT 93.19 Lac,Fortress Tuberose,Land Sharing Flat,Sale, 2050 sqft ,https://www.bdhousing.com/details/245056/bashundhara-2050sft-single-unit-land-share
"Mosque/Prayer Room,Security,Lift,Fire exit,WASA connection,Self Water supply,Hot water and heating,Gas Connection,Cylinder Gas,Electricity,Generator,Telephone line,Inter com,CCTV,Wi-Fi connectivity,Security Alarm System,Satellite or cable TV,Electronic security,Pool,Gymnasium,Garden,Solar panels,Guest Parking,Servent Room,Servent Toilet,Fire Protection",04,04,"
                Unfurnished        ","Bashundhara R/A , Dhaka",Parking 1,BDT 1.18 Cr.,Fortress South Park,Land Sharing Flat,Sale, 2250 sqft ,https://www.bdhousing.com/details/245158/2250-sqft-4-beds-flat-sale-bashundhara
"Mosque/Prayer Room,Security,Lift,Fire exit,WASA connection,Self Water supply,Hot water and heating,Gas Connection,Cylinder Gas,Electricity,Generator,Telephone line,Inter com,CCTV,Wi-Fi connectivity,Security Alarm System,Satellite or cable TV,Electronic security,Pool,Gymnasium,Garden,Solar panels,Guest Parking,Servent Room,Servent Toilet,Fire Protection",03,04,"
                Unfurnished        ","Bashundhara R/A , Dhaka",Parking 1,BDT 1.18 Cr.,Fortress South Park,Land Sharing Flat,Sale, 2250 sqft ,https://www.bdhousing.com/details/245162/bashundhara-m-block-2250-sft
"Security,Lift,WASA connection,Gas Connection,Electricity,Telephone line,CCTV,Wi-Fi connectivity,Satellite or cable TV,Garden,Servent Room",04,04,"
                Furnished        ","Ibrahimpur , Dhaka",Parking 1,Call for price,LUCKY,Apartment/Flats,Sale, 1680 sqft ,https://www.bdhousing.com/details/244546/1645-sqft-4-beds-under-construction-apartment-flats-for-sale-at-ibrahimpur
"Security,Lift,WASA connection,Self Water supply,Hot water and heating,Gas Connection,Electricity,Generator,Inter com,CCTV,Servent Room,Servent Toilet",04,04,"
        N/A","Dhanmondi , Dhaka",Parking 1,BDT 4.60 Cr.,Suvastu koninika-221-2651,Apartment/Flats,Sale, 2651 sqft ,https://www.bdhousing.com/details/245786/2651-sqft-4-beds-ready-apartment-for-sale-at-dhanmondi
"Mosque/Prayer Room,Security,Lift,Fire exit,WASA connection,Self Water supply,Hot water and heating,Gas Connection,Cylinder Gas,Electricity,Generator,Telephone line,Inter com,CCTV,Wi-Fi connectivity,Security Alarm System,Satellite or cable TV,Electronic security,Pool,Gymnasium,Garden,Solar panels,Guest Parking,Servent Room,Servent Toilet,Fire Protection",03,03,"
                Unfurnished        ","Diyabari , Dhaka",Parking 1,BDT 1.05 Cr.,JBS Ranhill Garden@Diabari,Apartment/Flats,Sale, 1400 sqft ,https://www.bdhousing.com/details/244639/1390-sqft-3-beds-apartment-flats-sale-uttara
"Mosque/Prayer Room,Security,Lift,Fire exit,WASA connection,Self Water supply,Hot water and heating,Gas Connection,Cylinder Gas,Electricity,Generator,Telephone line,Inter com,CCTV,Wi-Fi connectivity,Security Alarm System,Satellite or cable TV,Electronic security,Pool,Gymnasium,Garden,Solar panels,Guest Parking,Servent Room,Servent Toilet,Fire Protection",03,03,"
                Unfurnished        ","Uttara , Dhaka",Parking 1,BDT 1.71 Cr.,"South Facing Apartment @ Uttara, Sector 04",Apartment/Flats,Sale, 1890 sqft ,https://www.bdhousing.com/details/243553/1890-sqft-3-beds-under-construction-apartment-flats-for-sale-at-uttara
"Security,Lift,WASA connection,Hot water and heating,Cylinder Gas,Electricity,Generator,Inter com,CCTV,Wi-Fi connectivity,Satellite or cable TV,Garden,Solar panels,Fire Protection",03,03,"
                Unfurnished        ","Rupnagar , Dhaka",Parking 1,Call for price,Daulat Noorjahan Heritage.,Apartment/Flats,Sale, 1300 sqft ,https://www.bdhousing.com/details/243275/1299-sqft-3-beds-under-construction-apartment-flats-for-sale-at-mirpur-2
"Mosque/Prayer Room,Security,Lift,Fire exit,WASA connection,Self Water supply,Hot water and heating,Gas Connection,Cylinder Gas,Electricity,Generator,Telephone line,Inter com,CCTV,Wi-Fi connectivity,Security Alarm System,Satellite or cable TV,Electronic security,Pool,Gymnasium,Garden,Solar panels,Guest Parking,Servent Room,Servent Toilet,Fire Protection",03,03,"
        N/A","Bashundhara R/A , Dhaka",Parking 1,Call for price,Reliance Hassin Villa,Apartment/Flats,Sale, 1600 sqft ,https://www.bdhousing.com/details/245103/1600-sqft-3-beds-under-construction-apartment-flats-for-sale-at-bashundhara-r-a
"Mosque/Prayer Room,Security,Lift,Fire exit,WASA connection,Self Water supply,Hot water and heating,Cylinder Gas,Electricity,Generator,Telephone line,Inter com,CCTV,Wi-Fi connectivity,Security Alarm System,Satellite or cable TV,Electronic security,Gymnasium,Garden,Servent Room",05,04,"
                Unfurnished        ","Bashundhara R/A , Dhaka",Parking 1,Call for price,KHL Amena Palace,Apartment/Flats,Sale, 2190 sqft ,https://www.bdhousing.com/details/245255/4-beds-apartment-flats-sale-bashundhara
"Security,Lift,WASA connection,Self Water supply,Gas Connection,Electricity,Generator,Electronic security,Servent Room,Servent Toilet,Fire Protection",04,03,"
                Unfurnished        ","Gulshan 02 , Dhaka",Parking 1,Call for price,Whistling Woods,Apartment/Flats,Sale, 2200 sqft ,https://www.bdhousing.com/details/245784/2200-sqft-3-beds-ready-apartment-flats-sale-gulshan-02
"Eid congregation place,Mosque,Graveyard,Play Ground,Security,Lakes,Parks,School,College,Universities,Hospital,Bazaar,Gas,Water Supply,Fire Services,Civil Defense,Police Box,Post Office,Banks",,,,"Keraniganj , Dhaka",,1.40 Lac,Modhucity,Residential Plot,Sale, 5 Katha ,https://www.bdhousing.com/details/244776/5-katha-upcoming-residential-plot-sale-keraniganj
"Security,Lift,Fire exit,WASA connection,Self Water supply,Electricity,Generator,Telephone line,Inter com,CCTV,Security Alarm System,Satellite or cable TV,Electronic security,Servent Room,Servent Toilet,Fire Protection",03,03,"
                Unfurnished        ","Basabo , Dhaka",Parking 1,Call for price,Evening Lights,Apartment/Flats,Sale, 1125 sqft ,https://www.bdhousing.com/details/245431/apartment-flats-sale
"Mosque/Prayer Room,Security,Lift,Fire exit,WASA connection,Self Water supply,Hot water and heating,Gas Connection,Cylinder Gas,Electricity,Generator,Telephone line,Inter com,CCTV,Wi-Fi connectivity,Security Alarm System,Satellite or cable TV,Electronic security,Pool,Gymnasium,Garden,Solar panels,Guest Parking,Servent Room,Servent Toilet,Fire Protection",04,04,"
                Unfurnished        ","Bashundhara R/A , Dhaka",Parking 1,BDT 1.51 Cr.,Fortress Neptune,Land Sharing Flat,Sale, 2450 sqft ,https://www.bdhousing.com/details/245210/4-beds-land-sharing-flat-sale-bashundhara
,03,03,"
                Semi-Furnished        ","Savar , Dhaka",Parking 1,Call for price,Greenwood Edge-99,Apartment/Flats,Sale, 1375 sqft ,https://www.bdhousing.com/details/244572/1375-sqft-3-beds-almost-ready-apartment-flats-for-sale-at-savar
"Eid congregation place,Mosque,Graveyard,Play Ground,Security,Lakes,Parks,School,College,Universities,Hospital,Bazaar,Water Supply,Fire Services",,,,"Savar , Dhaka",,9.50 Lac,Krishibid Valley,Residential Plot,Sale, 5 Katha ,https://www.bdhousing.com/details/244943/5-katha-residential-plot-sale-savar
"Security,Lift,Fire exit,WASA connection,Self Water supply,Gas Connection,Electricity,Generator,Inter com,CCTV,Wi-Fi connectivity,Satellite or cable TV,Electronic security,Solar panels,Servent Toilet",05,05,"
                Semi-Furnished        ","Banani , Dhaka",Parking 2,BDT 4.15 Cr.,Benita Bari-217-3322,Apartment/Flats,Sale, 3322 sqft ,https://www.bdhousing.com/details/245590/3322-sqft-5-beds-ready-duplex-apartment-for-sale-at-banani
"Mosque/Prayer Room,Security,Lift,Fire exit,WASA connection,Self Water supply,Hot water and heating,Gas Connection,Cylinder Gas,Electricity,Generator,Telephone line,Inter com,CCTV,Wi-Fi connectivity,Security Alarm System,Satellite or cable TV,Electronic security,Pool,Gymnasium,Garden,Solar panels,Guest Parking,Servent Room,Servent Toilet,Fire Protection",,,,"Bashundhara R/A , Dhaka",,BDT 1.24 Cr.,Fortress South Park,Land Sharing Flat,Sale, 2250 sqft ,https://www.bdhousing.com/details/245223/2250-sqft-luxury-flat-land-sharing-sale-bashundhara
"Security,Lift,WASA connection,Self Water supply,Hot water and heating,Electricity,Generator,Telephone line,Solar panels,Servent Room,Servent Toilet",03,03,"
                Semi-Furnished        ","Agargaon , Dhaka",Parking 1,Call for price,Bastu Shaily Tower,Apartment/Flats,Sale, 1420 sqft ,https://www.bdhousing.com/details/243716/upcoming-apartment-flats-sale-agargaon
"Eid congregation place,Mosque,Graveyard,Play Ground,Security,Lakes,Parks,School,College,Universities,Hospital,Bazaar,Gas,Water Supply,Fire Services,Civil Defense,Police Box,Post Office,Banks",,,,"Shewrapara , Dhaka",,75.00 Lac,Mohazan Properties Ltd,Residential Plot,Sale, 3 Katha ,https://www.bdhousing.com/details/245759/3-katha-ready-residential-plot-sale-shewrapara
,,,,"Bashundhara R/A , Dhaka",,Call for price,"Ready Plot Sale at Bashundhara R/A, N Extension Block.",Residential Plot,Sale, 10 Katha ,https://www.bdhousing.com/details/245766/ready-residential-plot-sale-bashundhara
"Mosque/Prayer Room,Security,Lift,Fire exit,WASA connection,Self Water supply,Hot water and heating,Cylinder Gas,Electricity,Generator,Telephone line,Inter com,CCTV,Wi-Fi connectivity,Security Alarm System,Satellite or cable TV,Electronic security,Pool,Gymnasium,Garden,Solar panels,Guest Parking,Servent Room,Servent Toilet,Fire Protection",03,03,"
                Furnished        ","Wari , Dhaka",Parking 1,Call for price,Madina Sahera Garden,Apartment/Flats,Sale, 1334 sqft ,https://www.bdhousing.com/details/245184/1334-sqft-3-beds-ready-apartment-flats-for-sale-at-wari
"Mosque/Prayer Room,Security,Lift,Fire exit,WASA connection,Self Water supply,Hot water and heating,Gas Connection,Cylinder Gas,Electricity,Generator,Telephone line,Inter com,CCTV,Wi-Fi connectivity,Security Alarm System,Satellite or cable TV,Electronic security,Pool,Gymnasium,Garden,Solar panels,Guest Parking,Servent Room,Servent Toilet,Fire Protection",03,03,"
                Unfurnished        ","Bashundhara R/A , Dhaka",Parking 1,BDT 1.10 Cr.,South Breeze,Apartment/Flats,Sale, 1455 sqft ,https://www.bdhousing.com/details/243515/1455-sqft-3-beds-upcoming-apartment-flats-for-sale-at-bashundhara-r-a
"Mosque/Prayer Room,Security,Lift,Fire exit,WASA connection,Self Water supply,Hot water and heating,Cylinder Gas,Electricity,Generator,Telephone line,Inter com,CCTV,Wi-Fi connectivity,Security Alarm System,Satellite or cable TV,Electronic security,Gymnasium,Garden,Solar panels,Guest Parking,Servent Room,Servent Toilet,Fire Protection",04,04,"
                Unfurnished        ","Bashundhara R/A , Dhaka",Parking 1,Call for price,KHL Mehrima,Apartment/Flats,Sale, 2197 sqft ,https://www.bdhousing.com/details/245350/4-beds-ready-apartment-flats-sale-bashundhara
"Mosque/Prayer Room,Security,Lift,Fire exit,WASA connection,Self Water supply,Hot water and heating,Gas Connection,Cylinder Gas,Electricity,Generator,Telephone line,Inter com,CCTV,Wi-Fi connectivity,Security Alarm System,Satellite or cable TV,Electronic security,Pool,Gymnasium,Garden,Solar panels,Guest Parking,Servent Room,Servent Toilet,Fire Protection",04,03,"
                Furnished        ","Mirpur 6 , Dhaka",Parking 1,BDT 1.50 Cr.,Mohazan properties Ltd,Apartment/Flats,Sale, 1920 sqft ,https://www.bdhousing.com/details/245652/1920-sqft-3-beds-ready-apartment-flats-for-sale-at-mirpur-6
"Mosque/Prayer Room,Security,Lift,Fire exit,WASA connection,Self Water supply,Hot water and heating,Cylinder Gas,Electricity,Generator,Telephone line,Inter com,CCTV,Wi-Fi connectivity,Security Alarm System,Satellite or cable TV,Electronic security,Gymnasium,Garden,Solar panels,Guest Parking,Servent Room,Servent Toilet,Fire Protection",05,04,"
                Unfurnished        ","Bashundhara R/A , Dhaka",Parking 1,BDT 2.69 Cr.,KHL Laboni's Dream,Apartment/Flats,Sale, 2197 sqft ,https://www.bdhousing.com/details/245272/4-beds-under-apartment-flats-sale-bashundhara
"Mosque/Prayer Room,Security,Lift,Fire exit,WASA connection,Self Water supply,Hot water and heating,Gas Connection,Cylinder Gas,Electricity,Generator,Telephone line,Inter com,CCTV,Wi-Fi connectivity,Security Alarm System,Satellite or cable TV,Electronic security,Pool,Gymnasium,Garden,Solar panels,Guest Parking,Servent Room,Servent Toilet,Fire Protection",04,05,"
                Furnished        ","Dhanmondi , Dhaka",Parking 1,Call for price,Navana Blooming Dale,Apartment/Flats,Sale, 2521 sqft ,https://www.bdhousing.com/details/230642/2521-sqft-5-beds-under-construction-flat-for-sale-at-dhanmondi
"Mosque/Prayer Room,Security,Lift,Fire exit,WASA connection,Self Water supply,Gas Connection,Cylinder Gas,Electricity,Generator,Telephone line,Inter com,CCTV,Wi-Fi connectivity,Security Alarm System,Satellite or cable TV,Electronic security,Gymnasium,Solar panels,Guest Parking,Servent Room,Servent Toilet,Fire Protection",03,03,"
                Unfurnished        ","Kalshi , Dhaka",Parking 1,Call for price,Lake Imperial Tower,Land Sharing Flat,Sale, 1254 sqft ,https://www.bdhousing.com/details/245620/3-beds-land-sharing-flat-sale-kalshi
,03,03,"
                Unfurnished        ","Savar , Dhaka",No Parking,Call for price,GREENWOOD South Castle,Apartment/Flats,Sale, 1325 sqft ,https://www.bdhousing.com/details/244574/2700-sqft-4-beds-under-construction-apartment-flats-for-sale-at-savar
"Mosque/Prayer Room,Security,Lift,Fire exit,WASA connection,Self Water supply,Hot water and heating,Gas Connection,Cylinder Gas,Electricity,Generator,Telephone line,Inter com,CCTV,Wi-Fi connectivity,Security Alarm System,Satellite or cable TV,Electronic security,Pool,Gymnasium,Garden,Solar panels,Guest Parking,Servent Room,Servent Toilet,Fire Protection",04,04,"
                Unfurnished        ","Bashundhara R/A , Dhaka",Parking 1,BDT 93.24 Lac,Fortress Tuberose,Land Sharing Flat,Sale, 2050 sqft ,https://www.bdhousing.com/details/245163/2050-sqft-4-beds-flats-sale-bashundhara
"Security,Lift,Fire exit,WASA connection,Self Water supply,Gas Connection,Electricity,Generator,Telephone line,Inter com,CCTV,Security Alarm System,Electronic security,Servent Room,Servent Toilet,Fire Protection",04,03,"
                Unfurnished        ","Badda , Dhaka",Parking 1,Call for price,Kazi Kuthi,Apartment/Flats,Sale, 1340 sqft ,https://www.bdhousing.com/details/245435/3-beds-apartment-flats-sale-badda
"Security,Lift,Fire exit,WASA connection,Self Water supply,Hot water and heating,Gas Connection,Cylinder Gas,Electricity,Generator,Telephone line,Inter com,CCTV,Wi-Fi connectivity,Security Alarm System,Satellite or cable TV,Electronic security,Pool,Garden,Solar panels,Guest Parking,Servent Room,Servent Toilet,Fire Protection",04,04,,"Adabor , Dhaka",Parking 1,BDT 1.10 Cr.,LUCKY RIMJHIM,Apartment/Flats,Sale, 1700 sqft ,https://www.bdhousing.com/details/243795/4-beds-under-construction-apartment-flats-sale-adabor
"Eid congregation place,Mosque,Graveyard,Play Ground,Security,Lakes,Parks,School,College,Universities,Hospital,Bazaar,Gas,Water Supply,Fire Services,Civil Defense,Police Box,Post Office,Banks",,,,"Keraniganj , Dhaka",,11.00 Lac,Modhu City  - 3,Residential Plot,Sale, 3 Katha ,https://www.bdhousing.com/details/244328/%E0%A7%AC%E0%A7%A6-%E0%A6%B8%E0%A6%B9%E0%A6%9C-%E0%A6%95-%E0%A6%B8-%E0%A6%A4-%E0%A6%A4-%E0%A6%B8-%E0%A6%A8-%E0%A6%B6-%E0%A6%9A-%E0%A6%A4-%E0%A6%AA-%E0%A6%B2%E0%A6%9F-%E0%A6%AC-%E0%A6%A8-%E0%A7%9F-%E0%A6%97-%E0%A6%95%E0%A6%B0-%E0%A6%A8
"Eid congregation place,Mosque,Graveyard,Play Ground,Security,Lakes,Parks,School,College,Universities,Hospital,Bazaar,Water Supply,Fire Services,Civil Defense,Police Box,Post Office,Banks",,,,"Mohammadpur , Dhaka",,33.00 Lac,Modhucity,Residential Plot,Sale, 3 Katha ,https://www.bdhousing.com/details/245779/ready-residential-plot-sale-mohammadpur
"Eid congregation place,Mosque,Graveyard,Play Ground,Security,Lakes,Parks,School,College,Universities,Hospital,Bazaar,Gas,Water Supply,Fire Services,Civil Defense,Police Box,Post Office,Banks",,,,"Keraniganj , Dhaka",,13.00 Lac,Modhu city,Residential Plot,Sale, 3 Katha ,https://www.bdhousing.com/details/244784/3-katha-residential-plot-sale-keraniganj-modhu-city
"Mosque/Prayer Room,Security,Lift,Fire exit,WASA connection,Self Water supply,Hot water and heating,Gas Connection,Cylinder Gas,Electricity,Generator,Telephone line,Inter com,CCTV,Wi-Fi connectivity,Security Alarm System,Satellite or cable TV,Electronic security,Pool,Gymnasium,Garden,Solar panels,Guest Parking,Servent Room,Servent Toilet,Fire Protection",,,,"Banani , Dhaka",,Call for price,Navana Jalil De Riviera,Apartment/Flats,Sale, 1928 sqft ,https://www.bdhousing.com/details/233113/1928-sqft-3-beds-ready-apartment-for-sale-at-banani
"Eid congregation place,Mosque,Graveyard,Play Ground,Security,Lakes,Parks,School,College,Universities,Hospital,Bazaar,Gas,Water Supply,Fire Services,Civil Defense,Police Box,Post Office,Banks",,,,"Keraniganj , Dhaka",,12.50 Lac,Modhu City  -  3,Residential Plot,Sale, 5 Katha ,https://www.bdhousing.com/details/244329/5-katha-upcoming-residential-plot-for-sale-at-keraniganj
"Mosque/Prayer Room,Security,Lift,Fire exit,WASA connection,Self Water supply,Hot water and heating,Gas Connection,Cylinder Gas,Electricity,Generator,Telephone line,Inter com,CCTV,Wi-Fi connectivity,Security Alarm System,Satellite or cable TV,Electronic security,Pool,Gymnasium,Garden,Solar panels,Guest Parking,Servent Room,Servent Toilet,Fire Protection",03,03,"
                Furnished        ","Baridhara , Dhaka",Parking 1,Call for price,Navana Mashiat,Apartment/Flats,Sale, 2795 sqft ,https://www.bdhousing.com/details/230617/2795-sqft-3-beds-under-construction-flat-for-sale-at-baridhara
"Security,Lift,WASA connection,Hot water and heating,Cylinder Gas,Electricity,Generator,Inter com,CCTV,Wi-Fi connectivity,Satellite or cable TV,Solar panels",03,03,"
                Unfurnished        ","Banasree , Dhaka",Parking 4,BDT 46.80 Lac,Spiral Bankers Tower,Apartment/Flats,Sale, 1170 sqft ,https://www.bdhousing.com/details/243646/1170-sft-3-bed-ongoing-apartment-at-banasree
"Mosque/Prayer Room,Security,Lift,Fire exit,WASA connection,Self Water supply,Hot water and heating,Gas Connection,Cylinder Gas,Electricity,Generator,Telephone line,Inter com,CCTV,Wi-Fi connectivity,Security Alarm System,Satellite or cable TV,Electronic security,Pool,Gymnasium,Garden,Solar panels,Guest Parking,Servent Room,Servent Toilet,Fire Protection",01,01,,"Gollamari , Khulna",,BDT 70.00 Lac,test,Apartment/Flats,Sale, 1400 sqft ,https://www.bdhousing.com/details/244442/1400-sqft-1-bed-ready-apartment-flats-for-sale-at-gollamari
"Security,Lift,Fire exit,WASA connection,Hot water and heating,Gas Connection,Electricity,Generator,Inter com,CCTV,Security Alarm System,Fire Protection",03,03,"
                Furnished        ","Khulshi , Chittagong",Parking 1,BDT 62.17 Lac,Khulshi neer flats,Apartment/Flats,Sale, 1535 sqft ,https://www.bdhousing.com/details/244131/1535-sqft-3-beds-ready-apartment-flats-for-sale-at-khulshi
,,,,"Gollamari , Khulna",,5.10 Lac,একক মালিকানাধীন নির্ভেজাল জমি জরূরী বিক্রয়,Residential Plot,Sale, 9 Katha ,https://www.bdhousing.com/details/244303/9-katha-ready-residential-plot-for-sale-at-gollamari
"Eid congregation place,Mosque,Graveyard,Play Ground,Security,Lakes,Parks,School,College,Universities,Hospital,Bazaar,Gas,Water Supply,Fire Services,Civil Defense,Police Box,Post Office,Banks",,,,"Sonadanga , Khulna",,Call for price,2.25 Sotok Fresh Land for Residential Plot,Residential Plot,Sale, 3 Katha ,https://www.bdhousing.com/details/245386/3-katha-ready-residential-plot-sale-sonadanga
"Eid congregation place,Mosque,Play Ground,Lakes,Parks,School,Universities,Hospital,Bazaar,Water Supply,Post Office,Banks",,,,"Khan Jahan Ali , Khulna",,4.60 Lac,Sabbir,Commercial Plot,Sale, 7 Katha ,https://www.bdhousing.com/details/244694/7-katha-used-commercial-plot-sale-khan-jahan-ali
"Lakes,School,Bazaar,Post Office,Banks",,,,"Khan Jahan Ali , Khulna",,8.50 Lac,১০ কাঠা নিষ্কন্টক ও নির্ভেজাল জমি/বাড়ি বিক্রি হবে,Residential Plot,Sale, 10 Katha ,https://www.bdhousing.com/details/244882/10-katha-ready-residential-plot-sale-banikpara-daulatpur-khulna
"Mosque/Prayer Room,Security,Lift,Fire exit,WASA connection,Self Water supply,Hot water and heating,Gas Connection,Cylinder Gas,Electricity,Generator,Telephone line,Inter com,CCTV,Wi-Fi connectivity,Security Alarm System,Satellite or cable TV,Electronic security,Pool,Gymnasium,Garden,Solar panels,Guest Parking,Fire Protection",,,,"Agrabad , Chittagong",,Call for price,Tower-71,Showroom/Shop/Restaurant,Sale, 3599 sqft ,https://www.bdhousing.com/details/240216/3399-sqft-ready-showroom-shop-restaurant-for-sale-at-agrabad
,,,,"Sonadanga , Khulna",,30.00 Lac,Own,Residential Plot,Sale, 2 Katha ,https://www.bdhousing.com/details/244522/1-5-katha-ready-residential-plot-for-sale-at-sonadanga
"Mosque/Prayer Room,Security,Lift,Fire exit,Self Water supply,Hot water and heating,Cylinder Gas,Electricity,Generator,Telephone line,Inter com,CCTV,Wi-Fi connectivity,Security Alarm System,Satellite or cable TV,Guest Parking,Servent Room,Servent Toilet,Fire Protection",02,03,"
        N/A","Puran Bogra , Bogra",Parking 1,Call for price,Dream Land,Land Sharing Flat,Sale, 1050 sqft ,https://www.bdhousing.com/details/244201/1050-sqft-3-beds-almost-ready-land-sharing-flat-for-sale-at-puran-bogra
"Mosque,School,Bazaar,Post Office,Banks",,,,"Narayangonj Sadar , Narayanganj",,9.50 Lac,LAND,Residential Plot,Sale, 20 Katha ,https://www.bdhousing.com/details/245299/20-katha-ready-residential-plot-sale-narayangonj-sadar
"Lakes,Bazaar,Gas,Water Supply,Police Box,Post Office,Banks",,,,"sadar , Mymensingh",,Call for price,Industrial Land for sale,Agriculture/Farm Land,Sale, 30000 Katha ,https://www.bdhousing.com/details/244132/1500-bigha-ready-industrial-agricultural-land-for-sale-at-sadar
"Eid congregation place,Mosque,Graveyard,Play Ground,Security,Lakes,Parks,School,College,Universities,Hospital,Bazaar,Gas,Water Supply,Fire Services,Civil Defense,Police Box,Post Office,Banks",,,,"Narayangonj Sadar , Narayanganj",,Call for price,Probashi Palli Group,Residential Plot,Sale, 5 Katha ,https://www.bdhousing.com/details/233695/3-katha-under-development-residential-plot-for-sale-at
"Eid congregation place,Mosque,Graveyard,Play Ground,Security,Lakes,Parks,School,College,Universities,Hospital,Bazaar,Gas,Water Supply,Fire Services,Civil Defense,Police Box,Post Office,Banks",,,,"Narayangonj Sadar , Narayanganj",,Call for price,Land,Residential Plot,Sale, 15 Katha ,https://www.bdhousing.com/details/243695/15%20katha%20%20Narayangonj%20Sadar%20-%20Land
,,,,"Comilla Cantonment , Comilla",,33.00 Lac,অশোকতলা।,Residential Plot,Sale, 7 Katha ,https://www.bdhousing.com/details/244970/%E0%A6%85%E0%A6%B6-%E0%A6%95%E0%A6%A4%E0%A6%B2-%E0%A6%AF-7-27-%E0%A6%95-%E0%A6%A0-%E0%A6%9C%E0%A6%AE-%E0%A6%B0-%E0%A6%AE-%E0%A6%B2-%E0%A6%95-%E0%A6%B0-%E0%A6%95-%E0%A6%9B-%E0%A6%A5-%E0%A6%95-%E0%A6%B8%E0%A6%B0-%E0%A6%B8%E0%A6%B0-%E0%A6%95-%E0%A6%A8-%E0%A6%A8
,,,,"sadar , Mymensingh",,Call for price,Industrial Plot,Commercial Plot,Sale, 615 Katha ,https://www.bdhousing.com/details/244891/149-katha-industrial-plot-sale-gouripur-mymensingh
"Eid congregation place,Mosque,Graveyard,Play Ground,Security,Lakes,Parks,School,College,Universities,Hospital,Bazaar,Gas,Water Supply,Fire Services,Civil Defense,Police Box,Post Office,Banks",,,,"Narayangonj Sadar , Narayanganj",,Call for price,Bestway Purbachal,Residential Plot,Sale, 4 Katha ,https://www.bdhousing.com/details/244770/4-katha-ready-residential-plot-sale-narayangonj-sadar
"Security,Fire exit,Self Water supply,Hot water and heating,Cylinder Gas,Electricity,Telephone line,CCTV,Wi-Fi connectivity,Security Alarm System,Satellite or cable TV,Guest Parking,Servent Toilet,Fire Protection",03,05,"
                Furnished        ","Comilla Cantonment , Comilla",No Parking,BDT 28.80 Lac,ABDUS SATTAR HOME,Apartment/Flats,Sale, 960 sqft ,https://www.bdhousing.com/details/243775/under-construction-apartment-flats-sale-comilla-cantonment
"Mosque/Prayer Room,Security,Lift,Fire exit,WASA connection,Hot water and heating,Gas Connection,Electricity,Generator,Satellite or cable TV,Servent Toilet",,,,"Rampura , Dhaka",,BDT 30000,Sobujbon Noor Tower,Apartment/Flats,Rent,"
        1400 sqft 
    ",https://www.bdhousing.com/details/244624/1400-sqft-3-beds-apartment-flats-rent-rampura
"Security,Lift",,,,"Agargaon , Dhaka",,BDT 1200,1 room flat,Apartment/Flats,Rent,"
        124 sqft 
    ",https://www.bdhousing.com/details/245606/2-beds-apartment-flats-rent-agargaon
"Security,Lift,Electricity,Generator,Servent Room",,,,"Khulshi , Chittagong",,BDT 32000,Last Building Habib Lane,Apartment/Flats,Rent,"
        2000 sqft 
    ",https://www.bdhousing.com/details/245688/sunny-apartment-2000-sqft-3-beds-rent-khulshi
"Mosque/Prayer Room,Security,Lift,Fire exit,WASA connection,Self Water supply,Hot water and heating,Gas Connection,Cylinder Gas,Electricity,Generator,Telephone line,Inter com,CCTV,Wi-Fi connectivity,Security Alarm System,Satellite or cable TV,Electronic security,Pool,Gymnasium,Garden,Solar panels,Guest Parking,Servent Room,Servent Toilet,Fire Protection",,,,"Mirpur 1 , Dhaka",,BDT 30000,Sheltech Bithika,Apartment/Flats,Rent,"
        1575 sqft 
    ",https://www.bdhousing.com/details/245794/1575-sqft-3-beds-apartment-flats-rent-mirpur-1
"Security,Lift,WASA connection,Gas Connection,Electricity,Generator,Guest Parking",,,,"Gohail Road , Bogra",,BDT 15000,"Abkon Tower , (এ্যবকন টাওয়ার)",Apartment/Flats,Rent,"
        1422 sqft 
    ",https://www.bdhousing.com/details/244346/3-beds-apartment-flats-for-rent-at-%E0%A6%97-%E0%A6%B9-%E0%A6%87%E0%A6%B2-%E0%A6%B0-%E0%A6%A1-gohail-road-sutrapur-bogra-abkon-tower
"Mosque/Prayer Room,Security,Lift,Fire exit,WASA connection,Gas Connection,Electricity,Generator,Telephone line,Inter com,CCTV,Wi-Fi connectivity,Satellite or cable TV,Garden",,,,"Uttara , Dhaka",,BDT 23000,SEL Taruchaya,Apartment/Flats,Rent,"
        1400 sqft 
    ",https://www.bdhousing.com/details/243987/1400-sqft-3-beds-apartment-flats-rent-uttara
"Security,Lift,Fire exit,Self Water supply,Cylinder Gas,Generator,Inter com,CCTV,Electronic security,Fire Protection",,,,"Uttara , Dhaka",,BDT 30000,Ranavola tower,Showroom/Shop/Restaurant,Rent,"
        880 sqft 
    ",https://www.bdhousing.com/details/242728/880-sqft-showroom-shop-restaurant-for-rent-at-uttara
"Security,Lift,WASA connection,Cylinder Gas,Electricity,Fire Protection",,,,"Tongi , Gazipur",,BDT 4000,Oman Tower,Sublet/Room,Rent,"
        90 sqft 
    ",https://www.bdhousing.com/details/245343/female-only-90-sqft-1-bed-sublet-room-for-rent-at-tongi
,,,,"Kolatoli , Coxs Bazar",,Call for price,Service Apartment,Apartment/Flats,Rent,"
        1350 sqft 
    ",https://www.bdhousing.com/details/245013/1350-sqft-4-beds-ready-apartment-flats-sale-kolatoli
"Mosque/Prayer Room,Security,Lift,Fire exit,WASA connection,Cylinder Gas,Electricity,Generator,Inter com,CCTV,Gymnasium,Garden,Guest Parking,Servent Room,Servent Toilet",,,,"Banasree , Dhaka",,BDT 38000,Shanta Vantage,Apartment/Flats,Rent,"
        2100 sqft 
    ",https://www.bdhousing.com/details/245468/2100-sqft-3-beds-apartment-flats-for-rent-at-banasree
"Security,Lift,Fire exit,WASA connection,Self Water supply,Cylinder Gas,Electricity,CCTV,Garden",,,,"Dakshin khan , Dhaka",,BDT 13000,FDS Tower,Apartment/Flats,Rent,"
        1200 sqft 
    ",https://www.bdhousing.com/details/245807/1200-sqft-3-beds-apartment-flats-rent-dakshin-khan
,,,,"Mirpur 14 , Dhaka",,BDT 150000,5800 sqft Commercial Space for Sale,Showroom/Shop/Restaurant,Rent,"
        5800 sqft 
    ",https://www.bdhousing.com/details/245558/5400-sqft-ready-showroom-shop-restaurant-sale-mirpur-14
"Security,Lift,WASA connection,Self Water supply,Electricity,Generator,CCTV,Security Alarm System,Fire Protection",,,,"Badda , Dhaka",,BDT 414000,AJ Heights,Office Space,Rent,"
        4600 sqft 
    ",https://www.bdhousing.com/details/241170/9000-sqft-office-space-for-rent-at-badda
"Mosque/Prayer Room,Security,Self Water supply,Cylinder Gas,Electricity,CCTV",,,,"Narayangonj Sadar , Narayanganj",,BDT 60000,হাজী আব্দুল হাই মোল্লাহ সুপার মার্কেট,Office Space,Rent,"
        3000 sqft 
    ",https://www.bdhousing.com/details/244655/3000-sqft-office-space-rent-narayangonj-sadar
"Security,Lift,Self Water supply,Cylinder Gas,Electricity,Generator,Fire Protection",,,,"sadar , Mymensingh",,BDT 297500,Aloka Nodi Bangla Complex,Showroom/Shop/Restaurant,Rent,"
        8500 sqft 
    ",https://www.bdhousing.com/details/243240/8500-sqft-showroom-shop-restaurant-for-rent-at-sadar
"Security,Self Water supply,Electricity,Telephone line,CCTV,Fire Protection",,,,"Puran Bogra , Bogra",,BDT 20000,Showroom/Shop/Restaurant for rent,Showroom/Shop/Restaurant,Rent,"
        1000 sqft 
    ",https://www.bdhousing.com/details/244702/1000-sqft-showroom-shop-restaurant-rent-puran-bogra
"Mosque/Prayer Room,Security,WASA connection,Cylinder Gas,Electricity,CCTV",,,,"Rampura , Dhaka",,BDT 18000,East Rampura New Flat rent,Apartment/Flats,Rent,"
        1130 sqft 
    ",https://www.bdhousing.com/details/243801/1130-sqft-3-beds-apartment-flats-rent-rampura
"Mosque/Prayer Room,Security,Lift,Fire exit,WASA connection,Self Water supply,Hot water and heating,Gas Connection,Cylinder Gas,Electricity,Generator,Telephone line,Inter com,CCTV,Wi-Fi connectivity,Security Alarm System,Satellite or cable TV,Electronic security,Pool,Gymnasium,Garden,Solar panels,Guest Parking,Fire Protection",,,,"Mirpur 13 , Dhaka",,BDT 30000,Flat rent @ Rakeen City Mirpur,Apartment/Flats,Rent,"
        1553 sqft 
    ",https://www.bdhousing.com/details/245539/1553-sqft-3-beds-apartment-flats-for-rent-at-mirpur-15
"Security,Lift,Fire exit,WASA connection,Self Water supply,Hot water and heating,Gas Connection,Cylinder Gas,Electricity,Generator,Telephone line,Inter com,CCTV,Security Alarm System,Electronic security,Pool,Solar panels",,,,"Shyamoli , Dhaka",,BDT 2500,SEL Anowar’s Dream,Apartment/Flats,Rent,"
        1200 sqft 
    ",https://www.bdhousing.com/details/244754/1200-sqft-3-beds-apartment-flats-rent-shyamoli
"Security,Lift,Fire exit,WASA connection,Self Water supply,Hot water and heating,Gas Connection,Cylinder Gas,Electricity,Generator,Telephone line,Inter com,CCTV,Security Alarm System,Electronic security,Solar panels,Guest Parking,Servent Toilet,Fire Protection",,,,"Motijheel , Dhaka",,BDT 18000,Flat,Apartment/Flats,Rent,"
        1200 sqft 
    ",https://www.bdhousing.com/details/243764/apartment-flats-rent-prestigious-gopibagh-area
"Security,Lift,WASA connection,Hot water and heating,Gas Connection,Electricity,Generator,Inter com,CCTV,Electronic security,Servent Room,Servent Toilet",,,,"Dhanmondi , Dhaka",,BDT 37000,Alindo,Apartment/Flats,Rent,"
        1600 sqft 
    ",https://www.bdhousing.com/details/245681/1600-sqft-3-beds-apartment-flats-rent-dhanmondi
"Security,Lift,Fire exit,WASA connection,Cylinder Gas,Electricity,Generator,Inter com,CCTV,Wi-Fi connectivity,Satellite or cable TV,Solar panels",,,,"Rayerbazar , Dhaka",,BDT 2 Mont,স্ম্রাট ভবন ২,Apartment/Flats,Rent,"
        1450 sqft 
    ",https://www.bdhousing.com/details/244726/1450-sqft-3-beds-apartment-flats-for-rent-at-rayerbazar
,,,,"Banasree , Dhaka",,BDT 468000,Alam's Villa,Showroom/Shop/Restaurant,Rent,"
        3600 sqft 
    ",https://www.bdhousing.com/details/245564/3600-sqft-showroom-shop-restaurant-for-rent-at-banasree
"Self Water supply,Electricity,CCTV",02,03,,"Gazipur Sadar , Gazipur",No Parking,Call for price,Shed house,Independent House,Sale, 0 sqft ,https://www.bdhousing.com/details/245683/3-beds-ready-independent-house-sale-gazipur-sadar
"Security,Lift,Fire exit,Cylinder Gas,Electricity,Generator,Inter com,CCTV,Wi-Fi connectivity,Security Alarm System,Electronic security,Solar panels,Fire Protection",03,03,"
                Unfurnished        ","Maijdee , Noakhali",Parking 1,Call for price,Conspert Dream,Apartment/Flats,Sale, 1350 sqft ,https://www.bdhousing.com/details/245586/1350-sqft-3-beds-apartment-flats-sale-maijdee
"Mosque/Prayer Room,Security,Lift,Fire exit,WASA connection,Self Water supply,Hot water and heating,Gas Connection,Electricity,Generator,Telephone line,Inter com,CCTV,Wi-Fi connectivity,Security Alarm System,Satellite or cable TV,Electronic security,Pool,Gymnasium,Garden,Solar panels,Guest Parking,Servent Room,Servent Toilet,Fire Protection",,,,"Uttara , Dhaka",,BDT 60000,Rupayan City Uttara,Apartment/Flats,Rent,"
        2200 sqft 
    ",https://www.bdhousing.com/details/243829/2170-sqft-4-beds-apartment-flats-for-rent-at-uttara
"Security,Lift,Fire exit,Gas Connection,Generator,Inter com,CCTV,Wi-Fi connectivity,Security Alarm System,Fire Protection",,,,"Badda , Dhaka",,BDT 12000,Bachelor House Tolet From April,Apartment/Flats,Rent,"
        1039 sqft 
    ",https://www.bdhousing.com/details/244127/1039-sqft-1-bed-apartment-flats-for-rent-at-badda
"Mosque/Prayer Room,Security,Lift,Fire exit,Self Water supply,Cylinder Gas,Electricity,Generator,Inter com,CCTV,Wi-Fi connectivity,Garden,Guest Parking,Fire Protection",03,03,"
                Unfurnished        ","Shahporan  , Sylhet",Parking 1,BDT 6.52 Cr.,Al-Salam Real Estate,Apartment/Flats,Sale, 1445 sqft ,https://www.bdhousing.com/details/245167/1445-sqft-3-beds-ready-apartment-flats-sale-shahporan
"Eid congregation place,Mosque,Play Ground,Security,Gas,Water Supply",,,,"Gazipur Sadar , Gazipur",,12.00 Lac,Niloy Residential Area,Residential Plot,Sale, 4 Katha ,https://www.bdhousing.com/details/244244/4-katha-ready-residential-plot-sale
"Eid congregation place,Mosque,Play Ground,Security,Lakes,School,College,Hospital,Bazaar,Gas,Water Supply,Fire Services,Police Box,Post Office,Banks",,,,"Gazipur Sadar , Gazipur",,7.00 Lac,Chandupara,Agriculture/Farm Land,Sale, 3 Katha ,https://www.bdhousing.com/details/244497/3-katha-used-agriculture-farm-land-sale-gazipur-sadar
"Security,Lift",03,03,"
                Unfurnished        ","Shahporan  , Sylhet",No Parking,Call for price,Khanam lodge,Apartment/Flats,Sale, 1275 sqft ,https://www.bdhousing.com/details/244011/1275-sqft-3-beds-almost-ready-apartment-flats-sale-shahporan
"Security,Lift,Fire exit,WASA connection,Gas Connection,Electricity,Generator,Telephone line,CCTV",03,03,"
                Unfurnished        ","Pahartali , Chittagong",Parking 1,BDT 49.00 Lac,TMT PIR ALI SHAH TOWER,Apartment/Flats,Sale, 1225 sqft ,https://www.bdhousing.com/details/244809/1225-sqft-3-beds-almost-ready-apartment-flats-sale-pahartali
"Security,Lift,Fire exit,WASA connection,Self Water supply,Cylinder Gas,Electricity,Generator,CCTV,Satellite or cable TV,Fire Protection",03,03,"
        N/A","Agrabad , Chittagong",No Parking,BDT 60.50 Lac,Fg.mader vila,Apartment/Flats,Sale, 1210 sqft ,https://www.bdhousing.com/details/245117/1210-sqft-3-beds-ready-apartment-flats-sale-agrabad
"Mosque/Prayer Room,Security,Lift,Self Water supply,Cylinder Gas,Electricity,CCTV,Wi-Fi connectivity,Satellite or cable TV,Garden,Solar panels,Fire Protection",02,02,"
                Unfurnished        ","Gazipur Sadar , Gazipur",No Parking,BDT 38.00 Lac,NaSha Garden,Apartment/Flats,Sale, 950 sqft ,https://www.bdhousing.com/details/245197/950-sqft-2-beds-almost-ready-apartment-flats-for-sale-at-gazipur-sadar
,03,03,"
                Unfurnished        ","Chandgaon , Chittagong",Parking 1,BDT 52.00 Lac,Land with Building,Independent House,Sale, 864 sqft ,https://www.bdhousing.com/details/243750/864-sqft-3-beds-almost-ready-independent-house-for-sale-at-chandgaon
"Mosque/Prayer Room,Security,Lift,Fire exit,WASA connection,Self Water supply,Hot water and heating,Cylinder Gas,Electricity,Generator,Telephone line,Inter com,CCTV,Wi-Fi connectivity,Security Alarm System,Satellite or cable TV,Garden,Solar panels,Fire Protection",02,02,,"Agrabad , Chittagong",Parking 1,Call for price,Ready Apartment 2/3 bed,Apartment/Flats,Sale, 1125 sqft ,https://www.bdhousing.com/details/244424/1125-sqft-2-beds-ready-apartment-flats-sale-agrabad
"Mosque/Prayer Room,Security,Lift,Fire exit,WASA connection,Self Water supply,Hot water and heating,Gas Connection,Cylinder Gas,Electricity,Generator,Telephone line,Inter com,CCTV,Wi-Fi connectivity,Security Alarm System,Satellite or cable TV,Electronic security,Pool,Gymnasium,Garden,Solar panels,Guest Parking,Servent Room,Servent Toilet,Fire Protection",03,03,"
                Unfurnished        ","Basila , Dhaka",Parking 1,BDT 46.74 Lac,Reon RPL LR Tower,Apartment/Flats,Sale, 1230 sqft ,https://www.bdhousing.com/details/244791/1230-sqft-3-beds-almost-ready-apartment-flats-sale-basila
"Mosque/Prayer Room,Security,Lift,WASA connection,Hot water and heating,Cylinder Gas,Electricity,Generator,CCTV,Fire Protection",02,03,"
                Unfurnished        ","Khulshi , Chittagong",Parking 1,Call for price,Carnation Nur Nahar Garden,Apartment/Flats,Sale, 1150 sqft ,https://www.bdhousing.com/details/244185/1150-sqft-3-beds-under-construction-apartment-flats-for-sale-at-khulshi
"Security,Lift,WASA connection,Cylinder Gas,Electricity,Generator,Inter com,CCTV,Security Alarm System,Solar panels",03,03,"
                Unfurnished        ","Banasree , Dhaka",Parking 1,Call for price,1395 sft flat at Banasree,Apartment/Flats,Sale, 1395 sqft ,https://www.bdhousing.com/details/245359/almost-ready-apartment-flats-sale-banasree
"Security,Lift,Fire exit,WASA connection,Hot water and heating,Electricity,Generator,Telephone line,Inter com,CCTV,Wi-Fi connectivity,Satellite or cable TV,Electronic security,Garden,Solar panels,Guest Parking,Fire Protection",,,,"Ukilpara , Naogaon",,Call for price,Runner Rowshanara,Apartment/Flats,Sale, 1453 sqft ,https://www.bdhousing.com/details/242475/1453-sqft-3-beds-under-construction-apartment-flats-for-sale-at-ukilpara
"Security,Lift,Fire exit,WASA connection,Gas Connection,Cylinder Gas,Electricity,Generator,Inter com,CCTV,Wi-Fi connectivity,Security Alarm System,Satellite or cable TV,Electronic security,Garden,Solar panels,Fire Protection",03,03,"
                Unfurnished        ","Mohammadpur , Dhaka",Parking 1,Call for price,Muslim Heights,Apartment/Flats,Sale, 1467 sqft ,https://www.bdhousing.com/details/244058/1467sft-flat-sale
"Eid congregation place,Mosque,Graveyard,Play Ground,Security,Lakes,Parks,School,College,Universities,Hospital,Bazaar,Gas,Water Supply,Fire Services,Civil Defense,Police Box,Post Office,Banks",,,,"Kaliakoir , Gazipur",,Call for price,Personal Land,Residential Plot,Sale, 92 Katha ,https://www.bdhousing.com/details/245791/92-katha-residential-plot-sale-kaliakoir
"Security,Lift,WASA connection,Hot water and heating,Gas Connection,Electricity",03,03,"
                Unfurnished        ","Panchlaish , Chittagong",No Parking,BDT 86.40 Lac,M.M Tower,Apartment/Flats,Sale, 1200 sqft ,https://www.bdhousing.com/details/245164/1200-sqft-3-beds-ready-apartment-flats-sale-panchlaish
"Mosque,Play Ground,Security,School,College,Universities,Hospital,Bazaar",,,,"Savar , Dhaka",,Call for price,সাভারে সেমি পাকা ৩টি ঘর সহ ২ শতাংশ নিষ্কণ্টক জমি,Residential Plot,Sale, 2 Katha ,https://www.bdhousing.com/details/245805/3-semipaka-ready-rooms-residential-plot-1-2-katha-2-decimal-for-sale-at-savar
,,,,"Lobon Chora , Khulna",,Call for price,Khulna Rupsha - Mongla Highway Property,Commercial Plot,Sale, 130 Katha ,https://www.bdhousing.com/details/244613/130-katha-ready-commercial-plot-for-sale-at-lobon-chora
"Security,Lakes",,,,"Bandar , Chittagong",,Call for price,চট্টগ্রামে একদাগে ৪৫০০ কাঠা জমি বিক্রয়,Agriculture/Farm Land,Sale, 4500 Katha ,https://www.bdhousing.com/details/244688/4500-katha-ready-agriculture-farm-land-sale-bandar
"Security,Lift,WASA connection,Self Water supply,Hot water and heating,Cylinder Gas,Electricity,Generator,Telephone line,Inter com,CCTV,Garden,Solar panels,Servent Room,Servent Toilet",04,03,"
                Unfurnished        ","Mohammadpur , Dhaka",Parking 1,BDT 75.00 Lac,Detech south breeze,Apartment/Flats,Sale, 1400 sqft ,https://www.bdhousing.com/details/245060/3-beds-almost-ready-apartment-flats-sale-mohammadpur
"Mosque/Prayer Room,Security,Lift,Fire exit,WASA connection,Self Water supply,Hot water and heating,Cylinder Gas,Electricity,Generator,Telephone line,Inter com,CCTV,Wi-Fi connectivity,Security Alarm System,Satellite or cable TV,Electronic security,Gymnasium,Garden,Solar panels,Guest Parking,Servent Room,Servent Toilet,Fire Protection",05,04,"
                Unfurnished        ","Bashundhara R/A , Dhaka",Parking 1,BDT 2.08 Cr.,KHL Bhushorgo,Apartment/Flats,Sale, 2197 sqft ,https://www.bdhousing.com/details/245257/4-beds-apartment-flats-sale-bashundhara
"Mosque/Prayer Room,Security,Lift,Fire exit,WASA connection,Electricity,Generator,Telephone line,Inter com,CCTV,Security Alarm System,Electronic security,Pool,Gymnasium,Fire Protection",,,,"Mirpur 10 , Dhaka",,Call for price,Mirpur Shopping World,Showroom/Shop/Restaurant,Sale, 150 sqft ,https://www.bdhousing.com/details/243261/300-sqft-under-construction-showroom-shop-restaurant-for-sale-at-mirpur-10
"Mosque/Prayer Room,WASA connection,Self Water supply,Gas Connection,Cylinder Gas,Electricity,Guest Parking",06,06,"
                Unfurnished        ","Mohammadpur , Dhaka",Parking 20,Call for price,A 10 Storey Tall Studio-Apartment Building,Independent House,Sale, 6753 sqft ,https://www.bdhousing.com/details/245183/sale-in-residential-mohammadpur
"Security,Lift,WASA connection,Gas Connection,Electricity,Generator,Telephone line,Inter com,Wi-Fi connectivity,Satellite or cable TV,Servent Toilet",03,03,"
                Furnished        ","Mohammadpur , Dhaka",Parking 1,Call for price,Emporium Belly,Apartment/Flats,Sale, 1250 sqft ,https://www.bdhousing.com/details/244456/1250-sqft-3-beds-ready-apartment-flats-for-sale-at-mohammadpur
"Mosque/Prayer Room,Security,Lift,Fire exit,WASA connection,Self Water supply,Hot water and heating,Gas Connection,Cylinder Gas,Electricity,Generator,Telephone line,Inter com,CCTV,Wi-Fi connectivity,Security Alarm System,Satellite or cable TV,Electronic security,Pool,Gymnasium,Garden,Solar panels,Guest Parking,Servent Room,Servent Toilet,Fire Protection",03,04,"
                Unfurnished        ","Dhanmondi , Dhaka",Parking 2,Call for price,premium apartment,Apartment/Flats,Sale, 3200 sqft ,https://www.bdhousing.com/details/243663/3200-sqft-4-beds-ready-apartment-flats-for-sale-at-dhanmondi
"Security,Lift,WASA connection,Self Water supply,Cylinder Gas,Electricity,Generator,Telephone line,Inter com,CCTV,Security Alarm System,Satellite or cable TV,Electronic security,Pool,Gymnasium,Garden,Solar panels,Guest Parking,Servent Room,Servent Toilet,Fire Protection",03,03,"
                Semi-Furnished        ","Basabo , Dhaka",Parking 1,Call for price,Madina Ashroy,Apartment/Flats,Sale, 1345 sqft ,https://www.bdhousing.com/details/245146/1345-sqft-3-beds-almost-ready-apartment-flats-for-sale-at-basabo
"Mosque/Prayer Room,Security,Lift,Fire exit,WASA connection,Hot water and heating,Gas Connection,Cylinder Gas,Electricity,Generator,Telephone line,Inter com,CCTV,Security Alarm System,Satellite or cable TV,Electronic security,Gymnasium,Garden,Solar panels,Guest Parking,Servent Room,Servent Toilet",04,04,"
                Furnished        ","Pallabi , Dhaka",Parking 1,Call for price,Hyperion Chayaneer.,Apartment/Flats,Sale, 2000 sqft ,https://www.bdhousing.com/details/242856/2000-sqft-4-beds-under-construction-apartment-flats-for-sale-at-pallabi
"Mosque,Play Ground,Security,Lakes,School,College,Universities,Hospital,Bazaar,Water Supply,Banks",,,,"Bashundhara R/A , Dhaka",,78.00 Lac,Land,Residential Plot,Sale, 5 Katha ,https://www.bdhousing.com/details/245165/5-katha-ready-residential-plot-for-sale-at-bashundhara-r-a
"Mosque/Prayer Room,Security,Lift,Fire exit,WASA connection,Self Water supply,Hot water and heating,Gas Connection,Cylinder Gas,Electricity,Generator,Telephone line,Inter com,CCTV,Wi-Fi connectivity,Security Alarm System,Satellite or cable TV,Electronic security,Pool,Gymnasium,Garden,Solar panels,Guest Parking,Servent Room,Servent Toilet,Fire Protection",03,03,,"Eskaton , Dhaka",Parking 1,Call for price,Navana Satter Garden,Apartment/Flats,Sale, 1912 sqft ,https://www.bdhousing.com/details/233109/1912-sqft-3-beds-under-construction-flats-for-sale-at-eskaton
"Eid congregation place,Mosque,Graveyard,Play Ground,Security,Lakes,Parks,School,College,Universities,Hospital,Bazaar,Gas,Water Supply,Fire Services,Civil Defense,Police Box,Post Office,Banks",,,,"Shewrapara , Dhaka",,75.00 Lac,Mohazan Properties Ltd,Residential Plot,Sale, 3 Katha ,https://www.bdhousing.com/details/245657/3-katha-used-residential-plot-for-sale-at-shewrapara
"Mosque/Prayer Room,Security,Lift,Fire exit,WASA connection,Self Water supply,Hot water and heating,Gas Connection,Cylinder Gas,Electricity,Generator,Telephone line,Inter com,CCTV,Wi-Fi connectivity,Security Alarm System,Satellite or cable TV,Electronic security,Pool,Gymnasium,Garden,Solar panels,Guest Parking,Servent Room,Servent Toilet,Fire Protection",01,01,,"Dhanmondi , Dhaka",,Call for price,famas 3,Apartment/Flats,Sale, 6660 sqft ,https://www.bdhousing.com/details/245587/6660-sqft-1-bed-under-construction-apartment-flats-for-sale-at-dhanmondi
"Mosque/Prayer Room,Security,Lift,Fire exit,WASA connection,Self Water supply,Hot water and heating,Gas Connection,Cylinder Gas,Electricity,Generator,Telephone line,Inter com,CCTV,Wi-Fi connectivity,Security Alarm System,Satellite or cable TV,Electronic security,Pool,Gymnasium,Garden,Solar panels,Guest Parking,Servent Room,Servent Toilet,Fire Protection",06,06,"
                Unfurnished        ","Mohammadpur , Dhaka",Parking 2,BDT 1.02 Cr.,Reon Aroma House,Apartment/Flats,Sale, 2310 sqft ,https://www.bdhousing.com/details/244931/2310-sqft-6-beds-under-construction-apartment-flats-for-sale-at-mohammadpur
"Security,WASA connection,Gas Connection,Electricity,CCTV,Wi-Fi connectivity,Satellite or cable TV,Electronic security,Garden,Guest Parking,Servent Toilet",02,03,"
                Semi-Furnished        ","Rupnagar , Dhaka",Parking 1,Call for price,"1200 sqft, 3 Beds Flats for Sale Mirpur (6th floor-No lift)",Apartment/Flats,Sale, 1200 sqft ,https://www.bdhousing.com/details/245331/600-sqft-2-beds-ready-apartment-flats-for-sale-at-rupnagar
"Mosque/Prayer Room,Security,Lift,Fire exit,WASA connection,Self Water supply,Hot water and heating,Gas Connection,Cylinder Gas,Electricity,Generator,Telephone line,Inter com,CCTV,Wi-Fi connectivity,Security Alarm System,Satellite or cable TV,Electronic security,Pool,Gymnasium,Garden,Solar panels,Guest Parking,Servent Room,Servent Toilet,Fire Protection",03,03,"
                Furnished        ","Pirerbag , Dhaka",No Parking,BDT 67.00 Lac,Mohazan Properties Ltd,Apartment/Flats,Sale, 1300 sqft ,https://www.bdhousing.com/details/245660/1300-sqft-3-beds-ready-apartment-flats-sale-pirerbag
"Eid congregation place,Mosque,Graveyard,Play Ground,Security,Lakes,Parks,School,College,Universities,Hospital,Bazaar,Gas,Water Supply,Fire Services,Civil Defense,Police Box,Post Office,Banks",,,,"Shewrapara , Dhaka",,75.00 Lac,Mohazan Properties Ltd,Residential Plot,Sale, 3 Katha ,https://www.bdhousing.com/details/245758/ready-residential-plot-sale-shewrapara
"Security,Lift,WASA connection,Self Water supply,Gas Connection,Electricity,Generator,Inter com,CCTV",04,03,"
                Unfurnished        ","Banani , Dhaka",Parking 1,BDT 2.95 Cr.,Nam Village-212-2755,Apartment/Flats,Sale, 2755 sqft ,https://www.bdhousing.com/details/245547/2755-sqft-3-beds-ready-apartment-flats-for-sale-at-banani
"Mosque/Prayer Room,Security,Lift,WASA connection,Hot water and heating,Cylinder Gas,Electricity,Generator,Wi-Fi connectivity,Satellite or cable TV,Garden",03,03,,"Aftab Nagar , Dhaka",Parking 1,Call for price,Nawar Snow Drop,Apartment/Flats,Sale, 1320 sqft ,https://www.bdhousing.com/details/243619/1320-sqft-3-beds-under-construction-apartment-flats-for-sale-at-aftab-nagar
"Security,Lift,Fire exit,Gas Connection,Electricity,Generator,Telephone line,Inter com,CCTV,Wi-Fi connectivity,Satellite or cable TV,Guest Parking,Servent Room,Servent Toilet,Fire Protection",06,06,,"Mohammadpur , Dhaka",,Call for price,Apartment for sale by owner at Mohammadpur.,Apartment/Flats,Sale, 4900 sqft ,https://www.bdhousing.com/details/243664/4900-sqft-6-beds-used-apartment-flats-for-sale-at-mohammadpur
"Security,Lift,WASA connection,Hot water and heating,Cylinder Gas,Electricity,Generator,Telephone line,Satellite or cable TV,Garden,Servent Room,Servent Toilet",03,03,,"Bashundhara R/A , Dhaka",Parking 3,Call for price,Spring,Apartment/Flats,Sale, 1695 sqft ,https://www.bdhousing.com/details/243194/1695-sqft-3-beds-under-construction-apartment-flats-for-sale-at-bashundhara-r-a
"Security,Lift,WASA connection,Hot water and heating,Cylinder Gas,Electricity,Generator,Telephone line,Inter com,Garden,Solar panels",03,03,"
                Unfurnished        ","Bashundhara R/A , Dhaka",Parking 1,Call for price,Nawar Fair View,Apartment/Flats,Sale, 1600 sqft ,https://www.bdhousing.com/details/244821/1600-sqft-3-beds-apartment-flats-sale-bashundhara
"Eid congregation place,Mosque,Graveyard,Play Ground,Security,Lakes,Parks,School,College,Universities,Hospital,Bazaar,Gas,Water Supply,Fire Services,Civil Defense,Police Box,Post Office,Banks",,,,"Basila , Dhaka",,15.00 Lac,Modhu City 3,Residential Plot,Sale, 5 Katha ,https://www.bdhousing.com/details/244937/5-katha-upcoming-residential-plot-sale-basila
"Mosque/Prayer Room,Security,Lift,Fire exit,WASA connection,Self Water supply,Hot water and heating,Gas Connection,Electricity,Generator,Telephone line,Inter com,CCTV,Security Alarm System,Satellite or cable TV,Electronic security,Gymnasium,Garden,Solar panels,Guest Parking,Servent Toilet",03,03,"
                Unfurnished        ","Ashkona , Dhaka",Parking 1,BDT 90.35 Lac,JBS NAZ GARDEN,Apartment/Flats,Sale, 1390 sqft ,https://www.bdhousing.com/details/242504/1370-sqft-3-beds-flats-for-sale-at-ashkona
"Mosque/Prayer Room,Security,Lift,Fire exit,WASA connection,Self Water supply,Hot water and heating,Gas Connection,Cylinder Gas,Electricity,Generator,Telephone line,Inter com,CCTV,Wi-Fi connectivity,Security Alarm System,Satellite or cable TV,Electronic security,Pool,Gymnasium,Garden,Solar panels,Guest Parking,Servent Room,Servent Toilet,Fire Protection",03,03,"
                Furnished        ","Pirerbag , Dhaka",Parking 1,BDT 74.80 Lac,Mohazan Properties Ltd,Apartment/Flats,Sale, 1300 sqft ,https://www.bdhousing.com/details/245763/ready-apartment-flats-sale-pirerbag
"Security,Lift,WASA connection,Self Water supply,Hot water and heating,Cylinder Gas,Electricity,Generator,Satellite or cable TV,Garden,Solar panels,Guest Parking,Servent Toilet",03,03,"
                Unfurnished        ","Aftab Nagar , Dhaka",Parking 1,Call for price,NPL Snow drop,Apartment/Flats,Sale, 1175 sqft ,https://www.bdhousing.com/details/243100/1320-sqft-3-beds-under-construction-apartment-flats-for-sale-at-aftab-nagar
,05,04,"
                Unfurnished        ","Savar , Dhaka",Parking 1,Call for price,GREENWOOD Raindrops,Apartment/Flats,Sale, 2700 sqft ,https://www.bdhousing.com/details/245610/2700-sqft-4-beds-apartment-flats-sale-savar
"Security,Lift,WASA connection,Self Water supply,Hot water and heating,Cylinder Gas,Electricity,Generator,Inter com,Wi-Fi connectivity,Satellite or cable TV,Electronic security,Garden,Servent Room,Servent Toilet",06,06,"
                Unfurnished        ","Bashundhara R/A , Dhaka",Parking 2,Call for price,Lake wood Moonlight,Duplex Home,Sale, 3400 sqft ,https://www.bdhousing.com/details/245278/3390-sqft-6-beds-duplex-home-sale-bashundhara
"Mosque/Prayer Room,Security,Lift,Fire exit,WASA connection,Self Water supply,Hot water and heating,Gas Connection,Cylinder Gas,Electricity,Generator,Telephone line,Inter com,CCTV,Wi-Fi connectivity,Security Alarm System,Satellite or cable TV,Electronic security,Pool,Gymnasium,Garden,Solar panels,Guest Parking,Servent Room,Servent Toilet,Fire Protection",03,03,"
                Furnished        ","Keraniganj , Dhaka",Parking 20,BDT 38.88 Lac,Omi - 2,Apartment/Flats,Sale, 1250 sqft ,https://www.bdhousing.com/details/243721/%E0%A6%AB-%E0%A6%B2-%E0%A6%AF-%E0%A6%9F-%E0%A6%89%E0%A6%A0-%E0%A6%93-%E0%A6%95-%E0%A6%B8-%E0%A6%A4-%E0%A6%9A-%E0%A6%B2-%E0%A6%A4-%E0%A6%AA-%E0%A6%B0%E0%A6%AC-%E0%A6%A8
"Security,Lift,WASA connection,Self Water supply,Hot water and heating,Cylinder Gas,Generator,Telephone line,Inter com,Satellite or cable TV,Electronic security,Garden,Servent Room,Servent Toilet",04,03,"
                Unfurnished        ","Aftab Nagar , Dhaka",Parking 1,Call for price,NPL La Mamtaj,Apartment/Flats,Sale, 2100 sqft ,https://www.bdhousing.com/details/245279/2100-sqft-3-beds-apartment-flats-sale-bashundhara
"Lift,WASA connection,Self Water supply,Hot water and heating,Gas Connection,Cylinder Gas,Electricity,Generator,Telephone line,Inter com,Wi-Fi connectivity,Satellite or cable TV,Garden,Solar panels,Guest Parking,Servent Room,Servent Toilet",06,06,"
                Unfurnished        ","Bashundhara R/A , Dhaka",Parking 2,Call for price,Moonlight,Duplex Home,Sale, 3400 sqft ,https://www.bdhousing.com/details/245322/3400-sqft-6-beds-sale-bashundhara
"Mosque/Prayer Room,Security,Lift,Fire exit,WASA connection,Self Water supply,Hot water and heating,Gas Connection,Cylinder Gas,Electricity,Generator,Telephone line,Inter com,CCTV,Wi-Fi connectivity,Solar panels,Guest Parking",02,02,,"Banasree , Dhaka",,BDT 41.25 Lac,750 sft flat,Apartment/Flats,Sale, 750 sqft ,https://www.bdhousing.com/details/244750/750-sqft-2-beds-used-apartment-flats-sale-banasree
"Security,Lift,Fire exit,WASA connection,Self Water supply,Hot water and heating,Cylinder Gas,Electricity,Generator,Telephone line,Inter com,CCTV,Wi-Fi connectivity,Satellite or cable TV,Garden,Solar panels,Servent Room,Servent Toilet",04,04,"
                Unfurnished        ","Uttara , Dhaka",Parking 1,Call for price,Anwar Landmark Akashlina,Apartment/Flats,Sale, 2110 sqft ,https://www.bdhousing.com/details/245692/2110-sqft-4-beds-under-construction-apartment-flats-for-sale-at-uttara
,,,,"Bashundhara R/A , Dhaka",,Call for price,RELIANCE SHOPNA CHURA,Apartment/Flats,Sale, 1550 sqft ,https://www.bdhousing.com/details/239796/1550-sqft-3-beds-under-construction-apartment-flats-for-sale-at-bashundhara-r-a
"Security,Lift,Fire exit,WASA connection,Self Water supply,Hot water and heating,Gas Connection,Electricity,Generator,Telephone line,Inter com,CCTV,Wi-Fi connectivity,Security Alarm System,Satellite or cable TV,Electronic security,Garden,Guest Parking,Servent Room,Servent Toilet,Fire Protection",03,03,"
        N/A","Dhour , Dhaka",Parking 1,Call for price,A.T. HEIGHTS,Apartment/Flats,Sale, 1287 sqft ,https://www.bdhousing.com/details/245519/1287-sqft-3-beds-under-construction-apartment-flats-for-sale-at-uttara
"Mosque/Prayer Room,Security,Lift,Fire exit,WASA connection,Self Water supply,Hot water and heating,Gas Connection,Cylinder Gas,Electricity,Generator,Telephone line,Inter com,CCTV,Wi-Fi connectivity,Security Alarm System,Satellite or cable TV,Electronic security,Pool,Gymnasium,Garden,Solar panels,Guest Parking,Servent Room,Servent Toilet,Fire Protection",04,05,"
                Semi-Furnished        ","Gulshan 02 , Dhaka",Parking 1,Call for price,Navana Sun Drops,Apartment/Flats,Sale, 3861 sqft ,https://www.bdhousing.com/details/230623/3861-sqft-5-beds-under-construction-flat-for-sale-at-gulshan
"Security,Lift,Fire exit,WASA connection,Self Water supply,Electricity,Generator,Telephone line,CCTV,Wi-Fi connectivity,Security Alarm System,Satellite or cable TV,Guest Parking,Servent Toilet,Fire Protection",04,04,"
                Unfurnished        ","Mohammadpur , Dhaka",Parking 1,BDT 99.75 Lac,Homes 24,Apartment/Flats,Sale, 1750 sqft ,https://www.bdhousing.com/details/243757/1750-sqft-ready-apartment-flats-sale-mohammadpur
"Mosque/Prayer Room,Security,Lift,Fire exit,WASA connection,Self Water supply,Hot water and heating,Gas Connection,Cylinder Gas,Electricity,Generator,Telephone line,Inter com,CCTV,Wi-Fi connectivity,Security Alarm System,Satellite or cable TV,Electronic security,Pool,Gymnasium,Garden,Solar panels,Guest Parking,Servent Room,Servent Toilet,Fire Protection",03,03,"
                Unfurnished        ","Bashundhara R/A , Dhaka",Parking 1,Call for price,Conspert Imperial,Land Sharing Flat,Sale, 1550 sqft ,https://www.bdhousing.com/details/245653/land-share-sale-bashundhara
"Mosque/Prayer Room,Security,Lift,Fire exit,WASA connection,Self Water supply,Hot water and heating,Cylinder Gas,Electricity,Generator,Telephone line,Inter com,CCTV,Wi-Fi connectivity,Security Alarm System,Satellite or cable TV,Electronic security,Garden,Solar panels,Servent Room,Servent Toilet,Fire Protection",04,03,"
                Furnished        ","Bashundhara R/A , Dhaka",Parking 1,BDT 1.56 Cr.,Apon Nibash,Apartment/Flats,Sale, 2075 sqft ,https://www.bdhousing.com/details/245782/3-beds-ready-apartment-flats-sale-bashundhara-
"Mosque/Prayer Room,Security,Lift,Fire exit,WASA connection,Self Water supply,Hot water and heating,Gas Connection,Cylinder Gas,Electricity,Generator,Telephone line,Inter com,CCTV,Wi-Fi connectivity,Security Alarm System,Satellite or cable TV,Electronic security,Pool,Gymnasium,Garden,Solar panels,Guest Parking,Servent Room,Servent Toilet,Fire Protection",04,03,"
                Furnished        ","Mirpur 10 , Dhaka",Parking 1,BDT 1.43 Cr.,Mohazan properties Ltd,Apartment/Flats,Sale, 1920 sqft ,https://www.bdhousing.com/details/245640/1920-sft-ready-flat-mirpur-6
"Security,Lift,WASA connection,Cylinder Gas,Electricity,Generator,Telephone line,Wi-Fi connectivity,Security Alarm System,Satellite or cable TV,Electronic security,Servent Toilet",04,03,"
                Semi-Furnished        ","Bashundhara R/A , Dhaka",Parking 1,Call for price,Lakewood Spring,Apartment/Flats,Sale, 1700 sqft ,https://www.bdhousing.com/details/245390/almost-ready-apartment-flats-sale-bashundhara
"Security,Lift,WASA connection,Self Water supply,Hot water and heating,Cylinder Gas,Electricity,Generator,Telephone line,Inter com,Satellite or cable TV,Garden",03,03,"
                Unfurnished        ","Aftab Nagar , Dhaka",Parking 1,Call for price,Nawar Snow Drop,Apartment/Flats,Sale, 1175 sqft ,https://www.bdhousing.com/details/242223/1320-sqft-3-beds-under-construction-flats-for-sale-at-aftab-nagar
"Security,Lift,Fire exit,WASA connection,Self Water supply,Hot water and heating,Gas Connection,Electricity,Generator,Telephone line,Inter com,CCTV,Security Alarm System,Satellite or cable TV,Solar panels,Guest Parking,Servent Room,Servent Toilet,Fire Protection",05,05,"
                Furnished        ","Adabor , Dhaka",Parking 2,Call for price,LUCKY ROWSHAN,Duplex Home,Sale, 2872 sqft ,https://www.bdhousing.com/details/243203/1438-sqft-3-beds-under-construction-apartment-flats-sale-adabor
"Lift,WASA connection,Self Water supply,Electricity,Generator",03,03,"
                Unfurnished        ","Mirpur 14 , Dhaka",Parking 1,BDT 0,Nil Kuthi,Apartment/Flats,Sale, 900 sqft ,https://www.bdhousing.com/details/244536/900-sqft-3-beds-ready-apartment-flats-sale
"Mosque/Prayer Room,Security,Lift,Fire exit,WASA connection,Self Water supply,Hot water and heating,Gas Connection,Cylinder Gas,Electricity,Generator,Telephone line,Inter com,CCTV,Wi-Fi connectivity,Security Alarm System,Satellite or cable TV,Electronic security,Pool,Gymnasium,Garden,Solar panels,Guest Parking,Servent Room,Servent Toilet,Fire Protection",03,03,"
                Furnished        ","Rupnagar , Dhaka",No Parking,BDT 59.24 Lac,Mohazan properties Ltd,Apartment/Flats,Sale, 1080 sqft ,https://www.bdhousing.com/details/245648/1080-sqft-3-beds-ready-apartment-sale-rupnagar
"Mosque/Prayer Room,Security,Lift,Fire exit,WASA connection,Self Water supply,Hot water and heating,Gas Connection,Cylinder Gas,Electricity,Generator,Telephone line,Inter com,CCTV,Wi-Fi connectivity,Security Alarm System,Satellite or cable TV,Electronic security,Pool,Gymnasium,Garden,Solar panels,Guest Parking,Servent Room,Servent Toilet,Fire Protection",03,03,"
                Unfurnished        ","Dakshin khan , Dhaka",Parking 1,Call for price,Almost ready flat at East Azompur,Apartment/Flats,Sale, 1450 sqft ,https://www.bdhousing.com/details/245781/3-beds-almost-ready-apartment-flats-sale-dakshin-khan
"Security,Lift,Fire exit,WASA connection,Hot water and heating,Cylinder Gas,Electricity,Generator,Telephone line,Inter com,CCTV,Satellite or cable TV,Garden,Solar panels,Fire Protection",03,03,"
                Semi-Furnished        ","Lalmatia , Dhaka",Parking 1,Call for price,Luxurious Apartment,Apartment/Flats,Sale, 1850 sqft ,https://www.bdhousing.com/details/245573/1850-sqft-3-beds-ready-apartment-flats-sale-lalmatia
"Security,Lift,WASA connection,Hot water and heating,Gas Connection,Electricity,Generator,Telephone line,CCTV,Wi-Fi connectivity,Satellite or cable TV,Servent Room,Servent Toilet,Fire Protection",04,03,"
                Unfurnished        ","Moghbazar , Dhaka",Parking 1,BDT 1.00 Cr.,attalika shiham,Apartment/Flats,Sale, 1475 sqft ,https://www.bdhousing.com/details/244654/1475-sqft-3-beds-used-apartment-flats-sale-moghbazar
,,,,"Bashundhara R/A , Dhaka",,Call for price,"South Facing Land@Bashundhara, Block-L & M.",Residential Plot,Sale, 3 Katha ,https://www.bdhousing.com/details/245336/3-katha-ready-residential-plot-sale-bashundhara
"Security,Lift,WASA connection,Hot water and heating,Cylinder Gas,Generator,Telephone line,Inter com,Garden,Guest Parking,Servent Room,Servent Toilet",04,04,"
                Unfurnished        ","Dakshin khan , Dhaka",Parking 1,Call for price,আত্মবিশ্বাসী- ৭১,Apartment/Flats,Sale, 1787 sqft ,https://www.bdhousing.com/details/245776/apartment-flats-sale-dakshin-khan
"Mosque/Prayer Room,Security,Lift,Fire exit,WASA connection,Self Water supply,Hot water and heating,Gas Connection,Electricity,Generator,Telephone line,Inter com,CCTV,Wi-Fi connectivity,Security Alarm System,Satellite or cable TV,Gymnasium,Garden,Solar panels,Guest Parking,Fire Protection",03,03,"
                Unfurnished        ","Agargaon , Dhaka",Parking 1,Call for price,Runner Story House,Apartment/Flats,Sale, 1357 sqft ,https://www.bdhousing.com/details/231100/1357-1475-sqft-3-beds-ongoing-flats-for-sale-at-agargaon
"Security,Lift,Fire exit,WASA connection,Gas Connection,Electricity,Generator,Inter com,Security Alarm System",,,,"Cornelhat , Chittagong",,BDT 20000,Building name-khulshi neer,Apartment/Flats,Rent,"
        1530 sqft 
    ",https://www.bdhousing.com/details/244014/3-beds-apartment-flats-rent-cornelhat
,,,,"Nasirbad , Chittagong",,BDT 38000,চট্টগ্রাম শপিং কমপ্লেক্সের দোকান ভাড়াI Shopping Complex Shop Rent,Showroom/Shop/Restaurant,Rent,"
        230 sqft 
    ",https://www.bdhousing.com/details/244270/showroom-shop-restaurant%20rent-nasirbad
,,,,"Gazipur Sadar , Gazipur",,BDT 80000,Iconic Villa,Showroom/Shop/Restaurant,Rent,"
        3400 sqft 
    ",https://www.bdhousing.com/details/243792/3400-sqft-departmental-shop-showroom-office-restaurant-rent-gazipur-sadar
"Security,Lift,WASA connection,Self Water supply,Hot water and heating,Cylinder Gas,Electricity,Inter com,CCTV,Wi-Fi connectivity",03,03,"
                Furnished        ","Keraniganj , Dhaka",Parking 1,BDT 24.00 Lac,Podder Nibash,Apartment/Flats,Sale, 1200 sqft ,https://www.bdhousing.com/details/244472/1200-sqft-3-beds-upcoming-apartment-flats-sale-keraniganj
"Mosque/Prayer Room,Security,WASA connection,Self Water supply,Gas Connection,Electricity,CCTV,Wi-Fi connectivity",,,,"test , Chittagong",,BDT 300000,Mehdibagh Road,Independent House,Rent,"
        12000 sqft 
    ",https://www.bdhousing.com/details/243929/12000-sqft-6-beds-independent-house-rent-test
"Fire exit,Electricity,Guest Parking",,,,"Gazipur Sadar , Gazipur",,BDT 65000,"Commercial building for rent | 8,000sqft Gazipur",Industrial Space,Rent,"
        8000 sqft 
    ",https://www.bdhousing.com/details/244737/8000-sqft-office-space-rent-gazipur-sadar
"Eid congregation place,Mosque,Graveyard,Play Ground,Security,Lakes,Parks,School,College,Universities,Hospital,Bazaar,Gas,Water Supply,Fire Services,Civil Defense,Police Box,Post Office,Banks",,,,"Gazipur Sadar , Gazipur",,Call for price,Pine city,Residential Plot,Sale, 3 Katha ,https://www.bdhousing.com/details/243668/3-katha-under-development-residential-plot-for-sale-at-gazipur-sadar
,,,,"Tongi , Gazipur",,8.28 Lac,No Name,Commercial Plot,Sale, 139 Katha ,https://www.bdhousing.com/details/244161/139-katha-commercial-plot-sale-tongi
"Mosque/Prayer Room,Security,Lift,Gas Connection,Cylinder Gas,Generator,CCTV,Garden",,,,"Agrabad , Chittagong",,BDT 154000,"Aziz Court , Agrabad",Office Space,Rent,"
        2800 sqft 
    ",https://www.bdhousing.com/details/244527/2800-sqft-office-space-rent-agrabad
,,,,"Nasirbad , Chittagong",,BDT 220000,Idris Holdings Limited,Showroom/Shop/Restaurant,Rent,"
        2000 sqft 
    ",https://www.bdhousing.com/details/245320/2000-sqft-showroom-shop-restaurant-rent-nasirbad
"Eid congregation place,Mosque,Graveyard,Play Ground,Security,Lakes,Parks,School,College,Universities,Hospital,Bazaar,Gas,Water Supply,Fire Services,Civil Defense,Police Box,Post Office,Banks",,,,"Gazipur Sadar , Gazipur",,7,Pine city,Residential Plot,Sale, 3 Katha ,https://www.bdhousing.com/details/243677/3-katha-under-development-residential-plot-for-sale-at-gazipur-sadar
"Security,Lift,WASA connection,Self Water supply,Gas Connection,Electricity,Generator,Inter com,CCTV,Servent Toilet",03,03,"
                Unfurnished        ","Bashundhara R/A , Dhaka",Parking 1,BDT 1.25 Cr.,Amicus Bliss Dale-219-1570,Apartment/Flats,Sale, 1570 sqft ,https://www.bdhousing.com/details/245722/1570-sqft-3-beds-ready-apartment-sale-bashundhara
"Gas,Water Supply",,,,"Gazipur Sadar , Gazipur",,Call for price,47 Katha Land in Gazipur,Commercial Plot,Sale, 47 Katha ,https://www.bdhousing.com/details/245268/47-katha-ready-commercial-plot-sale-gazipur-sadar
,,,,"Shahporan  , Sylhet",,4.00 Lac,Shohid Cornel M.R Housing,Residential Plot,Sale, 10 Katha ,https://www.bdhousing.com/details/245227/10-katha-ready-residential-plot-sale-bateshwar
"Eid congregation place,Mosque,Graveyard,Play Ground,Security,Lakes,Parks,School,College,Universities,Hospital,Bazaar,Gas,Water Supply,Fire Services,Civil Defense,Police Box,Post Office,Banks",,,,"Gazipur Sadar , Gazipur",,12.00 Lac,Land Sale,Residential Plot,Sale, 51 Katha ,https://www.bdhousing.com/details/244716/51-katha-ready-residential-plot-sale-gazipur-sadar
"Mosque/Prayer Room,Security,Lift,Fire exit,WASA connection,Self Water supply,Hot water and heating,Gas Connection,Electricity,Generator,Telephone line,Inter com,CCTV,Wi-Fi connectivity,Security Alarm System,Satellite or cable TV,Electronic security,Pool,Gymnasium,Garden,Solar panels,Guest Parking,Fire Protection",,,,"Gulshan 02 , Dhaka",,BDT 825000,Commercial space for rent.,Showroom/Shop/Restaurant,Rent,"
        3300 sqft 
    ",https://www.bdhousing.com/details/244668/3300-sqft-showroom-shop-restaurant-rent-gulshan-02
"Mosque,Play Ground,School,Bazaar",,,,"Gazipur Sadar , Gazipur",,10.00 Lac,এখনই বসবাসের উপযোগী ৩ কাঠা উচু জমি। সামনেই ১০ ফিট রাস্তা। নিসকন্টক।,Residential Plot,Sale, 3 Katha ,https://www.bdhousing.com/details/245804/3-katha-ready-residential-plot-for-sale-at-gazipur-sadar
"Security,Self Water supply,Cylinder Gas,Electricity,Generator,Security Alarm System,Garden,Guest Parking,Servent Room,Servent Toilet",06,04,"
                Furnished        ","Gazipur Sadar , Gazipur",Parking 20,BDT 8.09 Cr.,"Village- rouna , union - Durgapur, kapasia, Gazipur.",Duplex Home,Sale, 490000 sqft ,https://www.bdhousing.com/details/244188/490000-sqft-4-beds-ready-duplex-home-for-sale-at-gazipur-sadar
"Mosque/Prayer Room,Security,Lift,Fire exit,WASA connection,Self Water supply,Hot water and heating,Gas Connection,Electricity,Generator,Telephone line,Inter com,CCTV,Garden,Solar panels,Fire Protection",,,,"Mirpur 12 , Dhaka",,BDT 25000,Assure Wisteria,Apartment/Flats,Rent,"
        1340 sqft 
    ",https://www.bdhousing.com/details/244724/assure-wisteria-1340-square-feet
"Mosque/Prayer Room,Security,Lift,Fire exit,WASA connection,Self Water supply,Electricity,Generator,Telephone line,Inter com,CCTV,Wi-Fi connectivity,Satellite or cable TV,Pool,Gymnasium,Garden,Guest Parking,Fire Protection",02,03,"
                Semi-Furnished        ","Gazipur Sadar , Gazipur",Parking 1,BDT 39.45 Lac,Krishibid Bhawal City,Apartment/Flats,Sale, 1035 sqft ,https://www.bdhousing.com/details/244071/1035-sqft-3-beds-under-construction-apartment-flats-for-sale-at-gazipur-sadar
,,,,"Agrabad , Chittagong",,BDT 40000,NA,Industrial Space,Rent,"
        2000 sqft 
    ",https://www.bdhousing.com/details/245488/space-floors-for-rent
"Eid congregation place,Mosque,Graveyard,Play Ground,Security,Lakes,Parks,School,College,Universities,Hospital,Bazaar,Gas,Water Supply,Fire Services,Civil Defense,Police Box,Post Office,Banks",,,,"Gazipur Sadar , Gazipur",,Call for price,"50 Bigha Industrial Land Sale @ Pubail, Gazipur.",Agriculture/Farm Land,Sale, 1000 Katha ,https://www.bdhousing.com/details/244862/1000-katha-ready-agriculture-farm-land-sale-gazipur-sadar
"Eid congregation place,Mosque,Graveyard,Play Ground,Security,Lakes,Parks,School,College,Universities,Hospital,Bazaar,Gas,Water Supply,Fire Services,Civil Defense,Police Box,Post Office",,,,"Terokhadia , Rajshahi",,Call for price,Uttorayon Amana City,Residential Plot,Sale, 3 Katha ,https://www.bdhousing.com/details/245194/3-5-7-5-10-katha-under-development-residential-plot-for-sale-at-uttorayon-amana-city
"Self Water supply,Cylinder Gas,Wi-Fi connectivity,Garden,Guest Parking,Servent Room,Servent Toilet",04,04,"
                Furnished        ","Mithapukur , Rangpur",Parking 1,BDT 48.50 Lac,Ready duplex residential house near swapnopuri,Duplex Home,Sale, 1950 sqft ,https://www.bdhousing.com/details/243654/1950-sqft-4-beds-ready-duplex-home-for-sale-at-mithapukur
,,,,"Mohanonda Residential Area , Rajshahi",,Call for price,কবির বিল্ডার্স,Residential Plot,Sale, 2 Katha ,https://www.bdhousing.com/details/244423/2-katha-ready-residential-plot-sale-mohanonda-residential-area
"Security,Self Water supply,Cylinder Gas,Electricity,CCTV,Wi-Fi connectivity,Garden,Guest Parking,Servent Room,Servent Toilet",04,04,"
                Furnished        ","Mithapukur , Rangpur",Parking 1,Call for price,Duplex Residential House,Duplex Home,Sale, 1950 sqft ,https://www.bdhousing.com/details/243653/1950-sqft-4-beds-ready-duplex-home-for-sale
