price,currency,area[sqft],num_bed_rooms,building_nature,city
320000000.0,BDT,12000 ,5 ,Residential,Dhaka
157500000.0,BDT,6300 ,4 ,Residential,Dhaka
150000000.0,BDT,7604 ,6 ,Residential,Dhaka
120000000.0,BDT,6500 ,4 ,Residential,Dhaka
110000000.0,BDT,3600 ,8 ,Residential,Dhaka
77000000.0,BDT,3600 ,3 ,Residential,Dhaka
75000000.0,BDT,3612 ,4 ,Residential,Dhaka
75000000.0,BDT,3612 ,4 ,Residential,Dhaka
75000000.0,BDT,3612 ,4 ,Residential,Dhaka
75000000.0,BDT,3612 ,4 ,Residential,Dhaka
75000000.0,BDT,3612 ,4 ,Residential,Dhaka
75000000.0,BDT,3612 ,4 ,Residential,Dhaka
73500000.0,BDT,4100 ,5 ,Residential,Dhaka
72000000.0,BDT,4104 ,4 ,Residential,Dhaka
66000000.0,BDT,4735 ,3 ,Residential,Dhaka
65500000.0,BDT,3183 ,3 ,Residential,Dhaka
65000000.0,BDT,3500 ,3 ,Residential,Dhaka
65000000.0,BDT,3250 ,4 ,Residential,Dhaka
65000000.0,BDT,3462 ,4 ,Residential,Dhaka
65000000.0,BDT,3360 ,3 ,Residential,Dhaka
65000000.0,BDT,2405 ,3 ,Residential,Dhaka
65000000.0,BDT,2405 ,3 ,Residential,Dhaka
65000000.0,BDT,2405 ,3 ,Residential,Dhaka
65000000.0,BDT,2405 ,3 ,Residential,Dhaka
65000000.0,BDT,2405 ,3 ,Residential,Dhaka
65000000.0,BDT,3500 ,4 ,Residential,Dhaka
65000000.0,BDT,3450 ,4 ,Residential,Dhaka
64500000.0,BDT,3183 ,3 ,Residential,Dhaka
61600000.0,BDT,5148 ,6 ,Residential,Dhaka
61000000.0,BDT,3120 ,4 ,Residential,Dhaka
60000000.0,BDT,3150 ,4 ,Residential,Dhaka
60000000.0,BDT,2650 ,4 ,Residential,Dhaka
60000000.0,BDT,3300 ,4 ,Residential,Dhaka
60000000.0,BDT,3363 ,4 ,Residential,Dhaka
60000000.0,BDT,3165 ,3 ,Residential,Dhaka
59000000.0,BDT,6800 ,5 ,Residential,Dhaka
55000000.0,BDT,3040 ,3 ,Residential,Dhaka
54000000.0,BDT,2788 ,3 ,Residential,Dhaka
54000000.0,BDT,2788 ,3 ,Residential,Dhaka
54000000.0,BDT,3000 ,4 ,Residential,Dhaka
52000000.0,BDT,3470 ,4 ,Residential,Dhaka
51000000.0,BDT,2881 ,3 ,Residential,Dhaka
50000000.0,BDT,2750 ,4 ,Residential,Dhaka
50000000.0,BDT,2400 ,4 ,Residential,Dhaka
50000000.0,BDT,2400 ,4 ,Residential,Dhaka
50000000.0,BDT,2400 ,4 ,Residential,Dhaka
50000000.0,BDT,2602 ,3 ,Residential,Dhaka
50000000.0,BDT,2500 ,4 ,Residential,Dhaka
50000000.0,BDT,2300 ,4 ,Residential,Dhaka
50000000.0,BDT,3500 ,4 ,Residential,Dhaka
50000000.0,BDT,2750 ,4 ,Residential,Dhaka
50000000.0,BDT,2900 ,4 ,Residential,Dhaka
50000000.0,BDT,3109 ,4 ,Residential,Dhaka
50000000.0,BDT,3000 ,4 ,Residential,Dhaka
50000000.0,BDT,3000 ,4 ,Residential,Dhaka
50000000.0,BDT,3200 ,4 ,Residential,Dhaka
48000000.0,BDT,2720 ,4 ,Residential,Dhaka
48000000.0,BDT,2800 ,4 ,Residential,Dhaka
47000000.0,BDT,3044 ,3 ,Residential,Dhaka
46500000.0,BDT,4200 ,4 ,Residential,Dhaka
46500000.0,BDT,4200 ,4 ,Residential,Dhaka
46500000.0,BDT,4200 ,4 ,Residential,Dhaka
46500000.0,BDT,4200 ,4 ,Residential,Dhaka
46000000.0,BDT,2930 ,3 ,Residential,Dhaka
46000000.0,BDT,2930 ,3 ,Residential,Dhaka
46000000.0,BDT,2850 ,3 ,Residential,Dhaka
46000000.0,BDT,2080 ,3 ,Residential,Dhaka
46000000.0,BDT,2930 ,3 ,Residential,Dhaka
45000000.0,BDT,2700 ,3 ,Residential,Dhaka
45000000.0,BDT,3000 ,4 ,Residential,Dhaka
45000000.0,BDT,3060 ,3 ,Residential,Dhaka
45000000.0,BDT,3060 ,3 ,Residential,Dhaka
45000000.0,BDT,3060 ,3 ,Residential,Dhaka
45000000.0,BDT,3500 ,4 ,Residential,Dhaka
45000000.0,BDT,2645 ,4 ,Residential,Dhaka
45000000.0,BDT,2092 ,3 ,Residential,Dhaka
45000000.0,BDT,2469 ,3 ,Residential,Dhaka
45000000.0,BDT,2700 ,3 ,Residential,Dhaka
45000000.0,BDT,2600 ,4 ,Residential,Dhaka
45000000.0,BDT,2500 ,4 ,Residential,Dhaka
45000000.0,BDT,2810 ,3 ,Residential,Dhaka
45000000.0,BDT,2600 ,4 ,Residential,Dhaka
45000000.0,BDT,1850 ,3 ,Residential,Dhaka
45000000.0,BDT,2778 ,3 ,Residential,Dhaka
45000000.0,BDT,2230 ,3 ,Residential,Dhaka
45000000.0,BDT,2700 ,4 ,Residential,Dhaka
45000000.0,BDT,2428 ,4 ,Residential,Dhaka
45000000.0,BDT,3300 ,4 ,Residential,Dhaka
45000000.0,BDT,2600 ,4 ,Residential,Dhaka
45000000.0,BDT,3229 ,4 ,Residential,Dhaka
45000000.0,BDT,2500 ,4 ,Residential,Dhaka
45000000.0,BDT,2600 ,3 ,Residential,Dhaka
45000000.0,BDT,2600 ,3 ,Residential,Dhaka
45000000.0,BDT,2835 ,3 ,Residential,Dhaka
45000000.0,BDT,2430 ,4 ,Residential,Dhaka
45000000.0,BDT,2650 ,4 ,Residential,Dhaka
45000000.0,BDT,2650 ,4 ,Residential,Dhaka
45000000.0,BDT,2387 ,3 ,Residential,Dhaka
44100000.0,BDT,2450 ,4 ,Residential,Dhaka
43000000.0,BDT,2405 ,3 ,Residential,Dhaka
43000000.0,BDT,3150 ,4 ,Residential,Dhaka
42775999.99999999,BDT,2636 ,3 ,Residential,Dhaka
42088000.0,BDT,2593 ,3 ,Residential,Dhaka
41000000.0,BDT,2982 ,4 ,Residential,Dhaka
40599999.99999999,BDT,2474 ,3 ,Residential,Dhaka
40500000.0,BDT,2835 ,3 ,Residential,Dhaka
40000000.0,BDT,2700 ,3 ,Residential,Dhaka
40000000.0,BDT,2500 ,4 ,Residential,Dhaka
40000000.0,BDT,2675 ,3 ,Residential,Dhaka
40000000.0,BDT,2200 ,3 ,Residential,Dhaka
40000000.0,BDT,2602 ,4 ,Residential,Dhaka
40000000.0,BDT,2400 ,3 ,Residential,Dhaka
40000000.0,BDT,2550 ,4 ,Residential,Dhaka
40000000.0,BDT,1800 ,3 ,Residential,Dhaka
40000000.0,BDT,1800 ,3 ,Residential,Dhaka
40000000.0,BDT,2400 ,3 ,Residential,Dhaka
40000000.0,BDT,2550 ,4 ,Residential,Dhaka
40000000.0,BDT,2150 ,3 ,Residential,Dhaka
40000000.0,BDT,2200 ,3 ,Residential,Dhaka
39600000.0,BDT,2200 ,3 ,Residential,Dhaka
39600000.0,BDT,2200 ,3 ,Residential,Dhaka
39000000.0,BDT,3021 ,3 ,Residential,Dhaka
38000000.0,BDT,2211 ,3 ,Residential,Dhaka
38000000.0,BDT,2300 ,4 ,Residential,Dhaka
38000000.0,BDT,2675 ,3 ,Residential,Dhaka
38000000.0,BDT,3229 ,4 ,Residential,Dhaka
38000000.0,BDT,4350 ,6 ,Residential,Dhaka
38000000.0,BDT,2765 ,3 ,Residential,Dhaka
37500000.0,BDT,2642 ,3 ,Residential,Dhaka
37500000.0,BDT,2642 ,3 ,Residential,Dhaka
37060000.0,BDT,2180 ,3 ,Residential,Dhaka
37060000.0,BDT,2180 ,3 ,Residential,Dhaka
37060000.0,BDT,2180 ,3 ,Residential,Dhaka
37000000.0,BDT,3308 ,5 ,Residential,Dhaka
37000000.0,BDT,2150 ,3 ,Residential,Dhaka
37000000.0,BDT,2250 ,3 ,Residential,Dhaka
37000000.0,BDT,2250 ,3 ,Residential,Dhaka
36500000.0,BDT,2355 ,3 ,Residential,Dhaka
36500000.0,BDT,2355 ,3 ,Residential,Dhaka
36000000.0,BDT,2665 ,3 ,Residential,Dhaka
36000000.0,BDT,1960 ,3 ,Residential,Dhaka
35500000.0,BDT,3163 ,3 ,Residential,Dhaka
35000000.0,BDT,2305 ,3 ,Residential,Dhaka
35000000.0,BDT,2642 ,3 ,Residential,Dhaka
35000000.0,BDT,2650 ,4 ,Residential,Dhaka
35000000.0,BDT,2250 ,3 ,Residential,Dhaka
35000000.0,BDT,2700 ,4 ,Residential,Dhaka
35000000.0,BDT,2200 ,3 ,Residential,Dhaka
35000000.0,BDT,2200 ,3 ,Residential,Dhaka
34000000.0,BDT,2310 ,4 ,Residential,Dhaka
34000000.0,BDT,2642 ,3 ,Residential,Dhaka
34000000.0,BDT,2308 ,4 ,Residential,Dhaka
34000000.0,BDT,2308 ,4 ,Residential,Dhaka
34000000.0,BDT,2308 ,4 ,Residential,Dhaka
34000000.0,BDT,2900 ,3 ,Residential,Dhaka
33000000.0,BDT,2160 ,3 ,Residential,Dhaka
33000000.0,BDT,3300 ,4 ,Residential,Dhaka
33000000.0,BDT,2850 ,4 ,Residential,Dhaka
33000000.0,BDT,2850 ,4 ,Residential,Dhaka
33000000.0,BDT,2850 ,3 ,Residential,Dhaka
33000000.0,BDT,2850 ,3 ,Residential,Dhaka
33000000.0,BDT,2850 ,4 ,Residential,Dhaka
33000000.0,BDT,2850 ,4 ,Residential,Dhaka
33000000.0,BDT,3150 ,4 ,Residential,Dhaka
32500000.0,BDT,3000 ,3 ,Residential,Dhaka
32000000.0,BDT,2144 ,4 ,Residential,Dhaka
32000000.0,BDT,2450 ,4 ,Residential,Dhaka
32000000.0,BDT,2466 ,3 ,Residential,Dhaka
32000000.0,BDT,2684 ,3 ,Residential,Dhaka
31500000.0,BDT,2850 ,4 ,Residential,Dhaka
31500000.0,BDT,2850 ,3 ,Residential,Dhaka
31500000.0,BDT,2850 ,3 ,Residential,Dhaka
31000000.0,BDT,4000 ,3 ,Residential,Dhaka
30000000.0,BDT,2200 ,3 ,Residential,Dhaka
30000000.0,BDT,2200 ,3 ,Residential,Dhaka
30000000.0,BDT,2200 ,3 ,Residential,Dhaka
30000000.0,BDT,2200 ,3 ,Residential,Dhaka
30000000.0,BDT,2200 ,3 ,Residential,Dhaka
30000000.0,BDT,1765 ,3 ,Residential,Dhaka
30000000.0,BDT,1650 ,3 ,Residential,Dhaka
30000000.0,BDT,2019 ,3 ,Residential,Dhaka
30000000.0,BDT,2302 ,4 ,Residential,Dhaka
30000000.0,BDT,2580 ,4 ,Residential,Dhaka
30000000.0,BDT,2000 ,3 ,Residential,Dhaka
30000000.0,BDT,2000 ,3 ,Residential,Dhaka
30000000.0,BDT,2000 ,3 ,Residential,Dhaka
30000000.0,BDT,2400 ,3 ,Residential,Dhaka
30000000.0,BDT,3000 ,5 ,Residential,Dhaka
30000000.0,BDT,3000 ,4 ,Residential,Dhaka
30000000.0,BDT,2300 ,3 ,Residential,Dhaka
29500000.0,BDT,2030 ,3 ,Residential,Dhaka
29000000.0,BDT,2300 ,3 ,Residential,Dhaka
29000000.0,BDT,2230 ,3 ,Residential,Dhaka
29000000.0,BDT,1935 ,3 ,Residential,Dhaka
29000000.0,BDT,1935 ,3 ,Residential,Dhaka
29000000.0,BDT,1935 ,3 ,Residential,Dhaka
29000000.0,BDT,3000 ,4 ,Residential,Dhaka
28500000.0,BDT,2100 ,3 ,Residential,Dhaka
28000000.0,BDT,3000 ,5 ,Residential,Dhaka
28000000.0,BDT,2180 ,4 ,Residential,Dhaka
28000000.0,BDT,3008 ,4 ,Residential,Dhaka
27500000.0,BDT,2181 ,3 ,Residential,Dhaka
27500000.0,BDT,2450 ,4 ,Residential,Dhaka
27300000.0,BDT,2464 ,3 ,Residential,Dhaka
27000000.0,BDT,1955 ,3 ,Residential,Dhaka
27000000.0,BDT,2104 ,3 ,Residential,Dhaka
27000000.0,BDT,2000 ,3 ,Residential,Dhaka
27000000.0,BDT,2470 ,4 ,Residential,Dhaka
27000000.0,BDT,2470 ,3 ,Residential,Dhaka
27000000.0,BDT,2840 ,3 ,Residential,Dhaka
27000000.0,BDT,2012 ,3 ,Residential,Dhaka
26500000.0,BDT,2200 ,3 ,Residential,Dhaka
26000000.0,BDT,2374 ,3 ,Residential,Dhaka
26000000.0,BDT,2374 ,3 ,Residential,Dhaka
26000000.0,BDT,2374 ,3 ,Residential,Dhaka
26000000.0,BDT,2374 ,3 ,Residential,Dhaka
26000000.0,BDT,2374 ,3 ,Residential,Dhaka
26000000.0,BDT,2950 ,4 ,Residential,Dhaka
26000000.0,BDT,1650 ,3 ,Residential,Dhaka
26000000.0,BDT,1883 ,3 ,Residential,Dhaka
26000000.0,BDT,1550 ,3 ,Residential,Dhaka
26000000.0,BDT,1550 ,3 ,Residential,Dhaka
26000000.0,BDT,2255 ,3 ,Residential,Dhaka
26000000.0,BDT,2230 ,3 ,Residential,Dhaka
26000000.0,BDT,2230 ,3 ,Residential,Dhaka
26000000.0,BDT,2600 ,3 ,Residential,Dhaka
26000000.0,BDT,3200 ,4 ,Residential,Dhaka
25500000.0,BDT,2750 ,4 ,Residential,Dhaka
25000000.0,BDT,2374 ,3 ,Residential,Dhaka
25000000.0,BDT,1800 ,3 ,Residential,Dhaka
25000000.0,BDT,2200 ,4 ,Residential,Dhaka
25000000.0,BDT,2300 ,4 ,Residential,Dhaka
25000000.0,BDT,2607 ,3 ,Residential,Dhaka
25000000.0,BDT,2100 ,3 ,Residential,Dhaka
25000000.0,BDT,1866 ,3 ,Residential,Dhaka
25000000.0,BDT,2415 ,3 ,Residential,Dhaka
25000000.0,BDT,2415 ,3 ,Residential,Dhaka
25000000.0,BDT,2415 ,3 ,Residential,Dhaka
25000000.0,BDT,2415 ,3 ,Residential,Dhaka
25000000.0,BDT,2100 ,4 ,Residential,Dhaka
25000000.0,BDT,2400 ,4 ,Residential,Dhaka
25000000.0,BDT,2800 ,3 ,Residential,Dhaka
25000000.0,BDT,2800 ,3 ,Residential,Dhaka
25000000.0,BDT,2800 ,3 ,Residential,Dhaka
25000000.0,BDT,2800 ,3 ,Residential,Dhaka
25000000.0,BDT,2800 ,3 ,Residential,Dhaka
24500000.0,BDT,2415 ,3 ,Residential,Dhaka
24500000.0,BDT,2415 ,3 ,Residential,Dhaka
24500000.0,BDT,2415 ,3 ,Residential,Dhaka
24500000.0,BDT,2415 ,3 ,Residential,Dhaka
24000000.0,BDT,1690 ,3 ,Residential,Dhaka
24000000.0,BDT,2226 ,3 ,Residential,Dhaka
24000000.0,BDT,1850 ,3 ,Residential,Dhaka
24000000.0,BDT,2000 ,3 ,Residential,Dhaka
24000000.0,BDT,2162 ,4 ,Residential,Dhaka
23500000.0,BDT,1595 ,3 ,Residential,Dhaka
23500000.0,BDT,1800 ,3 ,Residential,Dhaka
23500000.0,BDT,2360 ,3 ,Residential,Dhaka
23500000.0,BDT,2134 ,4 ,Residential,Dhaka
23200000.0,BDT,2300 ,4 ,Residential,Dhaka
23000000.0,BDT,1925 ,3 ,Residential,Dhaka
23000000.0,BDT,1594 ,3 ,Residential,Dhaka
23000000.0,BDT,1800 ,3 ,Residential,Dhaka
23000000.0,BDT,1945 ,3 ,Residential,Dhaka
23000000.0,BDT,1550 ,3 ,Residential,Dhaka
23000000.0,BDT,1550 ,3 ,Residential,Dhaka
23000000.0,BDT,1667 ,3 ,Residential,Dhaka
23000000.0,BDT,3526 ,5 ,Residential,Dhaka
23000000.0,BDT,1825 ,3 ,Residential,Dhaka
23000000.0,BDT,2100 ,3 ,Residential,Dhaka
23000000.0,BDT,2100 ,3 ,Residential,Dhaka
23000000.0,BDT,2025 ,4 ,Residential,Dhaka
23000000.0,BDT,2097 ,3 ,Residential,Dhaka
22500000.0,BDT,2250 ,4 ,Residential,Dhaka
22500000.0,BDT,2410 ,3 ,Residential,Dhaka
22500000.0,BDT,2410 ,3 ,Residential,Dhaka
22200000.000000004,BDT,2065 ,3 ,Residential,Dhaka
22050000.0,BDT,2100 ,3 ,Residential,Dhaka
22000000.0,BDT,1770 ,3 ,Residential,Dhaka
22000000.0,BDT,2150 ,3 ,Residential,Dhaka
22000000.0,BDT,2200 ,3 ,Residential,Dhaka
22000000.0,BDT,1800 ,3 ,Residential,Dhaka
22000000.0,BDT,1955 ,3 ,Residential,Dhaka
22000000.0,BDT,2097 ,3 ,Residential,Dhaka
22000000.0,BDT,1970 ,3 ,Residential,Dhaka
22000000.0,BDT,2200 ,3 ,Residential,Dhaka
22000000.0,BDT,2097 ,3 ,Residential,Dhaka
21800000.0,BDT,2435 ,4 ,Residential,Dhaka
21500000.0,BDT,1850 ,4 ,Residential,Dhaka
21500000.0,BDT,2100 ,4 ,Residential,Dhaka
21500000.0,BDT,2025 ,4 ,Residential,Dhaka
21500000.0,BDT,2275 ,4 ,Residential,Dhaka
21500000.0,BDT,2475 ,3 ,Residential,Dhaka
21000000.0,BDT,2400 ,4 ,Residential,Dhaka
21000000.0,BDT,1350 ,3 ,Residential,Dhaka
21000000.0,BDT,2150 ,4 ,Residential,Dhaka
21000000.0,BDT,2132 ,3 ,Residential,Dhaka
21000000.0,BDT,2262 ,4 ,Residential,Dhaka
21000000.0,BDT,2230 ,4 ,Residential,Dhaka
21000000.0,BDT,2132 ,3 ,Residential,Dhaka
21000000.0,BDT,1960 ,3 ,Residential,Dhaka
21000000.0,BDT,2300 ,4 ,Residential,Dhaka
21000000.0,BDT,1625 ,3 ,Residential,Dhaka
21000000.0,BDT,2025 ,3 ,Residential,Dhaka
21000000.0,BDT,2410 ,3 ,Residential,Dhaka
21000000.0,BDT,2410 ,3 ,Residential,Dhaka
21000000.0,BDT,1830 ,3 ,Residential,Dhaka
21000000.0,BDT,1830 ,3 ,Residential,Dhaka
20820000.0,BDT,2082 ,3 ,Residential,Dhaka
20820000.0,BDT,2082 ,3 ,Residential,Dhaka
20600000.0,BDT,2070 ,4 ,Residential,Dhaka
20500000.0,BDT,2260 ,4 ,Residential,Dhaka
20500000.0,BDT,1995 ,3 ,Residential,Dhaka
20000000.0,BDT,1820 ,3 ,Residential,Dhaka
20000000.0,BDT,2200 ,4 ,Residential,Dhaka
20000000.0,BDT,2200 ,4 ,Residential,Dhaka
20000000.0,BDT,2070 ,4 ,Residential,Dhaka
20000000.0,BDT,2100 ,3 ,Residential,Dhaka
20000000.0,BDT,2100 ,3 ,Residential,Dhaka
20000000.0,BDT,2100 ,3 ,Residential,Dhaka
20000000.0,BDT,2100 ,3 ,Residential,Dhaka
20000000.0,BDT,2100 ,3 ,Residential,Dhaka
20000000.0,BDT,2100 ,3 ,Residential,Dhaka
20000000.0,BDT,2290 ,3 ,Residential,Dhaka
20000000.0,BDT,2290 ,3 ,Residential,Dhaka
20000000.0,BDT,2290 ,3 ,Residential,Dhaka
20000000.0,BDT,2290 ,3 ,Residential,Dhaka
20000000.0,BDT,2260 ,4 ,Residential,Dhaka
20000000.0,BDT,2260 ,4 ,Residential,Dhaka
19900000.0,BDT,2150 ,3 ,Residential,Dhaka
19620000.0,BDT,1962 ,3 ,Residential,Dhaka
19500000.0,BDT,2150 ,4 ,Residential,Dhaka
19000000.0,BDT,1976 ,3 ,Residential,Dhaka
19000000.0,BDT,2282 ,4 ,Residential,Dhaka
19000000.0,BDT,1950 ,3 ,Residential,Dhaka
19000000.0,BDT,1780 ,4 ,Residential,Dhaka
19000000.0,BDT,1350 ,3 ,Residential,Dhaka
19000000.0,BDT,2020 ,3 ,Residential,Dhaka
19000000.0,BDT,1487 ,3 ,Residential,Dhaka
19000000.0,BDT,1530 ,3 ,Residential,Dhaka
19000000.0,BDT,1850 ,3 ,Residential,Dhaka
19000000.0,BDT,3 ,3 ,Residential,Dhaka
19000000.0,BDT,2200 ,4 ,Residential,Dhaka
19000000.0,BDT,2200 ,4 ,Residential,Dhaka
19000000.0,BDT,2190 ,4 ,Residential,Dhaka
18900000.0,BDT,1800 ,3 ,Residential,Dhaka
18900000.0,BDT,1585 ,3 ,Residential,Dhaka
18800000.0,BDT,1580 ,3 ,Residential,Dhaka
18700000.0,BDT,1870 ,4 ,Residential,Dhaka
18500000.0,BDT,1879 ,3 ,Residential,Dhaka
18500000.0,BDT,1918 ,3 ,Residential,Dhaka
18500000.0,BDT,1800 ,3 ,Residential,Dhaka
18500000.0,BDT,1450 ,3 ,Residential,Dhaka
18500000.0,BDT,2400 ,4 ,Residential,Dhaka
18500000.0,BDT,1720 ,3 ,Residential,Dhaka
18290000.0,BDT,1829 ,3 ,Residential,Dhaka
18200000.0,BDT,1985 ,3 ,Residential,Dhaka
18200000.0,BDT,1985 ,3 ,Residential,Dhaka
18100000.0,BDT,1750 ,3 ,Residential,Dhaka
18000000.0,BDT,1341 ,3 ,Residential,Dhaka
18000000.0,BDT,1960 ,4 ,Residential,Dhaka
18000000.0,BDT,1680 ,3 ,Residential,Dhaka
18000000.0,BDT,1860 ,3 ,Residential,Dhaka
18000000.0,BDT,2300 ,3 ,Residential,Dhaka
18000000.0,BDT,2300 ,3 ,Residential,Dhaka
18000000.0,BDT,2300 ,3 ,Residential,Dhaka
18000000.0,BDT,2000 ,4 ,Residential,Dhaka
18000000.0,BDT,2000 ,4 ,Residential,Dhaka
18000000.0,BDT,2000 ,4 ,Residential,Dhaka
18000000.0,BDT,2000 ,4 ,Residential,Dhaka
18000000.0,BDT,2000 ,4 ,Residential,Dhaka
17800000.0,BDT,2100 ,3 ,Residential,Dhaka
17700000.0,BDT,1410 ,3 ,Residential,Dhaka
17500000.0,BDT,1700 ,3 ,Residential,Dhaka
17500000.0,BDT,2020 ,3 ,Residential,Dhaka
17500000.0,BDT,2020 ,3 ,Residential,Dhaka
17500000.0,BDT,2020 ,3 ,Residential,Dhaka
17500000.0,BDT,1887 ,3 ,Residential,Dhaka
17500000.0,BDT,1887 ,3 ,Residential,Dhaka
17500000.0,BDT,1887 ,3 ,Residential,Dhaka
17500000.0,BDT,1887 ,3 ,Residential,Dhaka
17500000.0,BDT,1887 ,3 ,Residential,Dhaka
17500000.0,BDT,2000 ,3 ,Residential,Dhaka
17500000.0,BDT,1635 ,3 ,Residential,Dhaka
17200000.0,BDT,2000 ,3 ,Residential,Dhaka
17100000.0,BDT,1675 ,3 ,Residential,Dhaka
17100000.0,BDT,1675 ,3 ,Residential,Dhaka
17000000.0,BDT,1620 ,3 ,Residential,Dhaka
17000000.0,BDT,1700 ,3 ,Residential,Dhaka
17000000.0,BDT,1580 ,3 ,Residential,Dhaka
17000000.0,BDT,1558 ,3 ,Residential,Dhaka
17000000.0,BDT,1500 ,3 ,Residential,Dhaka
17000000.0,BDT,1500 ,3 ,Residential,Dhaka
17000000.0,BDT,1500 ,3 ,Residential,Dhaka
17000000.0,BDT,1258 ,3 ,Residential,Dhaka
17000000.0,BDT,1900 ,4 ,Residential,Dhaka
17000000.0,BDT,1550 ,3 ,Residential,Dhaka
17000000.0,BDT,1550 ,3 ,Residential,Dhaka
17000000.0,BDT,1375 ,3 ,Residential,Dhaka
17000000.0,BDT,1620 ,3 ,Residential,Dhaka
17000000.0,BDT,1635 ,3 ,Residential,Dhaka
17000000.0,BDT,2200 ,4 ,Residential,Dhaka
17000000.0,BDT,2105 ,3 ,Residential,Dhaka
17000000.0,BDT,2392 ,4 ,Residential,Dhaka
17000000.0,BDT,2375 ,3 ,Residential,Dhaka
17000000.0,BDT,1785 ,3 ,Residential,Dhaka
16700000.0,BDT,1390 ,3 ,Residential,Dhaka
16560000.0,BDT,1380 ,3 ,Residential,Dhaka
16500000.0,BDT,1700 ,3 ,Residential,Dhaka
16500000.0,BDT,1500 ,3 ,Residential,Dhaka
16500000.0,BDT,1870 ,3 ,Residential,Dhaka
16500000.0,BDT,1650 ,3 ,Residential,Dhaka
16500000.0,BDT,2000 ,3 ,Residential,Dhaka
16500000.0,BDT,1850 ,3 ,Residential,Dhaka
16500000.0,BDT,1620 ,3 ,Residential,Dhaka
16500000.0,BDT,1620 ,3 ,Residential,Dhaka
16500000.0,BDT,1620 ,3 ,Residential,Dhaka
16500000.0,BDT,1785 ,3 ,Residential,Dhaka
16500000.0,BDT,1900 ,3 ,Residential,Dhaka
16500000.0,BDT,1685 ,3 ,Residential,Dhaka
16500000.0,BDT,1890 ,3 ,Residential,Dhaka
16500000.0,BDT,4200 ,4 ,Residential,Dhaka
16500000.0,BDT,2000 ,3 ,Residential,Dhaka
16500000.0,BDT,2105 ,3 ,Residential,Dhaka
16500000.0,BDT,1960 ,4 ,Residential,Dhaka
16500000.0,BDT,1850 ,3 ,Residential,Dhaka
16399999.999999998,BDT,1950 ,4 ,Residential,Dhaka
16399999.999999998,BDT,1950 ,4 ,Residential,Dhaka
16399999.999999998,BDT,1950 ,4 ,Residential,Dhaka
16200000.000000002,BDT,1870 ,3 ,Residential,Dhaka
16200000.000000002,BDT,1985 ,3 ,Residential,Dhaka
16200000.000000002,BDT,1985 ,3 ,Residential,Dhaka
16000000.0,BDT,1800 ,3 ,Residential,Dhaka
16000000.0,BDT,2514 ,4 ,Residential,Dhaka
16000000.0,BDT,1640 ,3 ,Residential,Dhaka
16000000.0,BDT,1640 ,3 ,Residential,Dhaka
16000000.0,BDT,2000 ,3 ,Residential,Dhaka
16000000.0,BDT,2150 ,4 ,Residential,Dhaka
16000000.0,BDT,2150 ,4 ,Residential,Dhaka
16000000.0,BDT,1510 ,3 ,Residential,Dhaka
16000000.0,BDT,1575 ,3 ,Residential,Dhaka
16000000.0,BDT,1879 ,3 ,Residential,Dhaka
16000000.0,BDT,1950 ,3 ,Residential,Dhaka
16000000.0,BDT,1600 ,3 ,Residential,Dhaka
16000000.0,BDT,1600 ,3 ,Residential,Dhaka
16000000.0,BDT,1600 ,3 ,Residential,Dhaka
16000000.0,BDT,1600 ,3 ,Residential,Dhaka
16000000.0,BDT,1600 ,3 ,Residential,Dhaka
16000000.0,BDT,1600 ,3 ,Residential,Dhaka
16000000.0,BDT,1650 ,3 ,Residential,Dhaka
16000000.0,BDT,1423 ,3 ,Residential,Dhaka
15700000.0,BDT,1593 ,3 ,Residential,Dhaka
15600000.0,BDT,1570 ,3 ,Residential,Dhaka
15600000.0,BDT,1575 ,3 ,Residential,Dhaka
15600000.0,BDT,1565 ,3 ,Residential,Dhaka
15600000.0,BDT,1570 ,3 ,Residential,Dhaka
15600000.0,BDT,1850 ,3 ,Residential,Dhaka
15600000.0,BDT,1850 ,3 ,Residential,Dhaka
15600000.0,BDT,1850 ,3 ,Residential,Dhaka
15600000.0,BDT,1850 ,3 ,Residential,Dhaka
15600000.0,BDT,1850 ,3 ,Residential,Dhaka
15500000.0,BDT,1600 ,3 ,Residential,Dhaka
15500000.0,BDT,1800 ,4 ,Residential,Dhaka
15500000.0,BDT,1870 ,3 ,Residential,Dhaka
15500000.0,BDT,1920 ,3 ,Residential,Dhaka
15500000.0,BDT,1920 ,3 ,Residential,Dhaka
15500000.0,BDT,1815 ,3 ,Residential,Dhaka
15500000.0,BDT,1920 ,3 ,Residential,Dhaka
15500000.0,BDT,1770 ,4 ,Residential,Dhaka
15500000.0,BDT,1870 ,3 ,Residential,Dhaka
15500000.0,BDT,1500 ,3 ,Residential,Dhaka
15500000.0,BDT,1300 ,3 ,Residential,Dhaka
15500000.0,BDT,1650 ,3 ,Residential,Dhaka
15480000.0,BDT,2150 ,4 ,Residential,Dhaka
15300000.0,BDT,1850 ,3 ,Residential,Dhaka
15000000.0,BDT,1250 ,3 ,Residential,Dhaka
15000000.0,BDT,1550 ,3 ,Residential,Dhaka
15000000.0,BDT,1545 ,3 ,Residential,Dhaka
15000000.0,BDT,1265 ,3 ,Residential,Dhaka
15000000.0,BDT,2120 ,3 ,Residential,Dhaka
15000000.0,BDT,1290 ,3 ,Residential,Dhaka
15000000.0,BDT,1500 ,3 ,Residential,Dhaka
15000000.0,BDT,1610 ,3 ,Residential,Dhaka
15000000.0,BDT,1404 ,3 ,Residential,Dhaka
15000000.0,BDT,1500 ,3 ,Residential,Dhaka
15000000.0,BDT,1580 ,3 ,Residential,Dhaka
15000000.0,BDT,1850 ,3 ,Residential,Dhaka
15000000.0,BDT,1850 ,4 ,Residential,Dhaka
15000000.0,BDT,1500 ,3 ,Residential,Dhaka
15000000.0,BDT,2120 ,3 ,Residential,Dhaka
15000000.0,BDT,2350 ,4 ,Residential,Dhaka
15000000.0,BDT,1575 ,3 ,Residential,Dhaka
15000000.0,BDT,1600 ,3 ,Residential,Dhaka
15000000.0,BDT,1600 ,3 ,Residential,Dhaka
15000000.0,BDT,1600 ,3 ,Residential,Dhaka
15000000.0,BDT,1600 ,3 ,Residential,Dhaka
15000000.0,BDT,1600 ,3 ,Residential,Dhaka
15000000.0,BDT,1600 ,3 ,Residential,Dhaka
15000000.0,BDT,1600 ,3 ,Residential,Dhaka
14900000.0,BDT,1444 ,3 ,Residential,Dhaka
14800000.0,BDT,2000 ,3 ,Residential,Dhaka
14800000.0,BDT,1870 ,3 ,Residential,Dhaka
14800000.0,BDT,1870 ,3 ,Residential,Dhaka
14800000.0,BDT,1870 ,3 ,Residential,Dhaka
14700000.0,BDT,2060 ,3 ,Residential,Dhaka
14700000.0,BDT,1545 ,3 ,Residential,Dhaka
14700000.0,BDT,1800 ,3 ,Residential,Dhaka
14600000.0,BDT,1720 ,3 ,Residential,Dhaka
14600000.0,BDT,1720 ,3 ,Residential,Dhaka
14600000.0,BDT,1820 ,3 ,Residential,Dhaka
14550000.0,BDT,1455 ,3 ,Residential,Dhaka
14500000.0,BDT,1566 ,3 ,Residential,Dhaka
14500000.0,BDT,1450 ,3 ,Residential,Dhaka
14500000.0,BDT,1135 ,3 ,Residential,Dhaka
14500000.0,BDT,1536 ,4 ,Residential,Dhaka
14500000.0,BDT,1500 ,3 ,Residential,Dhaka
14500000.0,BDT,1720 ,3 ,Residential,Dhaka
14500000.0,BDT,1785 ,3 ,Residential,Dhaka
14500000.0,BDT,1800 ,3 ,Residential,Dhaka
14500000.0,BDT,1656 ,3 ,Residential,Dhaka
14500000.0,BDT,1656 ,3 ,Residential,Dhaka
14500000.0,BDT,1656 ,3 ,Residential,Dhaka
14500000.0,BDT,1656 ,3 ,Residential,Dhaka
14500000.0,BDT,1656 ,3 ,Residential,Dhaka
14500000.0,BDT,1850 ,3 ,Residential,Dhaka
14400000.0,BDT,1610 ,3 ,Residential,Dhaka
14400000.0,BDT,2110 ,4 ,Residential,Dhaka
14200000.0,BDT,1600 ,4 ,Residential,Dhaka
14200000.0,BDT,1635 ,3 ,Residential,Dhaka
14090000.0,BDT,1409 ,3 ,Residential,Dhaka
14000000.0,BDT,1470 ,3 ,Residential,Dhaka
14000000.0,BDT,1385 ,3 ,Residential,Dhaka
14000000.0,BDT,1700 ,3 ,Residential,Dhaka
14000000.0,BDT,1798 ,3 ,Residential,Dhaka
14000000.0,BDT,1700 ,3 ,Residential,Dhaka
14000000.0,BDT,1375 ,3 ,Residential,Dhaka
14000000.0,BDT,1570 ,3 ,Residential,Dhaka
14000000.0,BDT,2200 ,4 ,Residential,Dhaka
14000000.0,BDT,1373 ,3 ,Residential,Dhaka
14000000.0,BDT,1200 ,3 ,Residential,Dhaka
14000000.0,BDT,1700 ,3 ,Residential,Dhaka
14000000.0,BDT,1290 ,3 ,Residential,Dhaka
14000000.0,BDT,1290 ,3 ,Residential,Dhaka
14000000.0,BDT,1290 ,3 ,Residential,Dhaka
14000000.0,BDT,1250 ,2 ,Residential,Dhaka
14000000.0,BDT,1800 ,3 ,Residential,Dhaka
14000000.0,BDT,1650 ,3 ,Residential,Dhaka
14000000.0,BDT,1585 ,3 ,Residential,Dhaka
14000000.0,BDT,1585 ,3 ,Residential,Dhaka
13799999.999999998,BDT,2129 ,4 ,Residential,Dhaka
13700000.000000002,BDT,1835 ,4 ,Residential,Dhaka
13600000.000000002,BDT,1360 ,3 ,Residential,Dhaka
13600000.000000002,BDT,1810 ,4 ,Residential,Dhaka
13500000.0,BDT,1350 ,3 ,Residential,Dhaka
13500000.0,BDT,1600 ,3 ,Residential,Dhaka
13500000.0,BDT,1550 ,3 ,Residential,Dhaka
13500000.0,BDT,1394 ,3 ,Residential,Dhaka
13500000.0,BDT,1480 ,3 ,Residential,Dhaka
13500000.0,BDT,2610 ,4 ,Residential,Dhaka
13500000.0,BDT,1545 ,3 ,Residential,Dhaka
13500000.0,BDT,1798 ,3 ,Residential,Dhaka
13500000.0,BDT,1015 ,3 ,Residential,Dhaka
13500000.0,BDT,2600 ,4 ,Residential,Dhaka
13500000.0,BDT,1650 ,3 ,Residential,Dhaka
13500000.0,BDT,1650 ,3 ,Residential,Dhaka
13500000.0,BDT,1300 ,3 ,Residential,Dhaka
13500000.0,BDT,1500 ,3 ,Residential,Dhaka
13500000.0,BDT,1850 ,3 ,Residential,Dhaka
13500000.0,BDT,1585 ,3 ,Residential,Dhaka
13400000.0,BDT,1570 ,3 ,Residential,Dhaka
13400000.0,BDT,1570 ,3 ,Residential,Dhaka
13400000.0,BDT,1570 ,3 ,Residential,Dhaka
13400000.0,BDT,1570 ,3 ,Residential,Dhaka
13300000.0,BDT,1750 ,3 ,Residential,Dhaka
13300000.0,BDT,1750 ,3 ,Residential,Dhaka
13200000.0,BDT,1775 ,3 ,Residential,Dhaka
13200000.0,BDT,1537 ,3 ,Residential,Dhaka
13200000.0,BDT,1450 ,3 ,Residential,Dhaka
13200000.0,BDT,1450 ,3 ,Residential,Dhaka
13100000.0,BDT,1455 ,3 ,Residential,Dhaka
13100000.0,BDT,1455 ,3 ,Residential,Dhaka
13000000.0,BDT,1567 ,3 ,Residential,Dhaka
13000000.0,BDT,1515 ,3 ,Residential,Dhaka
13000000.0,BDT,1515 ,3 ,Residential,Dhaka
13000000.0,BDT,1500 ,3 ,Residential,Dhaka
13000000.0,BDT,1260 ,3 ,Residential,Dhaka
13000000.0,BDT,12360 ,3 ,Residential,Dhaka
13000000.0,BDT,1183 ,2 ,Residential,Dhaka
13000000.0,BDT,1600 ,3 ,Residential,Dhaka
13000000.0,BDT,1690 ,4 ,Residential,Dhaka
13000000.0,BDT,1550 ,3 ,Residential,Dhaka
13000000.0,BDT,1316 ,3 ,Residential,Dhaka
13000000.0,BDT,1550 ,3 ,Residential,Dhaka
13000000.0,BDT,1550 ,3 ,Residential,Dhaka
13000000.0,BDT,1550 ,3 ,Residential,Dhaka
13000000.0,BDT,1550 ,3 ,Residential,Dhaka
13000000.0,BDT,1452 ,3 ,Residential,Dhaka
13000000.0,BDT,1452 ,3 ,Residential,Dhaka
13000000.0,BDT,1500 ,3 ,Residential,Dhaka
13000000.0,BDT,1500 ,3 ,Residential,Dhaka
13000000.0,BDT,1200 ,3 ,Residential,Dhaka
13000000.0,BDT,1868 ,4 ,Residential,Dhaka
13000000.0,BDT,1508 ,3 ,Residential,Dhaka
13000000.0,BDT,1650 ,3 ,Residential,Dhaka
13000000.0,BDT,1400 ,3 ,Residential,Dhaka
13000000.0,BDT,1785 ,3 ,Residential,Dhaka
13000000.0,BDT,1715 ,3 ,Residential,Dhaka
13000000.0,BDT,1400 ,3 ,Residential,Dhaka
13000000.0,BDT,1515 ,3 ,Residential,Dhaka
13000000.0,BDT,1715 ,3 ,Residential,Dhaka
13000000.0,BDT,1885 ,3 ,Residential,Dhaka
13000000.0,BDT,1550 ,3 ,Residential,Dhaka
13000000.0,BDT,1700 ,3 ,Residential,Dhaka
13000000.0,BDT,1595 ,3 ,Residential,Dhaka
13000000.0,BDT,1600 ,3 ,Residential,Dhaka
13000000.0,BDT,1320 ,3 ,Residential,Dhaka
13000000.0,BDT,1650 ,3 ,Residential,Dhaka
13000000.0,BDT,1650 ,3 ,Residential,Dhaka
13000000.0,BDT,1600 ,3 ,Residential,Dhaka
13000000.0,BDT,1600 ,3 ,Residential,Dhaka
13000000.0,BDT,1600 ,3 ,Residential,Dhaka
13000000.0,BDT,1527 ,3 ,Residential,Dhaka
12800000.0,BDT,2050 ,4 ,Residential,Dhaka
12800000.0,BDT,1250 ,3 ,Residential,Dhaka
12800000.0,BDT,1550 ,3 ,Residential,Dhaka
12700000.0,BDT,1550 ,3 ,Residential,Dhaka
12500000.0,BDT,1370 ,3 ,Residential,Dhaka
12500000.0,BDT,1600 ,4 ,Residential,Dhaka
12500000.0,BDT,1250 ,3 ,Residential,Dhaka
12500000.0,BDT,1476 ,3 ,Residential,Dhaka
12500000.0,BDT,1650 ,3 ,Residential,Dhaka
12500000.0,BDT,1650 ,3 ,Residential,Dhaka
12500000.0,BDT,1650 ,3 ,Residential,Dhaka
12500000.0,BDT,1570 ,4 ,Residential,Dhaka
12500000.0,BDT,1438 ,3 ,Residential,Dhaka
12500000.0,BDT,1438 ,3 ,Residential,Dhaka
12500000.0,BDT,1438 ,3 ,Residential,Dhaka
12500000.0,BDT,1600 ,4 ,Residential,Dhaka
12500000.0,BDT,1545 ,3 ,Residential,Dhaka
12500000.0,BDT,1550 ,3 ,Residential,Dhaka
12500000.0,BDT,1230 ,3 ,Residential,Dhaka
12500000.0,BDT,1230 ,3 ,Residential,Dhaka
12500000.0,BDT,1500 ,3 ,Residential,Dhaka
12500000.0,BDT,1550 ,3 ,Residential,Dhaka
12500000.0,BDT,1450 ,3 ,Residential,Dhaka
12500000.0,BDT,1375 ,3 ,Residential,Dhaka
12500000.0,BDT,1571 ,3 ,Residential,Dhaka
12500000.0,BDT,1571 ,3 ,Residential,Dhaka
12500000.0,BDT,1334 ,3 ,Residential,Dhaka
12500000.0,BDT,1334 ,3 ,Residential,Dhaka
12500000.0,BDT,1485 ,3 ,Residential,Dhaka
12500000.0,BDT,1525 ,3 ,Residential,Dhaka
12500000.0,BDT,1650 ,3 ,Residential,Dhaka
12500000.0,BDT,1600 ,3 ,Residential,Dhaka
12500000.0,BDT,1600 ,3 ,Residential,Dhaka
12500000.0,BDT,1600 ,3 ,Residential,Dhaka
12500000.0,BDT,1720 ,3 ,Residential,Dhaka
12500000.0,BDT,1650 ,3 ,Residential,Dhaka
12500000.0,BDT,2150 ,3 ,Residential,Dhaka
12500000.0,BDT,1825 ,3 ,Residential,Dhaka
12400000.0,BDT,1550 ,3 ,Residential,Dhaka
12300000.0,BDT,1352 ,4 ,Residential,Dhaka
12300000.0,BDT,1688 ,3 ,Residential,Dhaka
12300000.0,BDT,1650 ,3 ,Residential,Dhaka
12200000.0,BDT,1550 ,3 ,Residential,Dhaka
12200000.0,BDT,1420 ,3 ,Residential,Dhaka
12200000.0,BDT,1450 ,3 ,Residential,Dhaka
12200000.0,BDT,1540 ,3 ,Residential,Dhaka
12200000.0,BDT,1550 ,3 ,Residential,Dhaka
12050000.0,BDT,1205 ,3 ,Residential,Dhaka
12050000.0,BDT,1205 ,3 ,Residential,Dhaka
12000000.0,BDT,975 ,2 ,Residential,Dhaka
12000000.0,BDT,2160 ,5 ,Residential,Dhaka
12000000.0,BDT,1000 ,3 ,Residential,Dhaka
12000000.0,BDT,1800 ,4 ,Residential,Dhaka
12000000.0,BDT,1702 ,4 ,Residential,Dhaka
12000000.0,BDT,1230 ,3 ,Residential,Dhaka
12000000.0,BDT,1800 ,4 ,Residential,Dhaka
12000000.0,BDT,1450 ,3 ,Residential,Dhaka
12000000.0,BDT,1230 ,3 ,Residential,Dhaka
12000000.0,BDT,1320 ,3 ,Residential,Dhaka
12000000.0,BDT,1250 ,3 ,Residential,Dhaka
12000000.0,BDT,1250 ,3 ,Residential,Dhaka
12000000.0,BDT,1460 ,3 ,Residential,Dhaka
12000000.0,BDT,1390 ,3 ,Residential,Dhaka
12000000.0,BDT,1509 ,3 ,Residential,Dhaka
12000000.0,BDT,1166 ,3 ,Residential,Dhaka
12000000.0,BDT,1166 ,3 ,Residential,Dhaka
12000000.0,BDT,1166 ,3 ,Residential,Dhaka
12000000.0,BDT,1600 ,3 ,Residential,Dhaka
12000000.0,BDT,1375 ,3 ,Residential,Dhaka
12000000.0,BDT,1625 ,3 ,Residential,Dhaka
12000000.0,BDT,1220 ,3 ,Residential,Dhaka
12000000.0,BDT,1550 ,3 ,Residential,Dhaka
12000000.0,BDT,1450 ,3 ,Residential,Dhaka
12000000.0,BDT,1550 ,3 ,Residential,Dhaka
12000000.0,BDT,1665 ,3 ,Residential,Dhaka
12000000.0,BDT,1550 ,3 ,Residential,Dhaka
12000000.0,BDT,1675 ,4 ,Residential,Dhaka
11900000.0,BDT,1485 ,3 ,Residential,Dhaka
11800000.0,BDT,1300 ,3 ,Residential,Dhaka
11800000.0,BDT,1476 ,3 ,Residential,Dhaka
11800000.0,BDT,1476 ,3 ,Residential,Dhaka
11800000.0,BDT,1472 ,3 ,Residential,Dhaka
11800000.0,BDT,1472 ,3 ,Residential,Dhaka
11800000.0,BDT,1550 ,3 ,Residential,Dhaka
11700000.0,BDT,1643 ,3 ,Residential,Dhaka
11700000.0,BDT,1630 ,3 ,Residential,Dhaka
11700000.0,BDT,1469 ,3 ,Residential,Dhaka
11700000.0,BDT,1469 ,3 ,Residential,Dhaka
11500000.0,BDT,1258 ,3 ,Residential,Dhaka
11500000.0,BDT,1500 ,3 ,Residential,Dhaka
11500000.0,BDT,1550 ,3 ,Residential,Dhaka
11500000.0,BDT,1600 ,4 ,Residential,Dhaka
11500000.0,BDT,1599 ,3 ,Residential,Dhaka
11500000.0,BDT,1080 ,3 ,Residential,Dhaka
11500000.0,BDT,1600 ,3 ,Residential,Dhaka
11500000.0,BDT,1560 ,3 ,Residential,Dhaka
11500000.0,BDT,1702 ,3 ,Residential,Dhaka
11500000.0,BDT,1360 ,3 ,Residential,Dhaka
11500000.0,BDT,1650 ,3 ,Residential,Dhaka
11500000.0,BDT,1850 ,4 ,Residential,Dhaka
11500000.0,BDT,1260 ,3 ,Residential,Dhaka
11500000.0,BDT,1600 ,3 ,Residential,Dhaka
11500000.0,BDT,1600 ,3 ,Residential,Dhaka
11500000.0,BDT,1500 ,3 ,Residential,Dhaka
11500000.0,BDT,1150 ,3 ,Residential,Dhaka
11500000.0,BDT,1850 ,4 ,Residential,Dhaka
11500000.0,BDT,1360 ,3 ,Residential,Dhaka
11500000.0,BDT,1260 ,3 ,Residential,Dhaka
11500000.0,BDT,1520 ,3 ,Residential,Dhaka
11500000.0,BDT,1260 ,2 ,Residential,Dhaka
11500000.0,BDT,1600 ,3 ,Residential,Dhaka
11500000.0,BDT,1410 ,3 ,Residential,Dhaka
11500000.0,BDT,1620 ,3 ,Residential,Dhaka
11500000.0,BDT,1540 ,3 ,Residential,Dhaka
11500000.0,BDT,1540 ,3 ,Residential,Dhaka
11500000.0,BDT,1455 ,3 ,Residential,Dhaka
11500000.0,BDT,1550 ,3 ,Residential,Dhaka
11500000.0,BDT,1550 ,3 ,Residential,Dhaka
11500000.0,BDT,1550 ,3 ,Residential,Dhaka
11500000.0,BDT,2033 ,3 ,Residential,Dhaka
11500000.0,BDT,2033 ,3 ,Residential,Dhaka
11500000.0,BDT,1460 ,3 ,Residential,Dhaka
11500000.0,BDT,1631 ,3 ,Residential,Dhaka
11500000.0,BDT,1472 ,3 ,Residential,Dhaka
11399999.999999998,BDT,1590 ,3 ,Residential,Dhaka
11299999.999999998,BDT,1506 ,3 ,Residential,Dhaka
11299999.999999998,BDT,1506 ,3 ,Residential,Dhaka
11200000.000000002,BDT,1530 ,3 ,Residential,Dhaka
11200000.000000002,BDT,1395 ,3 ,Residential,Dhaka
11200000.000000002,BDT,1395 ,3 ,Residential,Dhaka
11200000.000000002,BDT,1680 ,3 ,Residential,Dhaka
11200000.000000002,BDT,1399 ,3 ,Residential,Dhaka
11000000.0,BDT,1012 ,3 ,Residential,Dhaka
11000000.0,BDT,1363 ,3 ,Residential,Dhaka
11000000.0,BDT,2560 ,4 ,Residential,Dhaka
11000000.0,BDT,1450 ,3 ,Residential,Dhaka
11000000.0,BDT,975 ,2 ,Residential,Dhaka
11000000.0,BDT,1540 ,3 ,Residential,Dhaka
11000000.0,BDT,1125 ,2 ,Residential,Dhaka
11000000.0,BDT,1500 ,3 ,Residential,Dhaka
11000000.0,BDT,1400 ,3 ,Residential,Dhaka
11000000.0,BDT,1600 ,3 ,Residential,Dhaka
11000000.0,BDT,985 ,2 ,Residential,Dhaka
11000000.0,BDT,1455 ,3 ,Residential,Dhaka
11000000.0,BDT,1452 ,3 ,Residential,Dhaka
11000000.0,BDT,1500 ,3 ,Residential,Dhaka
11000000.0,BDT,1500 ,3 ,Residential,Dhaka
11000000.0,BDT,1500 ,3 ,Residential,Dhaka
11000000.0,BDT,1189 ,3 ,Residential,Dhaka
11000000.0,BDT,1400 ,3 ,Residential,Dhaka
11000000.0,BDT,1438 ,3 ,Residential,Dhaka
11000000.0,BDT,1405 ,3 ,Residential,Dhaka
11000000.0,BDT,1405 ,3 ,Residential,Dhaka
11000000.0,BDT,1250 ,3 ,Residential,Dhaka
11000000.0,BDT,1400 ,3 ,Residential,Dhaka
11000000.0,BDT,1500 ,3 ,Residential,Dhaka
11000000.0,BDT,1268 ,3 ,Residential,Dhaka
11000000.0,BDT,1410 ,3 ,Residential,Dhaka
11000000.0,BDT,1665 ,3 ,Residential,Dhaka
11000000.0,BDT,1503 ,3 ,Residential,Dhaka
11000000.0,BDT,1485 ,3 ,Residential,Dhaka
11000000.0,BDT,1400 ,3 ,Residential,Dhaka
11000000.0,BDT,1517 ,3 ,Residential,Dhaka
11000000.0,BDT,1550 ,3 ,Residential,Dhaka
11000000.0,BDT,1550 ,3 ,Residential,Dhaka
11000000.0,BDT,1555 ,3 ,Residential,Dhaka
11000000.0,BDT,1520 ,3 ,Residential,Dhaka
11000000.0,BDT,1558 ,3 ,Residential,Dhaka
10995000.0,BDT,1466 ,3 ,Residential,Dhaka
10920000.0,BDT,1560 ,3 ,Residential,Dhaka
10800000.0,BDT,1250 ,3 ,Residential,Dhaka
10800000.0,BDT,1200 ,3 ,Residential,Dhaka
10800000.0,BDT,1350 ,3 ,Residential,Dhaka
10800000.0,BDT,1400 ,3 ,Residential,Dhaka
10800000.0,BDT,1400 ,3 ,Residential,Dhaka
10800000.0,BDT,1400 ,3 ,Residential,Dhaka
10800000.0,BDT,1400 ,3 ,Residential,Dhaka
10800000.0,BDT,1400 ,3 ,Residential,Dhaka
10800000.0,BDT,1350 ,3 ,Residential,Dhaka
10800000.0,BDT,1410 ,3 ,Residential,Dhaka
10800000.0,BDT,1410 ,3 ,Residential,Dhaka
10800000.0,BDT,1350 ,3 ,Residential,Dhaka
10800000.0,BDT,1350 ,3 ,Residential,Dhaka
10800000.0,BDT,1550 ,3 ,Residential,Dhaka
10785000.0,BDT,1438 ,3 ,Residential,Dhaka
10600000.0,BDT,1674 ,3 ,Residential,Dhaka
10600000.0,BDT,1275 ,3 ,Residential,Dhaka
10600000.0,BDT,1275 ,3 ,Residential,Dhaka
10600000.0,BDT,1400 ,3 ,Residential,Dhaka
10600000.0,BDT,1400 ,3 ,Residential,Dhaka
10600000.0,BDT,1400 ,3 ,Residential,Dhaka
10600000.0,BDT,1065 ,2 ,Residential,Dhaka
10500000.0,BDT,1227 ,3 ,Residential,Dhaka
10500000.0,BDT,1448 ,3 ,Residential,Dhaka
10500000.0,BDT,1550 ,3 ,Residential,Dhaka
10500000.0,BDT,1550 ,3 ,Residential,Dhaka
10500000.0,BDT,1800 ,3 ,Residential,Dhaka
10500000.0,BDT,1160 ,3 ,Residential,Dhaka
10500000.0,BDT,1150 ,3 ,Residential,Dhaka
10500000.0,BDT,1600 ,3 ,Residential,Dhaka
10500000.0,BDT,1200 ,3 ,Residential,Dhaka
10500000.0,BDT,1200 ,3 ,Residential,Dhaka
10500000.0,BDT,1200 ,3 ,Residential,Dhaka
10500000.0,BDT,1200 ,3 ,Residential,Dhaka
10500000.0,BDT,1445 ,4 ,Residential,Dhaka
10500000.0,BDT,1390 ,3 ,Residential,Dhaka
10500000.0,BDT,1450 ,3 ,Residential,Dhaka
10500000.0,BDT,1425 ,3 ,Residential,Dhaka
10500000.0,BDT,1200 ,3 ,Residential,Dhaka
10500000.0,BDT,1055 ,2 ,Residential,Dhaka
10500000.0,BDT,1500 ,3 ,Residential,Dhaka
10500000.0,BDT,1500 ,3 ,Residential,Dhaka
10500000.0,BDT,1450 ,3 ,Residential,Dhaka
10500000.0,BDT,1550 ,3 ,Residential,Dhaka
10500000.0,BDT,1250 ,3 ,Residential,Dhaka
10500000.0,BDT,1365 ,3 ,Residential,Dhaka
10500000.0,BDT,1500 ,3 ,Residential,Dhaka
10500000.0,BDT,1400 ,3 ,Residential,Dhaka
10500000.0,BDT,1510 ,3 ,Residential,Dhaka
10500000.0,BDT,1800 ,3 ,Residential,Dhaka
10500000.0,BDT,1400 ,3 ,Residential,Dhaka
10500000.0,BDT,1400 ,3 ,Residential,Dhaka
10400000.0,BDT,1970 ,3 ,Residential,Dhaka
10400000.0,BDT,1620 ,3 ,Residential,Dhaka
10400000.0,BDT,1890 ,3 ,Residential,Dhaka
10400000.0,BDT,1890 ,3 ,Residential,Dhaka
10368000.0,BDT,1152 ,3 ,Residential,Dhaka
10300000.0,BDT,1565 ,3 ,Residential,Dhaka
10300000.0,BDT,1150 ,3 ,Residential,Dhaka
10200000.0,BDT,1650 ,3 ,Residential,Dhaka
10200000.0,BDT,1654 ,3 ,Residential,Dhaka
10200000.0,BDT,1290 ,3 ,Residential,Dhaka
10000000.0,BDT,1200 ,3 ,Residential,Dhaka
10000000.0,BDT,1200 ,3 ,Residential,Dhaka
10000000.0,BDT,1300 ,3 ,Residential,Dhaka
10000000.0,BDT,1100 ,3 ,Residential,Dhaka
10000000.0,BDT,1080 ,2 ,Residential,Dhaka
10000000.0,BDT,1160 ,3 ,Residential,Dhaka
10000000.0,BDT,1085 ,2 ,Residential,Dhaka
10000000.0,BDT,1450 ,3 ,Residential,Dhaka
10000000.0,BDT,1450 ,3 ,Residential,Dhaka
10000000.0,BDT,1250 ,3 ,Residential,Dhaka
10000000.0,BDT,1280 ,3 ,Residential,Dhaka
10000000.0,BDT,1378 ,3 ,Residential,Dhaka
10000000.0,BDT,1260 ,2 ,Residential,Dhaka
10000000.0,BDT,1340 ,3 ,Residential,Dhaka
10000000.0,BDT,1700 ,4 ,Residential,Dhaka
10000000.0,BDT,1500 ,3 ,Residential,Dhaka
10000000.0,BDT,1400 ,3 ,Residential,Dhaka
10000000.0,BDT,1245 ,3 ,Residential,Dhaka
10000000.0,BDT,1220 ,3 ,Residential,Dhaka
10000000.0,BDT,1281 ,3 ,Residential,Dhaka
9800000.0,BDT,1370 ,3 ,Residential,Dhaka
9800000.0,BDT,1380 ,3 ,Residential,Dhaka
9800000.0,BDT,1014 ,3 ,Residential,Dhaka
9800000.0,BDT,1014 ,3 ,Residential,Dhaka
9800000.0,BDT,1014 ,3 ,Residential,Dhaka
9800000.0,BDT,1250 ,3 ,Residential,Dhaka
9800000.0,BDT,1410 ,3 ,Residential,Dhaka
9800000.0,BDT,1410 ,3 ,Residential,Dhaka
9800000.0,BDT,1410 ,3 ,Residential,Dhaka
9800000.0,BDT,1410 ,3 ,Residential,Dhaka
9800000.0,BDT,1410 ,3 ,Residential,Dhaka
9800000.0,BDT,1410 ,3 ,Residential,Dhaka
9800000.0,BDT,1410 ,3 ,Residential,Dhaka
9800000.0,BDT,1410 ,3 ,Residential,Dhaka
9800000.0,BDT,1410 ,3 ,Residential,Dhaka
9800000.0,BDT,1410 ,3 ,Residential,Dhaka
9800000.0,BDT,1410 ,3 ,Residential,Dhaka
9800000.0,BDT,1410 ,3 ,Residential,Dhaka
9800000.0,BDT,1410 ,3 ,Residential,Dhaka
9800000.0,BDT,1410 ,3 ,Residential,Dhaka
9800000.0,BDT,1410 ,3 ,Residential,Dhaka
9800000.0,BDT,1410 ,3 ,Residential,Dhaka
9800000.0,BDT,1410 ,3 ,Residential,Dhaka
9800000.0,BDT,1410 ,3 ,Residential,Dhaka
9800000.0,BDT,1500 ,3 ,Residential,Dhaka
9800000.0,BDT,1500 ,3 ,Residential,Dhaka
9800000.0,BDT,1452 ,3 ,Residential,Dhaka
9750000.0,BDT,1300 ,3 ,Residential,Dhaka
9750000.0,BDT,1300 ,3 ,Residential,Dhaka
9600000.0,BDT,1275 ,3 ,Residential,Dhaka
9600000.0,BDT,1275 ,3 ,Residential,Dhaka
9600000.0,BDT,1275 ,3 ,Residential,Dhaka
9600000.0,BDT,1275 ,3 ,Residential,Dhaka
9600000.0,BDT,1275 ,3 ,Residential,Dhaka
9600000.0,BDT,1275 ,3 ,Residential,Dhaka
9600000.0,BDT,1275 ,3 ,Residential,Dhaka
9600000.0,BDT,1275 ,3 ,Residential,Dhaka
9600000.0,BDT,1275 ,3 ,Residential,Dhaka
9600000.0,BDT,1275 ,3 ,Residential,Dhaka
9600000.0,BDT,1275 ,3 ,Residential,Dhaka
9600000.0,BDT,1350 ,3 ,Residential,Dhaka
9500000.0,BDT,1200 ,3 ,Residential,Dhaka
9500000.0,BDT,1250 ,3 ,Residential,Dhaka
9500000.0,BDT,1140 ,3 ,Residential,Dhaka
9500000.0,BDT,1750 ,4 ,Residential,Dhaka
9500000.0,BDT,1750 ,4 ,Residential,Dhaka
9500000.0,BDT,1108 ,3 ,Residential,Dhaka
9500000.0,BDT,1125 ,3 ,Residential,Dhaka
9500000.0,BDT,1654 ,3 ,Residential,Dhaka
9500000.0,BDT,1250 ,3 ,Residential,Dhaka
9500000.0,BDT,1250 ,3 ,Residential,Dhaka
9500000.0,BDT,1250 ,3 ,Residential,Dhaka
9500000.0,BDT,1250 ,3 ,Residential,Dhaka
9500000.0,BDT,1250 ,3 ,Residential,Dhaka
9500000.0,BDT,1320 ,3 ,Residential,Dhaka
9500000.0,BDT,1600 ,3 ,Residential,Dhaka
9500000.0,BDT,1050 ,2 ,Residential,Dhaka
9500000.0,BDT,1550 ,3 ,Residential,Dhaka
9500000.0,BDT,1450 ,3 ,Residential,Dhaka
9500000.0,BDT,886 ,2 ,Residential,Dhaka
9500000.0,BDT,1250 ,3 ,Residential,Dhaka
9500000.0,BDT,1445 ,3 ,Residential,Dhaka
9500000.0,BDT,1200 ,3 ,Residential,Dhaka
9500000.0,BDT,1200 ,3 ,Residential,Dhaka
9500000.0,BDT,1210 ,3 ,Residential,Dhaka
9500000.0,BDT,1265 ,3 ,Residential,Dhaka
9500000.0,BDT,1420 ,3 ,Residential,Dhaka
9500000.0,BDT,1455 ,3 ,Residential,Dhaka
9500000.0,BDT,1445 ,3 ,Residential,Dhaka
9500000.0,BDT,1445 ,3 ,Residential,Dhaka
9500000.0,BDT,1450 ,3 ,Residential,Dhaka
9500000.0,BDT,1450 ,3 ,Residential,Dhaka
9500000.0,BDT,1450 ,3 ,Residential,Dhaka
9500000.0,BDT,1370 ,3 ,Residential,Dhaka
9500000.0,BDT,1400 ,3 ,Residential,Dhaka
9400000.0,BDT,1400 ,3 ,Residential,Dhaka
9300000.0,BDT,836 ,2 ,Residential,Dhaka
9300000.0,BDT,1155 ,3 ,Residential,Dhaka
9300000.0,BDT,1265 ,3 ,Residential,Dhaka
9300000.0,BDT,1445 ,3 ,Residential,Dhaka
9300000.0,BDT,1369 ,3 ,Residential,Dhaka
9200000.0,BDT,1455 ,3 ,Residential,Dhaka
9200000.0,BDT,1335 ,3 ,Residential,Dhaka
9200000.0,BDT,1525 ,3 ,Residential,Dhaka
9000000.0,BDT,1400 ,3 ,Residential,Dhaka
9000000.0,BDT,1400 ,3 ,Residential,Dhaka
9000000.0,BDT,1269 ,3 ,Residential,Dhaka
9000000.0,BDT,1360 ,3 ,Residential,Dhaka
9000000.0,BDT,1550 ,3 ,Residential,Dhaka
9000000.0,BDT,1317 ,3 ,Residential,Dhaka
9000000.0,BDT,1589 ,3 ,Residential,Dhaka
9000000.0,BDT,1107 ,3 ,Residential,Dhaka
9000000.0,BDT,1150 ,3 ,Residential,Dhaka
9000000.0,BDT,1150 ,3 ,Residential,Dhaka
9000000.0,BDT,1150 ,3 ,Residential,Dhaka
9000000.0,BDT,1100 ,3 ,Residential,Dhaka
9000000.0,BDT,1100 ,3 ,Residential,Dhaka
9000000.0,BDT,1150 ,3 ,Residential,Dhaka
9000000.0,BDT,1150 ,3 ,Residential,Dhaka
9000000.0,BDT,1220 ,3 ,Residential,Dhaka
9000000.0,BDT,1250 ,3 ,Residential,Dhaka
9000000.0,BDT,1180 ,3 ,Residential,Dhaka
9000000.0,BDT,1190 ,3 ,Residential,Dhaka
9000000.0,BDT,1654 ,3 ,Residential,Dhaka
9000000.0,BDT,1450 ,3 ,Residential,Dhaka
9000000.0,BDT,1400 ,3 ,Residential,Dhaka
9000000.0,BDT,1400 ,3 ,Residential,Dhaka
9000000.0,BDT,1400 ,3 ,Residential,Dhaka
9000000.0,BDT,1400 ,3 ,Residential,Dhaka
9000000.0,BDT,1504 ,3 ,Residential,Dhaka
9000000.0,BDT,1100 ,3 ,Residential,Dhaka
9000000.0,BDT,1400 ,3 ,Residential,Dhaka
9000000.0,BDT,1400 ,3 ,Residential,Dhaka
9000000.0,BDT,1280 ,3 ,Residential,Dhaka
9000000.0,BDT,1600 ,3 ,Residential,Dhaka
9000000.0,BDT,1600 ,3 ,Residential,Dhaka
9000000.0,BDT,1600 ,3 ,Residential,Dhaka
9000000.0,BDT,1600 ,3 ,Residential,Dhaka
9000000.0,BDT,1600 ,3 ,Residential,Dhaka
9000000.0,BDT,1600 ,3 ,Residential,Dhaka
9000000.0,BDT,1600 ,3 ,Residential,Dhaka
9000000.0,BDT,1600 ,3 ,Residential,Dhaka
9000000.0,BDT,1600 ,3 ,Residential,Dhaka
9000000.0,BDT,1600 ,3 ,Residential,Dhaka
9000000.0,BDT,1600 ,3 ,Residential,Dhaka
9000000.0,BDT,1220 ,3 ,Residential,Dhaka
9000000.0,BDT,1400 ,3 ,Residential,Dhaka
9000000.0,BDT,1156 ,3 ,Residential,Dhaka
9000000.0,BDT,1156 ,3 ,Residential,Dhaka
9000000.0,BDT,1390 ,3 ,Residential,Dhaka
9000000.0,BDT,1665 ,3 ,Residential,Dhaka
9000000.0,BDT,1665 ,3 ,Residential,Dhaka
9000000.0,BDT,1515 ,3 ,Residential,Dhaka
9000000.0,BDT,1600 ,3 ,Residential,Dhaka
9000000.0,BDT,990 ,2 ,Residential,Dhaka
8900000.0,BDT,1280 ,3 ,Residential,Dhaka
8900000.0,BDT,1445 ,3 ,Residential,Dhaka
8800000.0,BDT,1600 ,3 ,Residential,Dhaka
8800000.0,BDT,1220 ,3 ,Residential,Dhaka
8800000.0,BDT,1220 ,3 ,Residential,Dhaka
8800000.0,BDT,1220 ,3 ,Residential,Dhaka
8800000.0,BDT,1112 ,3 ,Residential,Dhaka
8800000.0,BDT,995 ,2 ,Residential,Dhaka
8700000.0,BDT,1160 ,3 ,Residential,Dhaka
8700000.0,BDT,1280 ,3 ,Residential,Dhaka
8648000.0,BDT,1081 ,3 ,Residential,Dhaka
8600000.0,BDT,1504 ,3 ,Residential,Dhaka
8500000.0,BDT,1250 ,3 ,Residential,Dhaka
8500000.0,BDT,1250 ,3 ,Residential,Dhaka
8500000.0,BDT,1269 ,3 ,Residential,Dhaka
8500000.0,BDT,1090 ,3 ,Residential,Dhaka
8500000.0,BDT,1350 ,3 ,Residential,Dhaka
8500000.0,BDT,1350 ,3 ,Residential,Dhaka
8500000.0,BDT,1350 ,3 ,Residential,Dhaka
8500000.0,BDT,1350 ,3 ,Residential,Dhaka
8500000.0,BDT,1375 ,3 ,Residential,Dhaka
8500000.0,BDT,1463 ,3 ,Residential,Dhaka
8500000.0,BDT,1300 ,3 ,Residential,Dhaka
8500000.0,BDT,1040 ,2 ,Residential,Dhaka
8500000.0,BDT,1040 ,2 ,Residential,Dhaka
8500000.0,BDT,1040 ,2 ,Residential,Dhaka
8500000.0,BDT,1040 ,2 ,Residential,Dhaka
8500000.0,BDT,1040 ,2 ,Residential,Dhaka
8500000.0,BDT,1500 ,3 ,Residential,Dhaka
8500000.0,BDT,1257 ,3 ,Residential,Dhaka
8500000.0,BDT,1116 ,3 ,Residential,Dhaka
8500000.0,BDT,1420 ,3 ,Residential,Dhaka
8500000.0,BDT,1550 ,3 ,Residential,Dhaka
8500000.0,BDT,1150 ,3 ,Residential,Dhaka
8500000.0,BDT,1400 ,4 ,Residential,Dhaka
8500000.0,BDT,850 ,2 ,Residential,Dhaka
8500000.0,BDT,1275 ,3 ,Residential,Dhaka
8500000.0,BDT,1220 ,3 ,Residential,Dhaka
8500000.0,BDT,1220 ,3 ,Residential,Dhaka
8500000.0,BDT,1220 ,3 ,Residential,Dhaka
8500000.0,BDT,1042 ,3 ,Residential,Dhaka
8500000.0,BDT,1050 ,3 ,Residential,Dhaka
8500000.0,BDT,1400 ,3 ,Residential,Dhaka
8500000.0,BDT,1050 ,2 ,Residential,Dhaka
8500000.0,BDT,1240 ,3 ,Residential,Dhaka
8500000.0,BDT,1200 ,3 ,Residential,Dhaka
8500000.0,BDT,1560 ,3 ,Residential,Dhaka
8500000.0,BDT,1560 ,3 ,Residential,Dhaka
8300000.0,BDT,735 ,2 ,Residential,Dhaka
8300000.0,BDT,1250 ,3 ,Residential,Dhaka
8300000.0,BDT,1282 ,3 ,Residential,Dhaka
8300000.0,BDT,1296 ,3 ,Residential,Dhaka
8200000.0,BDT,1450 ,3 ,Residential,Dhaka
8200000.0,BDT,1010 ,3 ,Residential,Dhaka
8200000.0,BDT,1010 ,3 ,Residential,Dhaka
8200000.0,BDT,1010 ,3 ,Residential,Dhaka
8200000.0,BDT,1010 ,3 ,Residential,Dhaka
8200000.0,BDT,1240 ,3 ,Residential,Dhaka
8130000.0,BDT,1084 ,3 ,Residential,Dhaka
8000000.0,BDT,1200 ,3 ,Residential,Dhaka
8000000.0,BDT,1200 ,3 ,Residential,Dhaka
8000000.0,BDT,1350 ,3 ,Residential,Dhaka
8000000.0,BDT,1300 ,3 ,Residential,Dhaka
8000000.0,BDT,1300 ,3 ,Residential,Dhaka
8000000.0,BDT,1300 ,3 ,Residential,Dhaka
8000000.0,BDT,1300 ,3 ,Residential,Dhaka
8000000.0,BDT,1176 ,3 ,Residential,Dhaka
8000000.0,BDT,1150 ,3 ,Residential,Dhaka
8000000.0,BDT,1150 ,3 ,Residential,Dhaka
8000000.0,BDT,1155 ,3 ,Residential,Dhaka
8000000.0,BDT,970 ,3 ,Residential,Dhaka
8000000.0,BDT,970 ,3 ,Residential,Dhaka
8000000.0,BDT,1175 ,3 ,Residential,Dhaka
8000000.0,BDT,1043 ,3 ,Residential,Dhaka
8000000.0,BDT,1450 ,3 ,Residential,Dhaka
8000000.0,BDT,1200 ,3 ,Residential,Dhaka
8000000.0,BDT,1250 ,3 ,Residential,Dhaka
8000000.0,BDT,1447 ,3 ,Residential,Dhaka
7900000.0,BDT,1365 ,3 ,Residential,Dhaka
7900000.0,BDT,1145 ,3 ,Residential,Dhaka
7900000.0,BDT,1160 ,3 ,Residential,Dhaka
7800000.0,BDT,1117 ,3 ,Residential,Dhaka
7800000.0,BDT,1220 ,3 ,Residential,Dhaka
7800000.0,BDT,1286 ,3 ,Residential,Dhaka
7800000.0,BDT,1414 ,3 ,Residential,Dhaka
7700000.0,BDT,1310 ,3 ,Residential,Dhaka
7500000.0,BDT,1237 ,3 ,Residential,Dhaka
7500000.0,BDT,1000 ,3 ,Residential,Dhaka
7500000.0,BDT,1200 ,3 ,Residential,Dhaka
7500000.0,BDT,1200 ,3 ,Residential,Dhaka
7500000.0,BDT,1200 ,3 ,Residential,Dhaka
7500000.0,BDT,1256 ,3 ,Residential,Dhaka
7500000.0,BDT,1150 ,3 ,Residential,Dhaka
7500000.0,BDT,1175 ,2 ,Residential,Dhaka
7500000.0,BDT,1250 ,3 ,Residential,Dhaka
7500000.0,BDT,1001 ,3 ,Residential,Dhaka
7500000.0,BDT,1050 ,2 ,Residential,Dhaka
7500000.0,BDT,900 ,2 ,Residential,Dhaka
7500000.0,BDT,1302 ,3 ,Residential,Dhaka
7500000.0,BDT,1170 ,3 ,Residential,Dhaka
7500000.0,BDT,1170 ,3 ,Residential,Dhaka
7500000.0,BDT,1170 ,3 ,Residential,Dhaka
7400000.0,BDT,1138 ,3 ,Residential,Dhaka
7300000.0,BDT,1180 ,3 ,Residential,Dhaka
7300000.0,BDT,1383 ,3 ,Residential,Dhaka
7300000.0,BDT,1383 ,3 ,Residential,Dhaka
7300000.0,BDT,1385 ,3 ,Residential,Dhaka
7300000.0,BDT,1385 ,3 ,Residential,Dhaka
7300000.0,BDT,1385 ,3 ,Residential,Dhaka
7300000.0,BDT,1385 ,3 ,Residential,Dhaka
7200000.0,BDT,1290 ,3 ,Residential,Dhaka
7200000.0,BDT,1120 ,2 ,Residential,Dhaka
7200000.0,BDT,1450 ,3 ,Residential,Dhaka
7200000.0,BDT,1132 ,3 ,Residential,Dhaka
7200000.0,BDT,800 ,2 ,Residential,Dhaka
7200000.0,BDT,1225 ,2 ,Residential,Dhaka
7200000.0,BDT,1230 ,3 ,Residential,Dhaka
7200000.0,BDT,1296 ,3 ,Residential,Dhaka
7200000.0,BDT,1296 ,3 ,Residential,Dhaka
7200000.0,BDT,1296 ,3 ,Residential,Dhaka
7200000.0,BDT,1289 ,3 ,Residential,Dhaka
7100000.0,BDT,1120 ,3 ,Residential,Dhaka
7000000.0,BDT,1071 ,2 ,Residential,Dhaka
7000000.0,BDT,925 ,2 ,Residential,Dhaka
7000000.0,BDT,1135 ,3 ,Residential,Dhaka
7000000.0,BDT,1090 ,3 ,Residential,Dhaka
7000000.0,BDT,1224 ,3 ,Residential,Dhaka
7000000.0,BDT,1010 ,2 ,Residential,Dhaka
7000000.0,BDT,1010 ,2 ,Residential,Dhaka
7000000.0,BDT,1250 ,3 ,Residential,Dhaka
7000000.0,BDT,865 ,2 ,Residential,Dhaka
7000000.0,BDT,1050 ,3 ,Residential,Dhaka
7000000.0,BDT,950 ,3 ,Residential,Dhaka
7000000.0,BDT,1200 ,3 ,Residential,Dhaka
7000000.0,BDT,1200 ,3 ,Residential,Dhaka
7000000.0,BDT,1268 ,3 ,Residential,Dhaka
7000000.0,BDT,1550 ,3 ,Residential,Dhaka
6800000.0,BDT,800 ,3 ,Residential,Dhaka
6800000.0,BDT,1021 ,3 ,Residential,Dhaka
6800000.0,BDT,1260 ,3 ,Residential,Dhaka
6800000.0,BDT,1110 ,3 ,Residential,Dhaka
6800000.0,BDT,1250 ,3 ,Residential,Dhaka
6800000.0,BDT,1246 ,3 ,Residential,Dhaka
6800000.0,BDT,1246 ,3 ,Residential,Dhaka
6800000.0,BDT,1246 ,3 ,Residential,Dhaka
6800000.0,BDT,1246 ,3 ,Residential,Dhaka
6800000.0,BDT,1246 ,3 ,Residential,Dhaka
6800000.0,BDT,1246 ,3 ,Residential,Dhaka
6600000.0,BDT,1220 ,3 ,Residential,Dhaka
6600000.0,BDT,865 ,2 ,Residential,Dhaka
6500000.0,BDT,1120 ,3 ,Residential,Dhaka
6500000.0,BDT,842 ,2 ,Residential,Dhaka
6500000.0,BDT,842 ,2 ,Residential,Dhaka
6500000.0,BDT,1300 ,3 ,Residential,Dhaka
6500000.0,BDT,1270 ,3 ,Residential,Dhaka
6500000.0,BDT,1096 ,3 ,Residential,Dhaka
6500000.0,BDT,1100 ,3 ,Residential,Dhaka
6500000.0,BDT,1100 ,3 ,Residential,Dhaka
6500000.0,BDT,1204 ,3 ,Residential,Dhaka
6500000.0,BDT,1150 ,3 ,Residential,Dhaka
6400000.0,BDT,1370 ,3 ,Residential,Dhaka
6300000.0,BDT,1146 ,3 ,Residential,Dhaka
6300000.0,BDT,1380 ,3 ,Residential,Dhaka
6300000.0,BDT,1380 ,3 ,Residential,Dhaka
6300000.0,BDT,1380 ,3 ,Residential,Dhaka
6300000.0,BDT,1380 ,3 ,Residential,Dhaka
6300000.0,BDT,970 ,3 ,Residential,Dhaka
6300000.0,BDT,970 ,3 ,Residential,Dhaka
6200000.0,BDT,1040 ,3 ,Residential,Dhaka
6200000.0,BDT,1123 ,3 ,Residential,Dhaka
6200000.0,BDT,980 ,2 ,Residential,Dhaka
6200000.0,BDT,870 ,2 ,Residential,Dhaka
6200000.0,BDT,870 ,2 ,Residential,Dhaka
6200000.0,BDT,1010 ,2 ,Residential,Dhaka
6200000.0,BDT,1100 ,2 ,Residential,Dhaka
6200000.0,BDT,1305 ,3 ,Residential,Dhaka
6200000.0,BDT,1204 ,3 ,Residential,Dhaka
6200000.0,BDT,900 ,3 ,Residential,Dhaka
6200000.0,BDT,1700 ,3 ,Residential,Dhaka
6000000.0,BDT,735 ,2 ,Residential,Dhaka
6000000.0,BDT,940 ,3 ,Residential,Dhaka
6000000.0,BDT,1120 ,3 ,Residential,Dhaka
6000000.0,BDT,1120 ,3 ,Residential,Dhaka
6000000.0,BDT,800 ,2 ,Residential,Dhaka
6000000.0,BDT,1100 ,3 ,Residential,Dhaka
6000000.0,BDT,1150 ,3 ,Residential,Dhaka
6000000.0,BDT,1080 ,2 ,Residential,Dhaka
6000000.0,BDT,950 ,2 ,Residential,Dhaka
6000000.0,BDT,850 ,2 ,Residential,Dhaka
6000000.0,BDT,850 ,2 ,Residential,Dhaka
6000000.0,BDT,1250 ,3 ,Residential,Dhaka
6000000.0,BDT,1250 ,3 ,Residential,Dhaka
6000000.0,BDT,950 ,3 ,Residential,Dhaka
6000000.0,BDT,970 ,3 ,Residential,Dhaka
6000000.0,BDT,800 ,2 ,Residential,Dhaka
6000000.0,BDT,652 ,2 ,Residential,Dhaka
6000000.0,BDT,950 ,3 ,Residential,Dhaka
6000000.0,BDT,1300 ,3 ,Residential,Dhaka
6000000.0,BDT,1250 ,3 ,Residential,Dhaka
6000000.0,BDT,900 ,2 ,Residential,Dhaka
6000000.0,BDT,850 ,2 ,Residential,Dhaka
5800000.0,BDT,1000 ,2 ,Residential,Dhaka
5800000.0,BDT,948 ,2 ,Residential,Dhaka
5700000.0,BDT,952 ,2 ,Residential,Dhaka
5700000.0,BDT,900 ,3 ,Residential,Dhaka
5700000.0,BDT,865 ,2 ,Residential,Dhaka
5700000.0,BDT,950 ,3 ,Residential,Dhaka
5700000.0,BDT,950 ,3 ,Residential,Dhaka
5700000.0,BDT,1150 ,3 ,Residential,Dhaka
5600000.0,BDT,950 ,2 ,Residential,Dhaka
5600000.0,BDT,1200 ,3 ,Residential,Dhaka
5500000.0,BDT,840 ,2 ,Residential,Dhaka
5500000.0,BDT,950 ,2 ,Residential,Dhaka
5500000.0,BDT,950 ,2 ,Residential,Dhaka
5500000.0,BDT,750 ,2 ,Residential,Dhaka
5500000.0,BDT,850 ,2 ,Residential,Dhaka
5300000.0,BDT,850 ,3 ,Residential,Dhaka
5200000.0,BDT,940 ,2 ,Residential,Dhaka
5200000.0,BDT,1250 ,3 ,Residential,Dhaka
5200000.0,BDT,925 ,3 ,Residential,Dhaka
5150000.0,BDT,1030 ,2 ,Residential,Dhaka
5000000.0,BDT,1000 ,3 ,Residential,Dhaka
5000000.0,BDT,1050 ,3 ,Residential,Dhaka
5000000.0,BDT,750 ,2 ,Residential,Dhaka
5000000.0,BDT,1120 ,3 ,Residential,Dhaka
5000000.0,BDT,1120 ,3 ,Residential,Dhaka
5000000.0,BDT,1120 ,3 ,Residential,Dhaka
5000000.0,BDT,1120 ,3 ,Residential,Dhaka
5000000.0,BDT,950 ,3 ,Residential,Dhaka
5000000.0,BDT,1050 ,3 ,Residential,Dhaka
5000000.0,BDT,1320 ,3 ,Residential,Dhaka
4800000.0,BDT,950 ,3 ,Residential,Dhaka
4800000.0,BDT,1050 ,3 ,Residential,Dhaka
4700000.0,BDT,950 ,3 ,Residential,Dhaka
4700000.0,BDT,923 ,2 ,Residential,Dhaka
4700000.0,BDT,923 ,2 ,Residential,Dhaka
4600000.0,BDT,700 ,2 ,Residential,Dhaka
4600000.0,BDT,1210 ,3 ,Residential,Dhaka
4500000.0,BDT,750 ,2 ,Residential,Dhaka
4500000.0,BDT,950 ,2 ,Residential,Dhaka
4500000.0,BDT,950 ,2 ,Residential,Dhaka
4500000.0,BDT,1000 ,2 ,Residential,Dhaka
4500000.0,BDT,1000 ,2 ,Residential,Dhaka
4500000.0,BDT,1000 ,2 ,Residential,Dhaka
4500000.0,BDT,1134 ,3 ,Residential,Dhaka
4500000.0,BDT,1134 ,3 ,Residential,Dhaka
4400000.0,BDT,860 ,2 ,Residential,Dhaka
4300000.0,BDT,300 ,1 ,Residential,Dhaka
4200000.0,BDT,715 ,2 ,Residential,Dhaka
3900000.0,BDT,710 ,2 ,Residential,Dhaka
3900000.0,BDT,710 ,2 ,Residential,Dhaka
3900000.0,BDT,710 ,2 ,Residential,Dhaka
3600000.0,BDT,850 ,2 ,Residential,Dhaka
3500000.0,BDT,650 ,2 ,Residential,Dhaka
3500000.0,BDT,897 ,2 ,Residential,Dhaka
3500000.0,BDT,897 ,2 ,Residential,Dhaka
3400000.0,BDT,920 ,2 ,Residential,Dhaka
3200000.0,BDT,750 ,2 ,Residential,Dhaka
3200000.0,BDT,850 ,2 ,Residential,Dhaka
1500000.0,BDT,10000 ,6 ,Residential,Dhaka
1300000.0,BDT,5196 ,3 ,Residential,Dhaka
400000.0,BDT,750 ,2 ,Residential,Dhaka
300000.0,BDT,4200 ,3 ,Residential,Dhaka
250000.0,BDT,3000 ,3 ,Residential,Dhaka
250000.0,BDT,4383 ,4 ,Residential,Dhaka
200000.0,BDT,3164 ,3 ,Residential,Dhaka
180000.0,BDT,3300 ,3 ,Residential,Dhaka
170000.0,BDT,2000 ,3 ,Residential,Dhaka
160000.0,BDT,3000 ,3 ,Residential,Dhaka
160000.0,BDT,3619 ,4 ,Residential,Dhaka
160000.0,BDT,2400 ,3 ,Residential,Dhaka
160000.0,BDT,2250 ,3 ,Residential,Dhaka
160000.0,BDT,3600 ,6 ,Residential,Dhaka
130000.0,BDT,3000 ,3 ,Residential,Dhaka
130000.0,BDT,2150 ,3 ,Residential,Dhaka
130000.0,BDT,2600 ,3 ,Residential,Dhaka
130000.0,BDT,2200 ,3 ,Residential,Dhaka
120000.0,BDT,3320 ,4 ,Residential,Dhaka
120000.0,BDT,2200 ,3 ,Residential,Dhaka
120000.0,BDT,2200 ,3 ,Residential,Dhaka
110000.00000000001,BDT,3300 ,3 ,Residential,Dhaka
100000.0,BDT,1950 ,3 ,Residential,Dhaka
100000.0,BDT,2400 ,5 ,Residential,Dhaka
100000.0,BDT,3000 ,3 ,Residential,Dhaka
100000.0,BDT,2450 ,3 ,Residential,Dhaka
100000.0,BDT,500 ,2 ,Residential,Dhaka
100000.0,BDT,500 ,2 ,Residential,Dhaka
100000.0,BDT,2250 ,3 ,Residential,Dhaka
100000.0,BDT,2400 ,3 ,Residential,Dhaka
100000.0,BDT,1600 ,3 ,Residential,Dhaka
100000.0,BDT,2750 ,3 ,Residential,Dhaka
100000.0,BDT,2800 ,3 ,Residential,Dhaka
100000.0,BDT,2600 ,3 ,Residential,Dhaka
100000.0,BDT,2700 ,3 ,Residential,Dhaka
900000.0,BDT,1550 ,3 ,Residential,Dhaka
900000.0,BDT,2160 ,3 ,Residential,Dhaka
900000.0,BDT,2550 ,3 ,Residential,Dhaka
900000.0,BDT,2200 ,3 ,Residential,Dhaka
900000.0,BDT,2600 ,3 ,Residential,Dhaka
900000.0,BDT,2350 ,3 ,Residential,Dhaka
900000.0,BDT,2000 ,3 ,Residential,Dhaka
850000.0,BDT,2650 ,3 ,Residential,Dhaka
850000.0,BDT,1914 ,3 ,Residential,Dhaka
850000.0,BDT,2300 ,3 ,Residential,Dhaka
850000.0,BDT,2250 ,3 ,Residential,Dhaka
820000.0,BDT,2921 ,4 ,Residential,Dhaka
800000.0,BDT,2800 ,4 ,Residential,Dhaka
800000.0,BDT,2700 ,3 ,Residential,Dhaka
800000.0,BDT,2600 ,3 ,Residential,Dhaka
800000.0,BDT,2700 ,3 ,Residential,Dhaka
800000.0,BDT,1910 ,3 ,Residential,Dhaka
800000.0,BDT,1910 ,3 ,Residential,Dhaka
800000.0,BDT,1800 ,3 ,Residential,Dhaka
800000.0,BDT,2300 ,3 ,Residential,Dhaka
800000.0,BDT,2500 ,3 ,Residential,Dhaka
800000.0,BDT,2350 ,3 ,Residential,Dhaka
800000.0,BDT,2350 ,3 ,Residential,Dhaka
800000.0,BDT,2500 ,3 ,Residential,Dhaka
750000.0,BDT,2900 ,3 ,Residential,Dhaka
750000.0,BDT,2350 ,3 ,Residential,Dhaka
750000.0,BDT,2050 ,3 ,Residential,Dhaka
750000.0,BDT,2250 ,3 ,Residential,Dhaka
750000.0,BDT,2250 ,3 ,Residential,Dhaka
750000.0,BDT,2200 ,4 ,Residential,Dhaka
750000.0,BDT,2005 ,3 ,Residential,Dhaka
750000.0,BDT,2005 ,3 ,Residential,Dhaka
720000.0,BDT,2585 ,4 ,Residential,Dhaka
720000.0,BDT,2550 ,4 ,Residential,Dhaka
700000.0,BDT,2250 ,4 ,Residential,Dhaka
700000.0,BDT,3000 ,4 ,Residential,Dhaka
700000.0,BDT,3000 ,4 ,Residential,Dhaka
700000.0,BDT,2200 ,3 ,Residential,Dhaka
700000.0,BDT,1750 ,3 ,Residential,Dhaka
700000.0,BDT,2200 ,4 ,Residential,Dhaka
700000.0,BDT,2200 ,4 ,Residential,Dhaka
700000.0,BDT,2200 ,4 ,Residential,Dhaka
700000.0,BDT,2200 ,4 ,Residential,Dhaka
700000.0,BDT,2200 ,4 ,Residential,Dhaka
700000.0,BDT,2200 ,4 ,Residential,Dhaka
700000.0,BDT,1450 ,3 ,Residential,Dhaka
650000.0,BDT,1880 ,3 ,Residential,Dhaka
650000.0,BDT,1880 ,3 ,Residential,Dhaka
650000.0,BDT,2130 ,3 ,Residential,Dhaka
650000.0,BDT,2450 ,4 ,Residential,Dhaka
650000.0,BDT,2200 ,4 ,Residential,Dhaka
650000.0,BDT,1750 ,3 ,Residential,Dhaka
650000.0,BDT,3000 ,3 ,Residential,Dhaka
650000.0,BDT,2100 ,3 ,Residential,Dhaka
650000.0,BDT,2100 ,3 ,Residential,Dhaka
650000.0,BDT,2100 ,3 ,Residential,Dhaka
650000.0,BDT,2100 ,3 ,Residential,Dhaka
620000.0,BDT,1200 ,3 ,Residential,Dhaka
600000.0,BDT,1725 ,3 ,Residential,Dhaka
600000.0,BDT,2200 ,3 ,Residential,Dhaka
600000.0,BDT,2000 ,3 ,Residential,Dhaka
600000.0,BDT,1900 ,3 ,Residential,Dhaka
600000.0,BDT,2200 ,4 ,Residential,Dhaka
600000.0,BDT,1480 ,3 ,Residential,Dhaka
600000.0,BDT,2100 ,3 ,Residential,Dhaka
550000.0,BDT,2200 ,3 ,Residential,Dhaka
550000.0,BDT,1600 ,3 ,Residential,Dhaka
550000.0,BDT,1600 ,3 ,Residential,Dhaka
550000.0,BDT,1200 ,2 ,Residential,Dhaka
550000.0,BDT,950 ,2 ,Residential,Dhaka
500000.0,BDT,975 ,2 ,Residential,Dhaka
500000.0,BDT,975 ,2 ,Residential,Dhaka
500000.0,BDT,975 ,2 ,Residential,Dhaka
500000.0,BDT,1500 ,3 ,Residential,Dhaka
500000.0,BDT,1500 ,3 ,Residential,Dhaka
500000.0,BDT,1300 ,3 ,Residential,Dhaka
500000.0,BDT,1885 ,3 ,Residential,Dhaka
500000.0,BDT,2300 ,3 ,Residential,Dhaka
500000.0,BDT,2300 ,3 ,Residential,Dhaka
500000.0,BDT,1975 ,3 ,Residential,Dhaka
500000.0,BDT,1975 ,3 ,Residential,Dhaka
500000.0,BDT,1975 ,3 ,Residential,Dhaka
500000.0,BDT,2200 ,3 ,Residential,Dhaka
500000.0,BDT,3100 ,3 ,Residential,Dhaka
500000.0,BDT,3100 ,3 ,Residential,Dhaka
500000.0,BDT,3100 ,3 ,Residential,Dhaka
450000.0,BDT,1375 ,3 ,Residential,Dhaka
450000.0,BDT,2350 ,3 ,Residential,Dhaka
450000.0,BDT,2000 ,3 ,Residential,Dhaka
450000.0,BDT,2000 ,3 ,Residential,Dhaka
400000.0,BDT,1500 ,3 ,Residential,Dhaka
400000.0,BDT,1350 ,3 ,Residential,Dhaka
400000.0,BDT,1300 ,3 ,Residential,Dhaka
400000.0,BDT,1500 ,3 ,Residential,Dhaka
400000.0,BDT,1300 ,3 ,Residential,Dhaka
400000.0,BDT,1300 ,3 ,Residential,Dhaka
400000.0,BDT,1550 ,3 ,Residential,Dhaka
400000.0,BDT,1650 ,3 ,Residential,Dhaka
400000.0,BDT,1500 ,3 ,Residential,Dhaka
380000.0,BDT,1500 ,3 ,Residential,Dhaka
350000.0,BDT,1500 ,3 ,Residential,Dhaka
350000.0,BDT,1300 ,3 ,Residential,Dhaka
350000.0,BDT,1460 ,3 ,Residential,Dhaka
350000.0,BDT,1335 ,3 ,Residential,Dhaka
350000.0,BDT,1200 ,3 ,Residential,Dhaka
350000.0,BDT,1450 ,3 ,Residential,Dhaka
350000.0,BDT,1260 ,3 ,Residential,Dhaka
350000.0,BDT,1200 ,3 ,Residential,Dhaka
350000.0,BDT,1450 ,3 ,Residential,Dhaka
350000.0,BDT,1350 ,3 ,Residential,Dhaka
320000.0,BDT,1550 ,3 ,Residential,Dhaka
320000.0,BDT,1450 ,3 ,Residential,Dhaka
320000.0,BDT,1700 ,3 ,Residential,Dhaka
320000.0,BDT,1700 ,3 ,Residential,Dhaka
320000.0,BDT,1700 ,3 ,Residential,Dhaka
300000.0,BDT,1280 ,3 ,Residential,Dhaka
300000.0,BDT,1100 ,3 ,Residential,Dhaka
300000.0,BDT,1250 ,3 ,Residential,Dhaka
300000.0,BDT,1150 ,2 ,Residential,Dhaka
280000.0,BDT,1200 ,3 ,Residential,Dhaka
270000.0,BDT,1250 ,3 ,Residential,Dhaka
270000.0,BDT,1250 ,3 ,Residential,Dhaka
270000.0,BDT,1250 ,3 ,Residential,Dhaka
270000.0,BDT,1250 ,3 ,Residential,Dhaka
250000.0,BDT,700 ,3 ,Residential,Dhaka
250000.0,BDT,1177 ,3 ,Residential,Dhaka
250000.0,BDT,1177 ,3 ,Residential,Dhaka
250000.0,BDT,1166 ,3 ,Residential,Dhaka
250000.0,BDT,1166 ,3 ,Residential,Dhaka
220000.0,BDT,950 ,2 ,Residential,Dhaka
210000.0,BDT,950 ,2 ,Residential,Dhaka
200000.0,BDT,1480 ,3 ,Residential,Dhaka
200000.0,BDT,1480 ,3 ,Residential,Dhaka
200000.0,BDT,1480 ,3 ,Residential,Dhaka
200000.0,BDT,1250 ,3 ,Residential,Dhaka
170000.0,BDT,1200 ,3 ,Residential,Dhaka
15500.0,BDT,1550 ,3 ,Residential,Dhaka
12000.0,BDT,1200 ,3 ,Residential,Dhaka
