area,building_type,building_nature,num_bath_rooms,num_bed_rooms,price,property_description,property_overview,property_url,purpose,city,locality,address
1350.0,Apartment,NA,3.0,3.0,1500000,"Shares of 1350 Sqft land share in Banasree M Block will be sold. There is one  car parking with a share price.,Plot: 41.17 Katha,Total number of flats 176 .,10 storey building ( G + 9),Details of the flat: 3 beds, 3 baths, 3 balconies, drawing, dining, kitchen.,Building Details: Elevators, stairs, generator, intercom, CC camera, convention hall, reception room and Car parking.",NA,https://www.bdstall.com/details/near-hatirjheel-banasree-1350-sqft-apartment-land-share-83817/,Sale,NA,,Banasree M Block.
1250.0,Apartment,NA,3.0,3.0,2500000,"Shares of 1250 Sqft land will be sold on the opposite side of the most attractive police park along Rampura Banasree C / D Avenue.,Plot: 7.5 Katha,4 units on each floor,10 storey building (G + 9),Details of the flat: 3 beds, 3 baths, 2 balconies, drawing, dining, kitchen.,Building Details: lift, stairs, CCTV camera, generator, intercom, prayer room, convention hall, reception room, fire extinguishing system, standby generator, lightning control system, solar system and car parking.",NA,https://www.bdstall.com/details/banasree-near-police-park-1250-sqft-land-share-73287/,Sale,NA,Rampura,Opposite Banasree Police Park
1252.0,Apartment,NA,3.0,3.0,5200000,"A 1252 Sqft flat will be sold in Arshi Nagar along with Mohammadpur.,** Payment facility in 30 months instalments **,4 Units on each floor,9 Storey of Building ( G + 8 ),Details of flat: 3 Beds, 3 Baths, 3 Balconies, Drawing, Dining, Kitchen.,Building Details: Elevator, Stairs, Generator, Administrative support, CCTV security system, Prayer room, Fireplace, Intercom, Reception room and Car parking.",NA,https://www.bdstall.com/details/near-mohammadpur-1252-sqft-apartment-sale-74684/,Sale,NA,,Arshi Nagar
1200.0,Apartment,NA,3.0,3.0,5200000,"Shares of 1200 sqft  apartment  in South Keraniganj Hasnabad  Bashundhara Riverview will be sold.,Plot: 9.5  Katha ( East facing corner plot ),4 units on each floor,10 storey building ( G + 9),Details of the flat: 3 Beds, 3 Baths, 2 Balconies, Drawing, Dining, Kitchen.,Building Details: 2 Elevators, Stairs, Generator, Intercom, Prayer Room, Convention Hall, Reception Room and Car Parking.",NA,https://www.bdstall.com/details/south-keraniganj-1200-sqft-ready-apartment-sale-83342/,Sale,NA,Bashundhara Riverview, Block - A.
1500.0,Apartment,NA,3.0,3.0,6500000,"1500 Sqft flat land share will sale in important areas of capital Dhaka, Motijheel, Gulistan, Segunbagicha, Kakrail and elite areas near Bangladesh Secretariat Vijaynagar.,Plot: 10 Katha,4 units on each floor,15 storey building ( Basement and G + 14),Details of the flat: 3 Beds, 3 Baths, 3 Balconies, Drawing, Dining, Kitchen.,Building Details: 2 Elevators, Stairs, Generator, Intercom, Prayer Room, Convention Hall, Reception Room and Car Parking.",NA,https://www.bdstall.com/details/paltan-vijay-nagar-1500-sqft-apartment-land-share-83343/,Sale,Dhaka,,Bijoy Nagar
1300.0,Apartment,NA,3.0,0.0,3500000,"Shares of 1300 Sqft  land share in Aftabnagar M block will be sold.,Plot: 8 Katha,3 units on each floor,10 storey building (  G + 9),Details of the flat: 3 Beds, 3 Baths, 3 Balconies, Drawing, Dining, Kitchen.,Building Details: 2 Elevators, Stairs, Generator, Intercom, Prayer Room, Convention Hall, Reception Room, Birds Zone, Swimming Pool, Gymnasium, Barbecue corner.",NA,https://www.bdstall.com/details/aftabnagar-m-block-1300-sqft-apartment-land-share-83341/,Sale,NA,,"Aftabnagar M Block , Sector - 4."
1350.0,Apartment,NA,3.0,0.0,8500000,"1350 sqft apartments will be sold next to Rampura  Banasree Farazi Hospital in the elite area of ​​the capital. There is 1 car parking with Apratment.,Plot: 4 Katha ( south facing),2 units on each floor,7 storey building,Details of the flat: 3 Beds, 3 Baths, 2 Balconies, Drawing, Dining, Kitchen.,Building Details:  Elevators, Stairs, Generator, Intercom ,  Reception Room and Car Parking.",NA,https://www.bdstall.com/details/banasree-near-farazi-hospital-1350-sqft-apartment-sale-83339/,Sale,NA,,Banasree E Block.
1200.0,Apartment,NA,3.0,3.0,3500000,"Shares of 1200 sqft land share in Rampura Banasree F block will be sold.,Plot: 17.10 Katha (West and East facing plots),Total number of shares is 72.,Details of the flat: 3 Beds, 3 Baths, Balconies, Drawing, Dining, Kitchen.,Building Details: 2 Elevators, Stairs, Generator, Intercom, Prayer Room, Convention Hall, Reception Room and Car Parking.",NA,https://www.bdstall.com/details/banasree-f-block-1200-sqft-apartment-land-share-83384/,Sale,NA,,Banasree F Block.
1200.0,Apartment,NA,2.0,3.0,5200000,"1200 Sqft apartment will be sold in a noise free pleasant environment in North Nandipara Rasulbagh (Golarbari) residential area next to Trimohani Bus Stand on Rampura-Staff Quarter Highway.,Details of the flat: 3 Beds, 2 Baths, 2 Balconies, Drawing, Dining, Kitchen.,Building Details: 2 Elevators, Stairs, Generator, Intercom, Prayer Room, Convention Hall, Reception Room and Car Parking.",NA,https://www.bdstall.com/details/south-banasree-nandipara-1200-sqft-ready-apartment-83383/,Sale,NA,North  Nandipara,
1050.0,Apartment,NA,2.0,3.0,1700000,"Shares of 1050  Sqft land share in Trimohoni Masterpara  will be sold.,Plot: 10 Katha,5 units on each floor,10 storey building ( G + 9),Details of the flat: 3 Beds, 2 Baths, 2 Balconies, Drawing, Dining, Kitchen.,Building Details: Elevators, Stairs, Generator, Intercom, Prayer Room, Convention Hall, Reception Room and Car Parking.",NA,https://www.bdstall.com/details/trimohoni-masterpara-1050-sqft-apartment-land-share-83515/,Sale,NA,,Trimohoni
1400.0,Apartment,NA,3.0,3.0,1500000,"Shares of 1400 Sqft land share in Mirpur DOHS  will be sold.,Details of the flat: 3 Beds, 3 Baths,  Balconies, Drawing, Dining, Kitchen.,Building Details: Elevators, Stairs, Generator, Intercom, Prayer Room, Convention Hall, Reception Room and Car Parking.",NA,https://www.bdstall.com/details/mirpur-dohs-1400-sqft-apartment-land-share-83431/,Sale,NA,,Dohs  60 Feet
1750.0,Apartment,NA,4.0,4.0,745000,"Shares of 1750 Sqft land share in Keraniganj Maxwell western city will be sold.,Plot: 6 Katha (South facing).",NA,https://www.bdstall.com/details/maxwell-western-city-1750-sqft-apartment-land-share-83529/,Sale,NA,Keraniganj,Maxwell Western City
1300.0,Apartment,NA,3.0,3.0,1200000,"Shares of 1300 Sqft land share in Uttara Baunia Bazar will be sold.,10 storey building ( Basement and G + 9),Details of the flat: 3 Beds, 3 Baths, Balconies, Drawing, Dining, Kitchen.,Building Details:  Elevators, Stairs, Generator, Intercom, Prayer Room, Convention Hall, Reception Room and Car Parking.",NA,https://www.bdstall.com/details/uttara-1300-sqft-apartment-land-share-83432/,Sale,NA,,Baunia Bazar
920.0,Apartment,NA,2.0,2.0,3800000,"A 950 Sqft Used Apartment will be sold of the heart Dhaka city in South Banasree Meradia  behind 10th floor market .,Including Government Titas gas line.,Plot: 3 Katha ( Corner plot  ),2 units on each floor,7 storey building ( G + 6 ),Details of the flat: 2 Beds, 2 Baths,  Balconies, Drawing, Dining, Kitchen.,Building Details: Elevators, Stairs, Generator, Intercom , Reception Room .",NA,https://www.bdstall.com/details/south-banasree-meradia-920-sqft-used-apartment-sale-83545/,Sale,Dhaka,,"Banasree 10 Floor Market, Block- L."
1300.0,Apartment,NA,3.0,3.0,2500000,"Shares of 1300  Sqft land share in Rampura Jamtola Boubazar  will be sold. There is 1 car parking with a share price.,Plot: 23 Katha,10 storey building (  G + 9),Details of the flat: 3 Beds, 3 Baths, 3 Balconies, Drawing, Dining, Kitchen.,Building Details:  Elevators, Stairs, Generator, CC TV Camera, Intercom, Convention Hall, Reception Room and Car Parking.",NA,https://www.bdstall.com/details/rampura-jamtola-1300-sqft-apartment-land-share-83543/,Sale,NA,,Jamtola Boubazar.
1110.0,Apartment,NA,2.0,2.0,9000000,"A used flat of 1110 Sqft will be sold in the elite area of ​​Naya Paltan near the important areas of the capital Dhaka, Motijheel, Gulistan, Segunbagicha, Kakrail and Bangladesh Secretariat. There is 1 car parking with apartment .,Plot: 12 Katha ( South west facing corner ),4 units on each floor,15 storey building,Details of the flat: 2 Beds,2 Baths, 2 Balconies, Drawing, Dining, Kitchen.,Building Details: 2 Elevators, Government titas gas, Stairs, Generator, Intercom, Prayer Room, Convention Hall, Reception Room and Car Parking.",NA,https://www.bdstall.com/details/purana-paltan-1110-sqft-used-apartment-sale-83386/,Sale,Dhaka,,Naya Paltan Beside Dhaka Bank.
1050.0,Apartment,NA,2.0,3.0,1300000,Shares of 1050 Sqft land share in Khilgaon  Nandipara with Central Jame  Masjid will be sold.,NA,https://www.bdstall.com/details/khilgaon-nandipara-1050-sqft-apartment-land-share-83544/,Sale,NA,,Near Nandipara Central Jame Masjid
1400.0,Apartment,NA,3.0,3.0,2000000,"Shares of 1400 Sqft  land share in  Banasree Near Police Park will be sold. There is 1 car parking with a share price.,Plot: 4.29 Katha,2 units on each floor,10 storey building ( Basement and G + 9),Details of the flat: 3 Beds, 3 Baths, 3 Balconies, Drawing, Dining, Kitchen.,Building Details:  Elevators, Stairs, Generator, Intercom, Convention Hall, Reception Room and Car Parking.",NA,https://www.bdstall.com/details/banasree-near-police-park-1400-sqft-land-share-83652/,Sale,NA,,Block-C.
1300.0,Apartment,NA,3.0,3.0,5700000,Ready flats of 1300 Sqft will be sold at Mohammadpur Laboni Point.,NA,https://www.bdstall.com/details/1300-sqft-apartment-sale-at-mohammadpur-74690/,Sale,NA,,Laboni Point.
2500.0,Apartment,NA,5.0,5.0,7500000,"Shares of 2500 Sqft land share in Aftabnagar E block will be sold. There is 1 car parking with a share price.,Plot: 5 Katha,one units on each floor,10 storey building (  G + 9),Details of the flat: 5 Beds, 5 Baths, 4 Balconies, Drawing, Dining, Kitchen.,Building Details:  Elevators, Stairs, Generator, Intercom, Prayer Room and Car Parking.",NA,https://www.bdstall.com/details/aftabnagar-e-block-2500-sqft-apartment-land-share-83657/,Sale,NA,,Block - E
1800.0,Apartment,NA,3.0,3.0,2600000,"Shares of 1800 Sqft land share in Rampura Banasree M block will be sold. There is 1 car parking with a share price.,Plot: 32 Katha ( South facing),11 units on each floor,10 storey building ( Basement and G + 9),Details of the flat: 3 Beds, 3 Baths, 3 Balconies, Drawing, Dining, Kitchen.,Building Details:  Elevators, Stairs, Generator, Intercom, Prayer Room, Community Hall, Reception Room, Kids Play Zone, Rooftop Garden, Child Care Center, Badminton Court, CC Camera, Fire Safety System and Car Parking.,The share price of the land has to be paid at one time, 26 lakh Taka. Land shares will be registered in your name. The rest of the money will have to be paid according to the progress of the estimated 34 lakh works. The work will be completed in 3 years.",NA,https://www.bdstall.com/details/banasree-m-block-1800-sqft-apartment-land-share-83649/,Sale,NA,,"Block-M, Road -12."
1250.0,Apartment,NA,3.0,3.0,2000000,"Shares of 1250 square feet of land in East Rampura Nabinbagh will be sold.,Plot: 15 Katha,7 units on each floor,A total of 63 flats will be constructed in G + 9 storey building.,Details of the flat: 3 beds, 3 baths, 2 balconies, drawing, dining, kitchen.,Building Details: Elevator, Siri, Generator, CCTV Camera, Solar System, Intercom, Prayer Room, Convention Hall, Reception Room and Car Parking.,Flat distribution will be done through lottery. In that case, the top floor and the second floor will be reduced on the basis of negotiation.",NA,https://www.bdstall.com/details/east-rampura-nabinbagh-land-share-1250-sqft-apartment-71889/,Sale,NA,,"Nabinbagh , Near Banasree"
960.0,Apartment,NA,2.0,2.0,4200000,"A 960 Sqft southwest-facing ready flat for sale at Banasree near Hatirjheel.,** Titas Gas Connection**,2 units on each floor,Details of flat: 2 Beds, 2 Baths, 2 Balconies, Drawing, Dining, Kitchen.,Building Details: Lift, Stairs, Generator, Intercom and Car parking.",NA,https://www.bdstall.com/details/near-hatirjheel-banasree-ready-apartment-will-be-sale-73003/,Sale,NA,,South Banasree L Block
1050.0,Apartment,NA,0.0,3.0,1000000,"Shares of 1050 square feet of land will be sold along with Central Nandipara Central Jame Mosque adjacent to South Banasree.,Plot: 8 Katha (south-facing plot),4 units on each floor,G + 9 storey building,Details of flat: 3 bedrooms, 3/2 bathrooms, veranda, drawing, dining, kitchen.,Building Details: Elevator, Stairs, Generator, CCTV Camera, Reception Room and Car Parking, Community Hall, Driver Restroom, Security Guard Restroom.,The value of the land share will have to be paid at a time of 10 lakh taka. The land share will be registered in your name. The rest of the money is to be paid according to the progress of approximately 18 lakh works. The work will be completed in 3 years. No more costs. As a landowner, you do not have to pay any separate flat registration fee. Flat & car parking distribution through lottery. In that case, the top floor and the second floor will be reduced on the basis of negotiations.",NA,https://www.bdstall.com/details/south-banasree-1050-sqft-apartment-land-share-71861/,Sale,NA,South Banasree,
1200.0,Apartment,NA,3.0,3.0,5200000,"A ready flat of 1200 Sqft will be sold on Chittagong Bakelia Syed Shah road.,Details of flat: 3 Beds, 3 Baths, Veranda, Drawing, Dining, Kitchen.,Building Details: Elevators, Stairs, Generator, Intercom, Convention hall, Interior design, Reception room and Car parking.",NA,https://www.bdstall.com/details/chittagong-bakelia-1200-sqft-ready-apartment-74320/,Sale,Chittagong,,Bakelia Sayed Shah Road
1150.0,Apartment,NA,3.0,3.0,5500000,"An used 1150 Sqft flat on the 2nd floor will be sold at Near South Banasree Central Jame Mosque and Unity Aid Hospital.,South facing flat (20 feet north-facing building),Extensive drawing and dining,Details of the flat: 3 Beds, 3 Baths, 3 Balconies, Drawing, Dining, Kitchen.,Building Details: Elevator, Stairs, Generator, Intercom, Modern Safety, Firefighting system, Aesthetic architectural style and Car parking.",NA,https://www.bdstall.com/details/south-banasree-1150-sqft-used-apartment-sale-73304/,Sale,NA,South Banasree,
1200.0,Apartment,NA,3.0,3.0,6000000,"Chittagong Firingibazar Kotwali 1200 Sqft luxury ready flat sale,,With 100 Sqft car parking.,Details of flat: 3 Beds, 3 Baths, Veranda, Drawing, Dining, Kitchen.,Building Details:  Elevators, Stairs, Generator, Intercom, Convention Hall, Reception Room and Car Parking.",NA,https://www.bdstall.com/details/chittagong-firingibazar-1200-sqft-ready-flat-74325/,Sale,Chittagong,,Firingibazar Kotwali
1250.0,Apartment,NA,3.0,3.0,6600000,"The new flat of 1250 Sqft will be sold on the 7th floor at Sepahibag, 15 minutes away from Motijheel, the main commercial area of ​​the capital Dhaka.,South facing flat with 20 feet road,Details of the apartment: 3 beds, 3 baths, 3 balconies, drawing, dining, kitchen.,Building Details: Elevator, Stairs, Generator, Intercom, Modern Security Firefighting System, Aesthetic Architectural Style, Modern Facilities and Car Parking.",NA,https://www.bdstall.com/details/sepahibagh-1250-sqft-ready-apartment-sale-73047/,Sale,Dhaka,,Sepahibagh With Tempo Stand
1200.0,Apartment,NA,3.0,3.0,1200000,"Shares of 1200 square feet of land will be sold along North Nandipara Rasulbagh Main Road, South Banasree.,Plot: 17 Katha,8 units on each floor,G + 9 storey building,Details of flat: 3 beds, 3 baths, veranda, drawing, dining, kitchen.,Building details Elevator, Stairs, generator, CCTV camera, intercom, prayer room, convention hall, reception room, driver's lounge, security guard lounge and car parking.,The share price of the land has to be paid at one time12 lakh taka. Land shares will be registered in your name. The rest of the money will have to be paid according to the progress of the estimated 20 lakh works. Work will be completed in 3 years. Flat distribution will be through lottery. In that case, the top floor and the second floor will be reduced based on the discussion of the recipients.",NA,https://www.bdstall.com/details/south-banasree-nandipara-land-share-1200-sqft-apartment-71954/,Sale,NA,Nandipara,
1050.0,Apartment,NA,4.0,3.0,4800000,"Ready flats of 1050 sqft will be sold in the North Nandipara residential area next to the Trimohoni bus stand on Rampura-Staff Quarters Highway.,On the 6th floor, 1 ready-made flat with adequate light and air facing north-west will be for sale.,Details of flat: 3 Beds, 4 Baths, 2 Balconies, Drawing, Dining, Kitchen.,Building details: 2 Elevators, Stairs, Generator, CCTV, Intercom, Convention Hall, Reception room, Aesthetic architectural style, Modern safety & Fire fighting system and Car Parking.",NA,https://www.bdstall.com/details/khilgaon-nandipara-1050-sqft-ready-apartment-74252/,Sale,NA,,Nandipara  Khilgaon.
1365.0,Apartment,NA,0.0,0.0,9700000,"An 8 storied luxurious construction running residential buildings 1st floor 1365 square feet apartment at Tollabagh, Sukrabad, Dhanmondi, Dhaka is available for sale. The flat is designed with 3 bedrooms, 3 bathrooms, 3 verandas, 1 living room, 1 dining room, and a kitchen. A high-quality foreign-made lift and generator would be available there. The main specialties of this apartment are it is nearby Sukrabad bus stop and Mirpur road. Installment facilities are also added for buyers to purchase the flat. A bilateral deed of agreement will be signed as the legal issues between the two parties.",NA,https://www.bdstall.com/details/serinity-1365-sqft-residential-flat-at-dhanmondi-dhaka-61529/,Sale,Dhaka,Dhanmondi,"Tollabagh, Sukrabad, Dhaka -1207"
1200.0,Apartment,NA,3.0,3.0,2250000,"Shares of 1200 sqft Land will be sold in an H block in the Aftabnagar residential area.,Plot: 9.08 Katha (Corner Plot),4 units on each floor,Building G + 9,Details of the flat: 3 beds, 3 baths, 3 balconies, drawing, dining, kitchen.,Building Details: 2 Lifts, Stairs, Generator, Intercom, CCTV Camera and Car Parking.,Flat and car parking will be distributed through a lottery.",NA,https://www.bdstall.com/details/aftabnagar-land-share-1200-sqft-apartment-71943/,Sale,NA,Aftabnagar, H Block
1350.0,Apartment,NA,3.0,3.0,2500000,"Shares of 1350 Sqft will be sold at Madhubagh Magbazar along with Hatirjheel. Car parking is included with the share price.,Plot: 15 Katha,7 units on each floor,G + 9 storey building,Details of flat: 3 Beds, 3 Baths, 3/2 Veranda, Drawing, Dining, Kitchen.,Building Details: Elevator, Stairs, CCTV Camera, Generator, Intercom, Prayer Room, Convention Hall, Reception Room, Driver Waiting Room and Car Parking.",NA,https://www.bdstall.com/details/hatirjheel-modhubag-1350-sqft-apartment-land-share-71869/,Sale,NA,Modhubag,Hatirjheel
1200.0,Apartment,NA,2.0,3.0,6600000,"A used flat with a wide road on the 6th floor of a 11-storey building will be sold. The flat is located within 150 meters from the main road of Dholaipar bus stand.,North and east-facing flats,Details of flat: 3 beds, 2 baths, 2 balconies, drawing, dining, kitchen.,Building Details: 2 lifts, stairs, generator, intercom, modern security, fire fighting system, reception room, aesthetic architectural style and modern facilities.",NA,https://www.bdstall.com/details/ready-1200-sqft-flat-at-dholaipar-dhaka-73291/,Sale,NA,,Dholaipar Bus Stand
1420.0,Apartment,NA,0.0,0.0,9800000,"Sukrabad, Dhanmondi Dhaka is an 8-story luxury residential building under construction with 1420 sq ft apartment per floor. The flats in this residential building are designed with 3 bedrooms, 3 bathrooms, 3 balconies, 1 living room, 1 dining room, and a kitchen. There you will find high-quality foreign-made elevators and generators. This residential building has a total of 21 flats and is close to hospitals, educational institutions.",NA,https://www.bdstall.com/details/1420-sqft-ready-flat-at-dhanmondi-dhaka-71661/,NA,Dhaka,Dhanmondi,Sukrabadh
1050.0,Apartment,NA,0.0,3.0,5600000,"Green peace 1050 sqft fully ready flat is available for sale at Senpara Porbota, Mirpur-10, Dhaka. The total floor of this apartment is 09 and facing in the east. The building has a total of 56 flats with 2 stairs. This project is planned with two ways of entry system. There are two installment facilities is available for customers.",NA,https://www.bdstall.com/details/green-peace-1050-sqft-ready-flat-at-mirpur-10-dhaka-61837/,Sale,Dhaka,Senpara Porbota, Mirpur-10
1400.0,Apartment,NA,3.0,4.0,7500000,"A 1400 Sqft flat will be sold at Suchona Model Town in Mohammadpur Basila.,2 Units on Each Floor,10 Storey of Building ( G + 9 ),Details of flat: 4 Beds, 3 Baths, 4 Balconies, Drawing, Dining, Kitchen.,Building Details: Elevator, Stairs, Generator, CCTV  security system, Fireplace, Intercom, Reception room and Car parking.",NA,https://www.bdstall.com/details/1400-sqft-apartment-sale-at-mohammadpur-74682/,Sale,NA,Bosila,Suchona Model Town
1100.0,Apartment,NA,0.0,3.0,4900000,"Sign castle 1100 sqft 3 bed flat at Don chamber, Narayanganj is ready for sale. The apartment is 8 storied. The main road, the mosque is near the apartment and many more facilities are there. Customers can take advantage of installment and bank loan options.",NA,https://www.bdstall.com/details/sign-castle-1100-sqft-flat-at-don-chamber-narayanganj-61840/,Sale,Narayanganj,,Don Chamber Road
850.0,Apartment,NA,0.0,2.0,3500000,"Sign castle 850 sqft 2 bed on going flat is for sale at Don chamber, Narayanganj. There are 08 storied in the apartment. The apartment is close to the main road, the mosque, and many other facilities available. Customers have the choice of taking out an installment loan or a bank loan.",NA,https://www.bdstall.com/details/850-sqft-on-going-flat-sale-at-don-chamber-narayanganj-61844/,Sale,Narayanganj,,Don Chamber Road
1300.0,Apartment,NA,3.0,3.0,2500000,"Shares of 1300 sqft land will be sold in the Kunjban residential area adjacent to Eastern Banasree behind the Rampura BTV building.,Plot: 4.5 Katha,2 units on each floor,Building G + 9,Details of the flat: 3 beds, 3 baths, veranda, drawing, dining, kitchen.,Building Details: Elevator, Stairs, Generator, Intercom, Prayer Room, Convention Hall, Reception Room and Car Parking.",NA,https://www.bdstall.com/details/eastern-banasree-1300-sqft-apartment-land-share-71896/,Sale,NA,East Rampura,Kunjaban Residential Area
1134.0,Apartment,NA,2.0,3.0,6700000,"An 1134 Sqft ready flat will be sold on the 9th floor next to Mugda Biswaroad very close to Motijheel, the main commercial area of ​​the capital Dhaka.,Details of the flat: 3 beds, 2 baths, 2 balconies, drawing, dining, kitchen.,Building Details: 3 Elevators, Siri, Generator, Intercom, Prayer Room, Modern security fire extinguisher system, Aesthetic architectural style, Modern facilities and Car parking.",NA,https://www.bdstall.com/details/near-motijheel-mugda-1134-sqft-ready-apartment-sale-73041/,Sale,Dhaka,Mugda,
1800.0,Apartment,NA,4.0,4.0,8700000,"An elite area of ​​ capital Dhaka in Shantinagar Shares of 1800 Sqft of land will be sold.,3 units on each floor,10 storey building (G + 9),Details of the flat: 4 Beds, 4 Baths, 3 Balconies, Drawing, Dining, Kitchen.,Building Details: 2 Elevators, Stairs, Generator, Intercom, Sub-Station, Community Space, Roof Top Garden, Convention Hall, Reception Room and Car Parking.",NA,https://www.bdstall.com/details/shantinagar-1800-sqft-apartment-land-share-73313/,Sale,Dhaka,Shantinagar,
1250.0,Apartment,NA,3.0,3.0,5200000,"A luxurious 1250 Sqft ready flat will be sold in Mohammadpur Arshi Nagar.,4 Units on Each Floor,9 Storey of Building ( G + 8 ),Details of flat: 3 Beds, 3 Baths, 3 Balconies, Drawing, Dining, Kitchen.,Building Details: Elevator, Stairs, Generator & Substation, CCTV security system, Fireplace, Meeting rooms, Electricity, Intercom, Reception room and Car parking.",NA,https://www.bdstall.com/details/mohammadpur-1250-sqft-luxury-ready-apartment-74686/,Sale,NA,Mohammadpur,Arshi Nagar
1100.0,Apartment,NA,3.0,3.0,1000000,"Shares of 1200 sqft of land will be sold at Tamirul Millat Madrasa on the north side of Matuail Government Hospital and Muslimnagar on the west side of Rafiqul Islam School and College.,Plot: 8 Katha,4 units on each floor,Building: 10 storey basement and G + 9,Details of flat: 3 beds, 3 baths, 2/3 veranda, drawing, dining, kitchen.,Building details Lift, Stairs, generator, intercom and car parking.",NA,https://www.bdstall.com/details/demra-matuail-1100-sqft-apartment-land-share-71959/,Sale,NA,, Matuail Medical
1651.0,Apartment,NA,3.0,3.0,8000000,"A 1651 Sqft luxury ready flat for sale in Chittagong West Khulshi,,The flat has 100 Sqft of car parking.,Details of flat: 3 Beds, 3 Baths, Veranda, Drawing, Dining, Kitchen.,Building Details: 2 Elevators, Stairs, Generator, Intercom, Convention Hall, Reception Room and Car Parking.",NA,https://www.bdstall.com/details/chittagong-west-khulshi-1651-sqft-ready-flat-74306/,Sale,Chittagong,West Khulshi,1/1 Warles
1575.0,Apartment,NA,0.0,0.0,11500000,"This apartment will be a single unit and will have a 6-storey building height with a basement. It has community halls with separate prayer rooms, seating arrangements, sky court, modern elevator, and generator, indoor and outdoor for children's play. You will get 40% open space all the time.",NA,https://www.bdstall.com/details/bashundhara-south-face-1575-sft-apartment-71445/,NA,NA,Bashundhara R/A,"Plot# 710, Road# 15, Block# K"
2400.0,Apartment,NA,5.0,4.0,20000000,"Ready flat of 2400 Sqft will be sold in Chittagong Panchlaish,with one car parking.,Details of the flat: 4 Beds, 5 Baths, 3 Veranda, Drawing, Dining, Kitchen.,Building Details: Elevator, Stairs, Generator, Intercom, Reception room, Prayer room, Driver waiting room, Rooftop, Good quality materials and Car parking.",NA,https://www.bdstall.com/details/chittagong-panchlaish-2400-sqft-ready-apartment-74368/,Sale,Chittagong,Panchlaish,
1300.0,Apartment,NA,3.0,3.0,2300000,"West Rampura Ulon Road 1300 Sqft of land will be sold.,Plot: 23 Katha,A total of 90 shares,10 storey building (G + 9),Details of the flat: 3 beds, 3 baths, 2 balconies, drawing, dining, kitchen.,Building Details: Elevator, Stairs, Generator, Intercom, Community Hall, Guardroom, Gym and Car Parking.",NA,https://www.bdstall.com/details/west-rampura-ulon-road-1300-sqft-apartment-land-share-72402/,Sale,NA,,"Ulon Road, West  Rampura"
1200.0,Apartment,NA,3.0,3.0,6000000,"Almost Ready flat of 1200 Sqft will be sold on West Rampura Ulon Road.,Only 1 flat to be sold (6th Floor),Details of the flat: 3 beds, 3 baths, veranda, drawing, dining, kitchen.,Building Details: Elevator, Stairs, Generator, Intercom, Reception Room and Car Parking.",NA,https://www.bdstall.com/details/west-rampura-ulon-road-1200-sqft-apartment-sale-73007/,Sale,NA,West Rampura,Ulon Road
950.0,Apartment,NA,2.0,2.0,5000000,"Near Faraji Hospital in Banasree G block a 950 Sqft used flat for 8 years will be sold on the 3rd floor of the 7th-floor building.,** Have a valid gas connection **,Plot: 3.5 Katha (south-facing flat),2 units on each floor.,Details of flat:  2 beds, 2 baths, 2 balconies, drawing, dining, kitchen.,Building Details: Elevator, Stairs, Generator, Intercom, Reception Room and Car Parking.",NA,https://www.bdstall.com/details/banasree-g-block-950-sqft-used-apartment-sale-73533/,Sale,NA,Banasree,G Block 
1450.0,Apartment,NA,2.0,3.0,6500000,"One 1450 Sqft flat will be sold on the 4th floor of the South Banasree 6th floor building adjacent to Hatirjheel, the heart of the capital Dhaka.,North facing flat (20 feet south-facing building),Details of flat: 3 beds, 2 baths, 2 balconies, drawing, dining, kitchen.,Building Details: Attractive interior design, Elevator, Stairs, Generator, Reception room.",NA,https://www.bdstall.com/details/south-banasree-1450-sqft-ready-apartment-sale-73010/,Sale,Dhaka,,South Banasree B Block
1300.0,Apartment,NA,3.0,3.0,6500000,"Ready flats of 1300 Sqft will be sold in the Chittagong Chawkbazar area.,Details of flat: 3 Beds, 3 Baths, Veranda, Drawing, Dining, Kitchen.,Building Details: Elevators, Stairs, Generator, Intercom, Convention Hall, Reception Room and Car Parking.",NA,https://www.bdstall.com/details/chittagong-chawkbazar-1300-sqft-ready-apartment-74317/,Sale,Chittagong,Chawkbazar,
1400.0,Apartment,NA,3.0,3.0,1800000,"Shares of 1400 sqft flats and 100 sqft shops will be sold along the Rampura Staff Quarters Highway opposite the Banasree Meradia M block. There is 1 car parking with a share price.,Plot: 85 Katha,Total 403 flats,Building 17 storeys (basement and G + 16),Details of the flat: 3 beds, 3 baths, 2/3 veranda, drawing, dining, kitchen.,Building Details: Elevator, Stairs Generator, Gymnasium, Swimming Pool, Mosque, Gas, Electricity & All-Time Security, Sophisticated Market, Library, Spacious Community Space, Reception Room & Car Parking.",NA,https://www.bdstall.com/details/banasree-commercial-residential-land-shares-71962/,Sale,NA,Rampura,Banasree M Block
2150.0,Apartment,NA,4.0,4.0,16500000,"Ready flats  2150 Sqft will be sold in the F-block of Bashundhara, one of the main attractions of Dhaka.,Plot: 4 Katha,Details of flat: 4 Beds, 4 Baths, 3 Balconies, Drawing, Dining, Kitchen.,Building details:  Elevator, Stairs, Generator, Intercom, Security, Reception Room and Car Parking.",NA,https://www.bdstall.com/details/bashundhara-f-block-2150-sqft-ready-flat-74166/,Sale,Dhaka,,F Block
1430.0,Apartment,NA,3.0,0.0,7000000,"A ready flat of 1430 Sqft will be sold in Chittagong Chandanpur.,Details of flat: 3 Beds, 3 Baths, Veranda, Drawing, Dining, Kitchen.,Building Details: Elevators, Stairs, Generator, Intercom, Convention hall, Reception room and Car parking.",NA,https://www.bdstall.com/details/chittagong-chandanpur-1430-sqft-ready-apartment-74387/,Sale,Chittagong,Chandanpur,
1350.0,Apartment,NA,3.0,3.0,1550000,"Shares of 1350 sqft of land will be sold at Green Model Town, Mugda near Motijheel, the main commercial area of ​​the capital.,Plot: 9.92 Katha (Corner Plot),4 units on each floor,10 storey building (basement and G + 9),Details of the flat: 3 beds, 3 bathrooms, 3 verandas, drawing, dining, kitchen.,Building Details: Elevator, Stairs, CCTV Camera, Generator, Reception Room and Car Parking.,The share price of the land has to be paid at one time 15 lakh fifty thousand takas. Land shares will be registered in your name. The rest of the money will have to be paid according to the progress of the estimated 22 lakh works. The work will be completed in 2.5 years. Flats and parking will be distributed through a lottery.",NA,https://www.bdstall.com/details/near-motijheel-1350-sqft-apartment-land-share-71886/,Sale,NA,Mugda,Green Model Town
1800.0,Apartment,NA,4.0,4.0,10000000,"Near Faraji Hospital in Banasree G Block, an 1800 Sqft 8-year used flat will be sold on the 3rd floor of the 7th-floor building.,** Have Valid Gas Connection**,Plot: 3.5 Katha (South facing flat ),2 units on each floor,Details of the flat: 4 Beds, 4 Baths, 3 Balconies, Drawing, Dining, Kitchen.,Building Details:  Elevators, Stairs, Generator, Intercom, Convention Hall, Reception Room and Car Parking.",NA,https://www.bdstall.com/details/banasree-near-faraji-hospital-1800-sqft-used-apartment-73665/,Sale,NA,,G Block
1650.0,Apartment,NA,3.0,3.0,10200000,"A ready flat on the 7th floor of 1650 Sqft with interior decoration will be sold in Chittagong  Askardighi.,Details of the flat: 3 Beds, 3 Baths, Veranda, Drawing, Dining, Kitchen.,Building Details: Elevator, Stairs, Generator, Intercom, Reception room and Car parking.",NA,https://www.bdstall.com/details/chittagong-askardighi-1650-sqft-nice-ready-flat-74373/,Sale,Chittagong,,Askardighi.
